threshold,alpha,beta,success_rate,avg_latency,avg_energy_consumption,true_positive,true_negative,false_positive,false_negative,f1
0.1,0.1,0.1,0.9575,24.198968454479267,1288909.0236134776,6579,5,17005,36,0.43570979171495744
0.1,0.1,0.2,0.9625,24.568758506044144,1290717.207245477,6586,9,16929,1,0.43757889841206565
0.1,0.1,0.30000000000000004,0.96,24.45169016814908,1294737.240029477,6600,202,16772,1,0.44039635672104893
0.1,0.1,0.4,0.95875,24.45970536874491,1288827.2834934774,6607,3826,13166,1,0.5008907926158978
0.1,0.1,0.5,0.95875,24.45970536874491,1288827.2834934774,6607,0,16992,1,0.43744827357897176
0.1,0.1,0.6,0.95875,24.45970536874491,1288827.2834934774,6607,0,16992,1,0.43744827357897176
0.1,0.1,0.7000000000000001,0.95875,24.45970536874491,1288827.2834934774,6607,0,16992,1,0.43744827357897176
0.1,0.1,0.8,0.95875,24.48930119664582,1288860.5634934772,6607,0,16992,1,0.43744827357897176
0.1,0.1,0.9,0.95875,24.48930119664582,1288860.5634934772,6607,0,16992,1,0.43744827357897176
0.1,0.1,1.0,0.95875,24.50289147091155,1286634.694565477,6607,0,16992,1,0.43744827357897176
0.1,0.2,0.1,0.96,24.45169016814908,1294737.240029477,6564,1,16973,37,0.43559625721680273
0.1,0.2,0.2,0.9575,24.198968454479267,1288909.0236134776,6579,5,17005,36,0.43570979171495744
0.1,0.2,0.30000000000000004,0.95125,24.01304856352078,1288860.5265654773,4526,4,17096,2124,0.3201754385964912
0.1,0.2,0.4,0.9625,24.568758506044144,1290717.207245477,6586,9,16929,1,0.43757889841206565
0.1,0.2,0.5,0.96,24.45169016814908,1294737.240029477,6600,15,16959,1,0.4376657824933687
0.1,0.2,0.6,0.96,24.45169016814908,1294737.240029477,6600,202,16772,1,0.44039635672104893
0.1,0.2,0.7000000000000001,0.96125,24.4669595014697,1294372.496381477,6593,6203,10753,1,0.5507936507936508
0.1,0.2,0.8,0.95875,24.45970536874491,1288827.2834934774,6607,3826,13166,1,0.5008907926158978
0.1,0.2,0.9,0.95875,24.45970536874491,1288827.2834934774,6607,295,16697,1,0.4417625033431399
0.1,0.2,1.0,0.95875,24.45970536874491,1288827.2834934774,6607,0,16992,1,0.43744827357897176
0.1,0.30000000000000004,0.1,0.95625,24.2500806288789,1286394.760605477,6531,2,17026,91,0.4328175221180291
0.1,0.30000000000000004,0.2,0.9575,24.220818573868907,1286679.6683974771,6571,1,17009,44,0.43523762212286804
0.1,0.30000000000000004,0.30000000000000004,0.9575,24.198968454479267,1288909.0236134776,6579,5,17005,36,0.43570979171495744
0.1,0.30000000000000004,0.4,0.96,24.45169016814908,1294737.240029477,6588,1,16973,13,0.4368410582852596
0.1,0.30000000000000004,0.5,0.95375,24.095852158216903,1278686.652753478,3270,9,17055,3366,0.24257260487370647
0.1,0.30000000000000004,0.6,0.9625,24.568758506044144,1290717.207245477,6586,9,16929,1,0.43757889841206565
0.1,0.30000000000000004,0.7000000000000001,0.96,24.45169016814908,1294737.240029477,6600,16,16958,1,0.4376802944394708
0.1,0.30000000000000004,0.8,0.96,24.45169016814908,1294737.240029477,6600,37,16937,1,0.43798526776826596
0.1,0.30000000000000004,0.9,0.96,24.45169016814908,1294737.240029477,6600,202,16772,1,0.44039635672104893
0.1,0.30000000000000004,1.0,0.96125,24.4669595014697,1294372.496381477,6593,4343,12613,1,0.5110852713178294
0.1,0.4,0.1,0.96,24.45169016814908,1294737.240029477,6545,3,16971,56,0.4346382441810273
0.1,0.4,0.2,0.96,24.45169016814908,1294737.240029477,6564,1,16973,37,0.43559625721680273
0.1,0.4,0.30000000000000004,0.95375,24.095852158216903,1278686.652753478,6528,1,17063,108,0.431931716677143
0.1,0.4,0.4,0.9575,24.198968454479267,1288909.0236134776,6579,5,17005,36,0.43570979171495744
0.1,0.4,0.5,0.9625,24.515282677731296,1292584.3764774771,6572,1,16937,15,0.436735778841042
0.1,0.4,0.6,0.95125,24.01304856352078,1288860.5265654773,4526,4,17096,2124,0.3201754385964912
0.1,0.4,0.7000000000000001,0.95125,24.01304856352078,1288860.5265654773,5731,7,17093,919,0.38888511908800977
0.1,0.4,0.8,0.9625,24.568758506044144,1290717.207245477,6586,9,16929,1,0.43757889841206565
0.1,0.4,0.9,0.96,24.45169016814908,1294737.240029477,6600,11,16963,1,0.4376077443309906
0.1,0.4,1.0,0.96,24.45169016814908,1294737.240029477,6600,15,16959,1,0.4376657824933687
0.1,0.5,0.1,0.96,24.45169016814908,1294737.240029477,6549,3,16971,52,0.4348461206467249
0.1,0.5,0.2,0.96,24.45169016814908,1294737.240029477,6523,2,16972,78,0.4334795321637427
0.1,0.5,0.30000000000000004,0.95375,24.095852158216903,1278686.652753478,6599,1,17063,37,0.4356063106475675
0.1,0.5,0.4,0.95375,24.095852158216903,1278686.652753478,6506,2,17062,130,0.43080386703747847
0.1,0.5,0.5,0.9575,24.198968454479267,1288909.0236134776,6579,5,17005,36,0.43570979171495744
0.1,0.5,0.6,0.96,24.45169016814908,1294737.240029477,6581,1,16973,20,0.43647819598739845
0.1,0.5,0.7000000000000001,0.96,24.45169016814908,1294737.240029477,6585,3,16971,16,0.43671452730709287
0.1,0.5,0.8,0.95,24.172190202942524,1285998.393085478,3490,9,17109,3167,0.25609040211329615
0.1,0.5,0.9,0.95875,24.43053612939698,1288303.7958134771,6088,6,16986,520,0.410214945084563
0.1,0.5,1.0,0.9625,24.568758506044144,1290717.207245477,6586,9,16929,1,0.43757889841206565
0.1,0.6,0.1,0.96,24.45169016814908,1294737.240029477,6549,3,16971,52,0.4348461206467249
0.1,0.6,0.2,0.95625,24.2500806288789,1286394.760605477,6531,2,17026,91,0.4328175221180291
0.1,0.6,0.30000000000000004,0.96,24.45169016814908,1294737.240029477,6564,1,16973,37,0.43559625721680273
0.1,0.6,0.4,0.9575,24.220818573868907,1286679.6683974771,6571,1,17009,44,0.43523762212286804
0.1,0.6,0.5,0.95375,24.095852158216903,1278686.652753478,6520,2,17062,116,0.4315308756370375
0.1,0.6,0.6,0.9575,24.198968454479267,1288909.0236134776,6579,5,17005,36,0.43570979171495744
0.1,0.6,0.7000000000000001,0.96,24.433455977889793,1296840.656157477,6577,3,16971,24,0.43629971143321505
0.1,0.6,0.8,0.96,24.45169016814908,1294737.240029477,6588,1,16973,13,0.4368410582852596
0.1,0.6,0.9,0.95125,24.01304856352078,1288860.5265654773,4526,4,17096,2124,0.3201754385964912
0.1,0.6,1.0,0.95375,24.095852158216903,1278686.652753478,3270,9,17055,3366,0.24257260487370647
0.1,0.7000000000000001,0.1,0.96,24.45169016814908,1294737.240029477,6552,3,16971,49,0.4350019917673616
0.1,0.7000000000000001,0.2,0.96,24.45169016814908,1294737.240029477,6533,2,16972,68,0.43399986713611904
0.1,0.7000000000000001,0.30000000000000004,0.95625,24.25365361362835,1286268.821517477,6568,2,17026,54,0.43473656341011385
0.1,0.7000000000000001,0.4,0.95375,24.119312184429216,1277886.8123334781,6601,1,17063,35,0.4357095709570957
0.1,0.7000000000000001,0.5,0.95375,24.095852158216903,1278686.652753478,6580,1,17063,56,0.43462465735328115
0.1,0.7000000000000001,0.6,0.9625,24.539277986563626,1290683.927245477,6474,2,16936,113,0.4316431643164316
0.1,0.7000000000000001,0.7000000000000001,0.9575,24.198968454479267,1288909.0236134776,6579,5,17005,36,0.43570979171495744
0.1,0.7000000000000001,0.8,0.9625,24.500477482926097,1292272.056477477,6570,5,16933,17,0.43668993020937186
0.1,0.7000000000000001,0.9,0.95875,24.43053612939698,1288303.7958134771,6595,0,16992,13,0.43682728928630565
0.1,0.7000000000000001,1.0,0.95,24.172190202942524,1284718.648413478,6618,3,17115,39,0.435538005923001
0.1,0.8,0.1,0.96,24.45169016814908,1294737.240029477,6548,3,16971,53,0.4347941567065073
0.1,0.8,0.2,0.96,24.45169016814908,1294737.240029477,6545,3,16971,56,0.4346382441810273
0.1,0.8,0.30000000000000004,0.96,24.45169016814908,1294737.240029477,6515,2,16972,86,0.43306301515554374
0.1,0.8,0.4,0.96,24.45169016814908,1294737.240029477,6564,1,16973,37,0.43559625721680273
0.1,0.8,0.5,0.96,24.45169016814908,1294737.240029477,6560,1,16973,41,0.4353885975973983
0.1,0.8,0.6,0.95375,24.095852158216903,1278686.652753478,6528,1,17063,108,0.431931716677143
0.1,0.8,0.7000000000000001,0.9575,24.217250253590407,1286805.607485477,6506,3,17007,109,0.4318906001062135
0.1,0.8,0.8,0.9575,24.198968454479267,1288909.0236134776,6579,5,17005,36,0.43570979171495744
0.1,0.8,0.9,0.9625,24.500477482926097,1292272.056477477,6563,3,16935,24,0.4362971580521855
0.1,0.8,1.0,0.9625,24.48229065419995,1294375.472605477,6572,1,16937,15,0.436735778841042
0.1,0.9,0.1,0.95125,24.192754411317463,1276709.4140814776,6596,2,17098,54,0.4347482204060111
0.1,0.9,0.2,0.96,24.45169016814908,1294737.240029477,6545,3,16971,56,0.4346382441810273
0.1,0.9,0.30000000000000004,0.95625,24.2500806288789,1286394.760605477,6531,2,17026,91,0.4328175221180291
0.1,0.9,0.4,0.95625,24.25365361362835,1286268.821517477,6577,2,17026,45,0.43520264681555004
0.1,0.9,0.5,0.95375,24.119312184429216,1277886.8123334781,6600,1,17063,36,0.43565794250635337
0.1,0.9,0.6,0.9575,24.220818573868907,1286679.6683974771,6571,1,17009,44,0.43523762212286804
0.1,0.9,0.7000000000000001,0.95375,24.095852158216903,1278686.652753478,6501,2,17062,135,0.4305440577502566
0.1,0.9,0.8,0.9575,24.217250253590407,1286805.607485477,6523,3,17007,92,0.4327749212141317
0.1,0.9,0.9,0.9625,24.500477482926097,1292272.056477477,6551,5,16933,36,0.43570217152738516
0.1,0.9,1.0,0.96,24.45169016814908,1294737.240029477,6576,3,16971,25,0.43624784396974925
0.1,1.0,0.1,0.95125,24.192754411317463,1276709.4140814776,6597,2,17098,53,0.43479980227385073
0.1,1.0,0.2,0.96,24.45169016814908,1294737.240029477,6549,3,16971,52,0.4348461206467249
0.1,1.0,0.30000000000000004,0.96,24.45169016814908,1294737.240029477,6531,2,16972,70,0.4338958277969705
0.1,1.0,0.4,0.96,24.45169016814908,1294737.240029477,6523,2,16972,78,0.4334795321637427
0.1,1.0,0.5,0.9575,24.220818573868907,1286679.6683974771,6578,2,17008,37,0.4356147147445449
0.1,1.0,0.6,0.96,24.45169016814908,1294737.240029477,6564,1,16973,37,0.43559625721680273
0.1,1.0,0.7000000000000001,0.95375,24.095852158216903,1278686.652753478,6584,1,17063,52,0.4348314235709804
0.1,1.0,0.8,0.95375,24.095852158216903,1278686.652753478,6506,2,17062,130,0.43080386703747847
0.1,1.0,0.9,0.9625,24.539277986563626,1290683.927245477,6527,3,16935,60,0.4344237745016473
0.1,1.0,1.0,0.9575,24.198968454479267,1288909.0236134776,6578,5,17005,37,0.43565799059540367
0.2,0.1,0.1,0.9575,24.198968454479267,1288909.0236134776,6548,9,17001,67,0.43415992573929185
0.2,0.1,0.2,0.9625,24.568758506044144,1290717.207245477,6586,17,16921,1,0.4376952216388649
0.2,0.1,0.30000000000000004,0.96,24.45169016814908,1294737.240029477,6600,2110,14864,1,0.47033671833244256
0.2,0.1,0.4,0.95875,24.45970536874491,1288827.2834934774,6607,7938,9054,1,0.5933809331357492
0.2,0.1,0.5,0.95875,24.45970536874491,1288827.2834934774,6607,927,16065,1,0.45129781420765025
0.2,0.1,0.6,0.95875,24.45970536874491,1288827.2834934774,6607,0,16992,1,0.43744827357897176
0.2,0.1,0.7000000000000001,0.95875,24.45970536874491,1288827.2834934774,6607,0,16992,1,0.43744827357897176
0.2,0.1,0.8,0.95875,24.48930119664582,1288860.5634934772,6607,0,16992,1,0.43744827357897176
0.2,0.1,0.9,0.95875,24.48930119664582,1288860.5634934772,6607,0,16992,1,0.43744827357897176
0.2,0.1,1.0,0.95875,24.50289147091155,1286634.694565477,6607,0,16992,1,0.43744827357897176
0.2,0.2,0.1,0.96,24.45169016814908,1294737.240029477,6512,4,16970,89,0.4329355449921883
0.2,0.2,0.2,0.9575,24.198968454479267,1288909.0236134776,6548,9,17001,67,0.43415992573929185
0.2,0.2,0.30000000000000004,0.95125,24.01304856352078,1288860.5265654773,3473,10,17090,3177,0.25524565465035093
0.2,0.2,0.4,0.9625,24.568758506044144,1290717.207245477,6586,17,16921,1,0.4376952216388649
0.2,0.2,0.5,0.96,24.45169016814908,1294737.240029477,6600,55,16919,1,0.43824701195219123
0.2,0.2,0.6,0.96,24.45169016814908,1294737.240029477,6600,2110,14864,1,0.47033671833244256
0.2,0.2,0.7000000000000001,0.96125,24.4669595014697,1294372.496381477,6593,7901,9055,1,0.5928423702904415
0.2,0.2,0.8,0.95875,24.45970536874491,1288827.2834934774,6607,7938,9054,1,0.5933809331357492
0.2,0.2,0.9,0.95875,24.45970536874491,1288827.2834934774,6607,4705,12287,1,0.5181554387891146
0.2,0.2,1.0,0.95875,24.45970536874491,1288827.2834934774,6607,927,16065,1,0.45129781420765025
0.2,0.30000000000000004,0.1,0.95625,24.2500806288789,1286394.760605477,6478,4,17024,144,0.4300889656088169
0.2,0.30000000000000004,0.2,0.9575,24.220818573868907,1286679.6683974771,6452,4,17006,163,0.4290892162404815
0.2,0.30000000000000004,0.30000000000000004,0.9575,24.198968454479267,1288909.0236134776,6548,9,17001,67,0.43415992573929185
0.2,0.30000000000000004,0.4,0.96,24.45169016814908,1294737.240029477,6243,7,16967,358,0.41883868370735633
0.2,0.30000000000000004,0.5,0.95375,24.095852158216903,1278686.652753478,3140,10,17054,3496,0.2340663436451733
0.2,0.30000000000000004,0.6,0.9625,24.568758506044144,1290717.207245477,6586,17,16921,1,0.4376952216388649
0.2,0.30000000000000004,0.7000000000000001,0.96,24.45169016814908,1294737.240029477,6600,31,16943,1,0.43789808917197454
0.2,0.30000000000000004,0.8,0.96,24.45169016814908,1294737.240029477,6600,102,16872,1,0.4389319322980747
0.2,0.30000000000000004,0.9,0.96,24.45169016814908,1294737.240029477,6600,2110,14864,1,0.47033671833244256
0.2,0.30000000000000004,1.0,0.96125,24.4669595014697,1294372.496381477,6593,6870,10086,1,0.5665792978988528
0.2,0.4,0.1,0.96,24.45169016814908,1294737.240029477,6471,4,16970,130,0.43079688436189334
0.2,0.4,0.2,0.96,24.45169016814908,1294737.240029477,6512,4,16970,89,0.4329355449921883
0.2,0.4,0.30000000000000004,0.95375,24.095852158216903,1278686.652753478,6451,4,17060,185,0.42796961555046936
0.2,0.4,0.4,0.9575,24.198968454479267,1288909.0236134776,6548,9,17001,67,0.43415992573929185
0.2,0.4,0.5,0.9625,24.515282677731296,1292584.3764774771,6533,7,16931,54,0.4347941832218562
0.2,0.4,0.6,0.95125,24.01304856352078,1288860.5265654773,3473,10,17090,3177,0.25524565465035093
0.2,0.4,0.7000000000000001,0.95125,24.01304856352078,1288860.5265654773,3386,11,17089,3264,0.2496589861751152
0.2,0.4,0.8,0.9625,24.568758506044144,1290717.207245477,6586,17,16921,1,0.4376952216388649
0.2,0.4,0.9,0.96,24.45169016814908,1294737.240029477,6600,24,16950,1,0.43779642466253194
0.2,0.4,1.0,0.96,24.45169016814908,1294737.240029477,6600,55,16919,1,0.43824701195219123
0.2,0.5,0.1,0.96,24.45169016814908,1294737.240029477,6491,4,16970,110,0.43184086221808266
0.2,0.5,0.2,0.96,24.45169016814908,1294737.240029477,6465,4,16970,136,0.43048341989612465
0.2,0.5,0.30000000000000004,0.95375,24.095852158216903,1278686.652753478,6537,4,17060,99,0.43244137201071675
0.2,0.5,0.4,0.95375,24.095852158216903,1278686.652753478,6467,4,17060,169,0.42880350097801945
0.2,0.5,0.5,0.9575,24.198968454479267,1288909.0236134776,6548,9,17001,67,0.43415992573929185
0.2,0.5,0.6,0.96,24.45169016814908,1294737.240029477,6537,8,16966,64,0.43429444592080785
0.2,0.5,0.7000000000000001,0.96,24.45169016814908,1294737.240029477,3862,10,16964,2739,0.28162030116308745
0.2,0.5,0.8,0.95,24.172190202942524,1285998.393085478,3369,9,17109,3288,0.24831398562741847
0.2,0.5,0.9,0.95875,24.43053612939698,1288303.7958134771,4071,15,16977,2537,0.2944026612669945
0.2,0.5,1.0,0.9625,24.568758506044144,1290717.207245477,6586,17,16921,1,0.4376952216388649
0.2,0.6,0.1,0.96,24.45169016814908,1294737.240029477,6504,4,16970,97,0.4325187032418953
0.2,0.6,0.2,0.95625,24.2500806288789,1286394.760605477,6478,4,17024,144,0.4300889656088169
0.2,0.6,0.30000000000000004,0.96,24.45169016814908,1294737.240029477,6512,4,16970,89,0.4329355449921883
0.2,0.6,0.4,0.9575,24.220818573868907,1286679.6683974771,6452,4,17006,163,0.4290892162404815
0.2,0.6,0.5,0.95375,24.095852158216903,1278686.652753478,6475,6,17058,161,0.42924856640922804
0.2,0.6,0.6,0.9575,24.198968454479267,1288909.0236134776,6548,9,17001,67,0.43415992573929185
0.2,0.6,0.7000000000000001,0.96,24.433455977889793,1296840.656157477,6534,7,16967,67,0.4341239784731912
0.2,0.6,0.8,0.96,24.45169016814908,1294737.240029477,6243,7,16967,358,0.41883868370735633
0.2,0.6,0.9,0.95125,24.01304856352078,1288860.5265654773,3473,10,17090,3177,0.25524565465035093
0.2,0.6,1.0,0.95375,24.095852158216903,1278686.652753478,3140,10,17054,3496,0.2340663436451733
0.2,0.7000000000000001,0.1,0.96,24.45169016814908,1294737.240029477,6505,4,16970,96,0.43257082058784413
0.2,0.7000000000000001,0.2,0.96,24.45169016814908,1294737.240029477,6453,4,16970,148,0.42985611510791366
0.2,0.7000000000000001,0.30000000000000004,0.95625,24.25365361362835,1286268.821517477,6495,4,17024,127,0.43097442022494276
0.2,0.7000000000000001,0.4,0.95375,24.119312184429216,1277886.8123334781,6546,3,17061,90,0.43289356214661245
0.2,0.7000000000000001,0.5,0.95375,24.095852158216903,1278686.652753478,6440,4,17060,196,0.4273958056809132
0.2,0.7000000000000001,0.6,0.9625,24.539277986563626,1290683.927245477,6417,7,16931,170,0.42872891264406215
0.2,0.7000000000000001,0.7000000000000001,0.9575,24.198968454479267,1288909.0236134776,6548,9,17001,67,0.43415992573929185
0.2,0.7000000000000001,0.8,0.9625,24.500477482926097,1292272.056477477,6536,8,16930,51,0.4349648953515456
0.2,0.7000000000000001,0.9,0.95875,24.43053612939698,1288303.7958134771,6562,7,16985,46,0.43521804012601556
0.2,0.7000000000000001,1.0,0.95,24.172190202942524,1284718.648413478,3517,10,17108,3140,0.2578256726046477
0.2,0.8,0.1,0.96,24.45169016814908,1294737.240029477,6506,4,16970,95,0.4326229344681983
0.2,0.8,0.2,0.96,24.45169016814908,1294737.240029477,6471,4,16970,130,0.43079688436189334
0.2,0.8,0.30000000000000004,0.96,24.45169016814908,1294737.240029477,6453,4,16970,148,0.42985611510791366
0.2,0.8,0.4,0.96,24.45169016814908,1294737.240029477,6512,4,16970,89,0.4329355449921883
0.2,0.8,0.5,0.96,24.45169016814908,1294737.240029477,6497,4,16970,104,0.43215378475455635
0.2,0.8,0.6,0.95375,24.095852158216903,1278686.652753478,6451,4,17060,185,0.42796961555046936
0.2,0.8,0.7000000000000001,0.9575,24.217250253590407,1286805.607485477,6451,7,17003,164,0.42907978316538625
0.2,0.8,0.8,0.9575,24.198968454479267,1288909.0236134776,6550,9,17001,65,0.43426374063515216
0.2,0.8,0.9,0.9625,24.500477482926097,1292272.056477477,6536,8,16930,51,0.4349648953515456
0.2,0.8,1.0,0.9625,24.48229065419995,1294375.472605477,6533,7,16931,54,0.4347941832218562
0.2,0.9,0.1,0.95125,24.192754411317463,1276709.4140814776,6558,4,17096,92,0.4328141499472017
0.2,0.9,0.2,0.96,24.45169016814908,1294737.240029477,6485,4,16970,116,0.4315278147458078
0.2,0.9,0.30000000000000004,0.95625,24.2500806288789,1286394.760605477,6478,4,17024,144,0.4300889656088169
0.2,0.9,0.4,0.95625,24.25365361362835,1286268.821517477,6501,4,17024,121,0.4312866951935516
0.2,0.9,0.5,0.95375,24.119312184429216,1277886.8123334781,6545,3,17061,91,0.4328417432709477
0.2,0.9,0.6,0.9575,24.220818573868907,1286679.6683974771,6452,4,17006,163,0.4290892162404815
0.2,0.9,0.7000000000000001,0.95375,24.095852158216903,1278686.652753478,6463,5,17059,173,0.42860932422574444
0.2,0.9,0.8,0.9575,24.217250253590407,1286805.607485477,6459,7,17003,156,0.4294976227682282
0.2,0.9,0.9,0.9625,24.500477482926097,1292272.056477477,6524,9,16929,63,0.4343541944074567
0.2,0.9,1.0,0.96,24.45169016814908,1294737.240029477,6550,8,16966,51,0.43497028256466447
0.2,1.0,0.1,0.95125,24.192754411317463,1276709.4140814776,6558,4,17096,92,0.4328141499472017
0.2,1.0,0.2,0.96,24.45169016814908,1294737.240029477,6491,4,16970,110,0.43184086221808266
0.2,1.0,0.30000000000000004,0.96,24.45169016814908,1294737.240029477,6456,4,16970,145,0.43001298831052054
0.2,1.0,0.4,0.96,24.45169016814908,1294737.240029477,6465,4,16970,136,0.43048341989612465
0.2,1.0,0.5,0.9575,24.220818573868907,1286679.6683974771,6526,4,17006,89,0.4329452350150927
0.2,1.0,0.6,0.96,24.45169016814908,1294737.240029477,6502,4,16970,99,0.43241445815183055
0.2,1.0,0.7000000000000001,0.95375,24.095852158216903,1278686.652753478,6439,5,17059,197,0.4273578018185438
0.2,1.0,0.8,0.95375,24.095852158216903,1278686.652753478,6470,5,17059,166,0.428973976462788
0.2,1.0,0.9,0.9625,24.539277986563626,1290683.927245477,6445,6,16932,142,0.4301828861300227
0.2,1.0,1.0,0.9575,24.198968454479267,1288909.0236134776,6553,7,17003,62,0.43439064001856087
0.30000000000000004,0.1,0.1,0.9575,24.198968454479267,1288909.0236134776,6471,11,16999,144,0.43018115339870366
0.30000000000000004,0.1,0.2,0.9625,24.568758506044144,1290717.207245477,5630,28,16910,957,0.38658289559515224
0.30000000000000004,0.1,0.30000000000000004,0.96,24.45169016814908,1294737.240029477,6600,5793,11181,1,0.541382987449758
0.30000000000000004,0.1,0.4,0.95875,24.45970536874491,1288827.2834934774,6607,8034,8958,1,0.5959500293149326
0.30000000000000004,0.1,0.5,0.95875,24.45970536874491,1288827.2834934774,6607,7029,9963,1,0.5701095866770213
0.30000000000000004,0.1,0.6,0.95875,24.45970536874491,1288827.2834934774,6607,992,16000,1,0.45230189970905355
0.30000000000000004,0.1,0.7000000000000001,0.95875,24.45970536874491,1288827.2834934774,6607,0,16992,1,0.43744827357897176
0.30000000000000004,0.1,0.8,0.95875,24.48930119664582,1288860.5634934772,6607,0,16992,1,0.43744827357897176
0.30000000000000004,0.1,0.9,0.95875,24.48930119664582,1288860.5634934772,6607,0,16992,1,0.43744827357897176
0.30000000000000004,0.1,1.0,0.95875,24.50289147091155,1286634.694565477,6607,0,16992,1,0.43744827357897176
0.30000000000000004,0.2,0.1,0.96,24.45169016814908,1294737.240029477,6436,6,16968,165,0.428995167472088
0.30000000000000004,0.2,0.2,0.9575,24.198968454479267,1288909.0236134776,6471,11,16999,144,0.43018115339870366
0.30000000000000004,0.2,0.30000000000000004,0.95125,24.01304856352078,1288860.5265654773,3351,13,17087,3299,0.2474158298877732
0.30000000000000004,0.2,0.4,0.9625,24.568758506044144,1290717.207245477,5630,28,16910,957,0.38658289559515224
0.30000000000000004,0.2,0.5,0.96,24.45169016814908,1294737.240029477,6600,152,16822,1,0.43966292509076377
0.30000000000000004,0.2,0.6,0.96,24.45169016814908,1294737.240029477,6600,5793,11181,1,0.541382987449758
0.30000000000000004,0.2,0.7000000000000001,0.96125,24.4669595014697,1294372.496381477,6593,8023,8933,1,0.5961121157323689
0.30000000000000004,0.2,0.8,0.95875,24.45970536874491,1288827.2834934774,6607,8034,8958,1,0.5959500293149326
0.30000000000000004,0.2,0.9,0.95875,24.45970536874491,1288827.2834934774,6607,8015,8977,1,0.5954397981254506
0.30000000000000004,0.2,1.0,0.95875,24.45970536874491,1288827.2834934774,6607,7029,9963,1,0.5701095866770213
0.30000000000000004,0.30000000000000004,0.1,0.95625,24.2500806288789,1286394.760605477,6435,5,17023,187,0.4278590425531915
0.30000000000000004,0.30000000000000004,0.2,0.9575,24.220818573868907,1286679.6683974771,6378,9,17001,237,0.4252850570114023
0.30000000000000004,0.30000000000000004,0.30000000000000004,0.9575,24.198968454479267,1288909.0236134776,6471,11,16999,144,0.43018115339870366
0.30000000000000004,0.30000000000000004,0.4,0.96,24.45169016814908,1294737.240029477,3209,15,16959,3392,0.239754940416153
0.30000000000000004,0.30000000000000004,0.5,0.95375,24.095852158216903,1278686.652753478,3132,19,17045,3504,0.23361802110916347
0.30000000000000004,0.30000000000000004,0.6,0.9625,24.568758506044144,1290717.207245477,5630,28,16910,957,0.38658289559515224
0.30000000000000004,0.30000000000000004,0.7000000000000001,0.96,24.45169016814908,1294737.240029477,6600,69,16905,1,0.43845080714807677
0.30000000000000004,0.30000000000000004,0.8,0.96,24.45169016814908,1294737.240029477,6600,1067,15907,1,0.4534835783976914
0.30000000000000004,0.30000000000000004,0.9,0.96,24.45169016814908,1294737.240029477,6600,5793,11181,1,0.541382987449758
0.30000000000000004,0.30000000000000004,1.0,0.96125,24.4669595014697,1294372.496381477,6593,8024,8932,1,0.5961390659613907
0.30000000000000004,0.4,0.1,0.96,24.45169016814908,1294737.240029477,6416,5,16969,185,0.4279330354165277
0.30000000000000004,0.4,0.2,0.96,24.45169016814908,1294737.240029477,6436,6,16968,165,0.428995167472088
0.30000000000000004,0.4,0.30000000000000004,0.95375,24.095852158216903,1278686.652753478,6410,12,17052,226,0.4259419230513655
0.30000000000000004,0.4,0.4,0.9575,24.198968454479267,1288909.0236134776,6471,11,16999,144,0.43018115339870366
0.30000000000000004,0.4,0.5,0.9625,24.515282677731296,1292584.3764774771,4408,13,16925,2179,0.3157593123209169
0.30000000000000004,0.4,0.6,0.95125,24.01304856352078,1288860.5265654773,3351,13,17087,3299,0.2474158298877732
0.30000000000000004,0.4,0.7000000000000001,0.95125,24.01304856352078,1288860.5265654773,3374,20,17080,3276,0.24896694214876033
0.30000000000000004,0.4,0.8,0.9625,24.568758506044144,1290717.207245477,5630,28,16910,957,0.38658289559515224
0.30000000000000004,0.4,0.9,0.96,24.45169016814908,1294737.240029477,6600,66,16908,1,0.4384071207944468
0.30000000000000004,0.4,1.0,0.96,24.45169016814908,1294737.240029477,6600,152,16822,1,0.43966292509076377
0.30000000000000004,0.5,0.1,0.96,24.45169016814908,1294737.240029477,6409,5,16969,192,0.4275659628406551
0.30000000000000004,0.5,0.2,0.96,24.45169016814908,1294737.240029477,6412,6,16968,189,0.4277375671258464
0.30000000000000004,0.5,0.30000000000000004,0.95375,24.095852158216903,1278686.652753478,6414,7,17057,222,0.42608031354834425
0.30000000000000004,0.5,0.4,0.95375,24.095852158216903,1278686.652753478,6418,12,17052,218,0.4263601939812662
0.30000000000000004,0.5,0.5,0.9575,24.198968454479267,1288909.0236134776,6471,11,16999,144,0.43018115339870366
0.30000000000000004,0.5,0.6,0.96,24.45169016814908,1294737.240029477,6374,10,16964,227,0.4257991248872708
0.30000000000000004,0.5,0.7000000000000001,0.96,24.45169016814908,1294737.240029477,3198,15,16959,3403,0.23903131773675163
0.30000000000000004,0.5,0.8,0.95,24.172190202942524,1285998.393085478,3361,16,17102,3296,0.2478613569321534
0.30000000000000004,0.5,0.9,0.95875,24.43053612939698,1288303.7958134771,3136,20,16972,3472,0.23476568348555174
0.30000000000000004,0.5,1.0,0.9625,24.568758506044144,1290717.207245477,5630,28,16910,957,0.38658289559515224
0.30000000000000004,0.6,0.1,0.96,24.45169016814908,1294737.240029477,6398,5,16969,203,0.4269887880405766
0.30000000000000004,0.6,0.2,0.95625,24.2500806288789,1286394.760605477,6435,5,17023,187,0.4278590425531915
0.30000000000000004,0.6,0.30000000000000004,0.96,24.45169016814908,1294737.240029477,6436,6,16968,165,0.428995167472088
0.30000000000000004,0.6,0.4,0.9575,24.220818573868907,1286679.6683974771,6378,9,17001,237,0.4252850570114023
0.30000000000000004,0.6,0.5,0.95375,24.095852158216903,1278686.652753478,6423,12,17052,213,0.42662150044834113
0.30000000000000004,0.6,0.6,0.9575,24.198968454479267,1288909.0236134776,6471,11,16999,144,0.43018115339870366
0.30000000000000004,0.6,0.7000000000000001,0.96,24.433455977889793,1296840.656157477,6501,11,16963,100,0.43246299684017964
0.30000000000000004,0.6,0.8,0.96,24.45169016814908,1294737.240029477,3209,15,16959,3392,0.239754940416153
0.30000000000000004,0.6,0.9,0.95125,24.01304856352078,1288860.5265654773,3351,13,17087,3299,0.2474158298877732
0.30000000000000004,0.6,1.0,0.95375,24.095852158216903,1278686.652753478,3132,19,17045,3504,0.23361802110916347
0.30000000000000004,0.7000000000000001,0.1,0.96,24.45169016814908,1294737.240029477,6390,53,16921,211,0.42725327627707943
0.30000000000000004,0.7000000000000001,0.2,0.96,24.45169016814908,1294737.240029477,6414,5,16969,187,0.4278281750266809
0.30000000000000004,0.7000000000000001,0.30000000000000004,0.95625,24.25365361362835,1286268.821517477,6436,6,17022,186,0.42792553191489363
0.30000000000000004,0.7000000000000001,0.4,0.95375,24.119312184429216,1277886.8123334781,6430,6,17058,206,0.4269021378303014
0.30000000000000004,0.7000000000000001,0.5,0.95375,24.095852158216903,1278686.652753478,6405,10,17054,231,0.4256521016780196
0.30000000000000004,0.7000000000000001,0.6,0.9625,24.539277986563626,1290683.927245477,6378,12,16926,209,0.42675052691445586
0.30000000000000004,0.7000000000000001,0.7000000000000001,0.9575,24.198968454479267,1288909.0236134776,6471,11,16999,144,0.43018115339870366
0.30000000000000004,0.7000000000000001,0.8,0.9625,24.500477482926097,1292272.056477477,6513,10,16928,74,0.43379512455041963
0.30000000000000004,0.7000000000000001,0.9,0.95875,24.43053612939698,1288303.7958134771,3618,14,16978,2990,0.2659902955447728
0.30000000000000004,0.7000000000000001,1.0,0.95,24.172190202942524,1284718.648413478,3433,14,17104,3224,0.25248216518349637
0.30000000000000004,0.8,0.1,0.96,24.45169016814908,1294737.240029477,6386,85,16889,215,0.4275003347168296
0.30000000000000004,0.8,0.2,0.96,24.45169016814908,1294737.240029477,6416,5,16969,185,0.4279330354165277
0.30000000000000004,0.8,0.30000000000000004,0.96,24.45169016814908,1294737.240029477,6413,5,16969,188,0.42777573958576526
0.30000000000000004,0.8,0.4,0.96,24.45169016814908,1294737.240029477,6436,6,16968,165,0.428995167472088
0.30000000000000004,0.8,0.5,0.96,24.45169016814908,1294737.240029477,6361,8,16966,240,0.4250868751670676
0.30000000000000004,0.8,0.6,0.95375,24.095852158216903,1278686.652753478,6410,12,17052,226,0.4259419230513655
0.30000000000000004,0.8,0.7000000000000001,0.9575,24.217250253590407,1286805.607485477,6410,11,16999,205,0.42699173994138023
0.30000000000000004,0.8,0.8,0.9575,24.198968454479267,1288909.0236134776,6471,10,17000,144,0.4301668550156219
0.30000000000000004,0.8,0.9,0.9625,24.500477482926097,1292272.056477477,6512,10,16928,75,0.43374296466513473
0.30000000000000004,0.8,1.0,0.9625,24.48229065419995,1294375.472605477,4652,13,16925,1935,0.3303508024428348
0.30000000000000004,0.9,0.1,0.95125,24.192754411317463,1276709.4140814776,6431,134,16966,219,0.4280627017672313
0.30000000000000004,0.9,0.2,0.96,24.45169016814908,1294737.240029477,6411,5,16969,190,0.4276708582101998
0.30000000000000004,0.9,0.30000000000000004,0.95625,24.2500806288789,1286394.760605477,6435,5,17023,187,0.4278590425531915
0.30000000000000004,0.9,0.4,0.95625,24.25365361362835,1286268.821517477,6439,6,17022,183,0.42808230562111493
0.30000000000000004,0.9,0.5,0.95375,24.119312184429216,1277886.8123334781,6448,6,17058,188,0.4278415499966824
0.30000000000000004,0.9,0.6,0.9575,24.220818573868907,1286679.6683974771,6378,9,17001,237,0.4252850570114023
0.30000000000000004,0.9,0.7000000000000001,0.95375,24.095852158216903,1278686.652753478,6413,12,17052,223,0.42609880070429557
0.30000000000000004,0.9,0.8,0.9575,24.217250253590407,1286805.607485477,6415,11,16999,200,0.42725365480035965
0.30000000000000004,0.9,0.9,0.9625,24.500477482926097,1292272.056477477,6445,11,16927,142,0.43025468139791045
0.30000000000000004,0.9,1.0,0.96,24.45169016814908,1294737.240029477,6527,10,16964,74,0.43380300412069656
0.30000000000000004,1.0,0.1,0.95125,24.192754411317463,1276709.4140814776,6431,167,16933,219,0.4285333511028187
0.30000000000000004,1.0,0.2,0.96,24.45169016814908,1294737.240029477,6409,5,16969,192,0.4275659628406551
0.30000000000000004,1.0,0.30000000000000004,0.96,24.45169016814908,1294737.240029477,6409,5,16969,192,0.4275659628406551
0.30000000000000004,1.0,0.4,0.96,24.45169016814908,1294737.240029477,6412,6,16968,189,0.4277375671258464
0.30000000000000004,1.0,0.5,0.9575,24.220818573868907,1286679.6683974771,6450,6,17004,165,0.4290132694801955
0.30000000000000004,1.0,0.6,0.96,24.45169016814908,1294737.240029477,6380,7,16967,221,0.42607185788700414
0.30000000000000004,1.0,0.7000000000000001,0.95375,24.095852158216903,1278686.652753478,6406,9,17055,230,0.4256902681330365
0.30000000000000004,1.0,0.8,0.95375,24.095852158216903,1278686.652753478,6419,12,17052,217,0.4264124622180888
0.30000000000000004,1.0,0.9,0.9625,24.539277986563626,1290683.927245477,6391,12,16926,196,0.42743445692883897
0.30000000000000004,1.0,1.0,0.9575,24.198968454479267,1288909.0236134776,6476,11,16999,139,0.43044200731139914
0.4,0.1,0.1,0.9575,24.198968454479267,1288909.0236134776,6416,13,16997,199,0.42733448781137606
0.4,0.1,0.2,0.9625,24.568758506044144,1290717.207245477,3577,51,16887,3010,0.26446342094562125
0.4,0.1,0.30000000000000004,0.96,24.45169016814908,1294737.240029477,6600,7295,9679,1,0.5769230769230769
0.4,0.1,0.4,0.95875,24.45970536874491,1288827.2834934774,6607,8045,8947,1,0.5962458261889722
0.4,0.1,0.5,0.95875,24.45970536874491,1288827.2834934774,6607,8036,8956,1,0.5960037887330296
0.4,0.1,0.6,0.95875,24.45970536874491,1288827.2834934774,6607,7990,9002,1,0.5947697708961606
0.4,0.1,0.7000000000000001,0.95875,24.45970536874491,1288827.2834934774,6607,4226,12766,1,0.5086024402447943
0.4,0.1,0.8,0.95875,24.48930119664582,1288860.5634934772,6607,640,16352,1,0.4469171711705618
0.4,0.1,0.9,0.95875,24.48930119664582,1288860.5634934772,6607,17,16975,1,0.4376946008612123
0.4,0.1,1.0,0.95875,24.50289147091155,1286634.694565477,6607,0,16992,1,0.43744827357897176
0.4,0.2,0.1,0.96,24.45169016814908,1294737.240029477,6253,9,16965,348,0.41939702874006507
0.4,0.2,0.2,0.9575,24.198968454479267,1288909.0236134776,6416,13,16997,199,0.42733448781137606
0.4,0.2,0.30000000000000004,0.95125,24.01304856352078,1288860.5265654773,3331,21,17079,3319,0.24619364375461936
0.4,0.2,0.4,0.9625,24.568758506044144,1290717.207245477,3577,51,16887,3010,0.26446342094562125
0.4,0.2,0.5,0.96,24.45169016814908,1294737.240029477,6600,998,15976,1,0.45241114576550023
0.4,0.2,0.6,0.96,24.45169016814908,1294737.240029477,6600,7295,9679,1,0.5769230769230769
0.4,0.2,0.7000000000000001,0.96125,24.4669595014697,1294372.496381477,6593,8031,8925,1,0.5963277858176556
0.4,0.2,0.8,0.95875,24.45970536874491,1288827.2834934774,6607,8045,8947,1,0.5962458261889722
0.4,0.2,0.9,0.95875,24.45970536874491,1288827.2834934774,6607,8042,8950,1,0.5961651251973833
0.4,0.2,1.0,0.95875,24.45970536874491,1288827.2834934774,6607,8036,8956,1,0.5960037887330296
0.4,0.30000000000000004,0.1,0.95625,24.2500806288789,1286394.760605477,6357,104,16924,265,0.4251747316322777
0.4,0.30000000000000004,0.2,0.9575,24.220818573868907,1286679.6683974771,6343,12,16998,272,0.42348778208038457
0.4,0.30000000000000004,0.30000000000000004,0.9575,24.198968454479267,1288909.0236134776,6416,13,16997,199,0.42733448781137606
0.4,0.30000000000000004,0.4,0.96,24.45169016814908,1294737.240029477,3103,17,16957,3498,0.23277446457372192
0.4,0.30000000000000004,0.5,0.95375,24.095852158216903,1278686.652753478,3124,24,17040,3512,0.23313432835820896
0.4,0.30000000000000004,0.6,0.9625,24.568758506044144,1290717.207245477,3577,51,16887,3010,0.26446342094562125
0.4,0.30000000000000004,0.7000000000000001,0.96,24.45169016814908,1294737.240029477,6600,173,16801,1,0.4399706686220919
0.4,0.30000000000000004,0.8,0.96,24.45169016814908,1294737.240029477,6600,2899,14075,1,0.48394192696876376
0.4,0.30000000000000004,0.9,0.96,24.45169016814908,1294737.240029477,6600,7295,9679,1,0.5769230769230769
0.4,0.30000000000000004,1.0,0.96125,24.4669595014697,1294372.496381477,6593,8031,8925,1,0.5963277858176556
0.4,0.4,0.1,0.96,24.45169016814908,1294737.240029477,6348,260,16714,253,0.42800795603951053
0.4,0.4,0.2,0.96,24.45169016814908,1294737.240029477,6253,9,16965,348,0.41939702874006507
0.4,0.4,0.30000000000000004,0.95375,24.095852158216903,1278686.652753478,6381,12,17052,255,0.4244238252020353
0.4,0.4,0.4,0.9575,24.198968454479267,1288909.0236134776,6416,13,16997,199,0.42733448781137606
0.4,0.4,0.5,0.9625,24.515282677731296,1292584.3764774771,3137,18,16920,3450,0.23547515388079868
0.4,0.4,0.6,0.95125,24.01304856352078,1288860.5265654773,3331,21,17079,3319,0.24619364375461936
0.4,0.4,0.7000000000000001,0.95125,24.01304856352078,1288860.5265654773,3365,28,17072,3285,0.24845867021080223
0.4,0.4,0.8,0.9625,24.568758506044144,1290717.207245477,3577,51,16887,3010,0.26446342094562125
0.4,0.4,0.9,0.96,24.45169016814908,1294737.240029477,6600,742,16232,1,0.4484762001834675
0.4,0.4,1.0,0.96,24.45169016814908,1294737.240029477,6600,998,15976,1,0.45241114576550023
0.4,0.5,0.1,0.96,24.45169016814908,1294737.240029477,6341,308,16666,260,0.4283301810321535
0.4,0.5,0.2,0.96,24.45169016814908,1294737.240029477,6297,8,16966,304,0.4217117599785695
0.4,0.5,0.30000000000000004,0.95375,24.095852158216903,1278686.652753478,6352,9,17055,284,0.4228605665213194
0.4,0.5,0.4,0.95375,24.095852158216903,1278686.652753478,6385,12,17052,251,0.42463339207927375
0.4,0.5,0.5,0.9575,24.198968454479267,1288909.0236134776,6416,13,16997,199,0.42733448781137606
0.4,0.5,0.6,0.96,24.45169016814908,1294737.240029477,3149,18,16956,3452,0.23582715494645398
0.4,0.5,0.7000000000000001,0.96,24.45169016814908,1294737.240029477,3054,17,16957,3547,0.22952051705997295
0.4,0.5,0.8,0.95,24.172190202942524,1285998.393085478,3355,24,17094,3302,0.24754666863425073
0.4,0.5,0.9,0.95875,24.43053612939698,1288303.7958134771,3125,30,16962,3483,0.2341262408690766
0.4,0.5,1.0,0.9625,24.568758506044144,1290717.207245477,3577,51,16887,3010,0.26446342094562125
0.4,0.6,0.1,0.96,24.45169016814908,1294737.240029477,6328,373,16601,273,0.4285811039620725
0.4,0.6,0.2,0.95625,24.2500806288789,1286394.760605477,6357,104,16924,265,0.4251747316322777
0.4,0.6,0.30000000000000004,0.96,24.45169016814908,1294737.240029477,6253,9,16965,348,0.41939702874006507
0.4,0.6,0.4,0.9575,24.220818573868907,1286679.6683974771,6343,12,16998,272,0.42348778208038457
0.4,0.6,0.5,0.95375,24.095852158216903,1278686.652753478,6393,13,17051,243,0.4250664893617021
0.4,0.6,0.6,0.9575,24.198968454479267,1288909.0236134776,6416,13,16997,199,0.42733448781137606
0.4,0.6,0.7000000000000001,0.96,24.433455977889793,1296840.656157477,3142,17,16957,3459,0.23535580524344568
0.4,0.6,0.8,0.96,24.45169016814908,1294737.240029477,3103,17,16957,3498,0.23277446457372192
0.4,0.6,0.9,0.95125,24.01304856352078,1288860.5265654773,3331,21,17079,3319,0.24619364375461936
0.4,0.6,1.0,0.95375,24.095852158216903,1278686.652753478,3124,24,17040,3512,0.23313432835820896
0.4,0.7000000000000001,0.1,0.96,24.45169016814908,1294737.240029477,6331,390,16584,270,0.42898766770565117
0.4,0.7000000000000001,0.2,0.96,24.45169016814908,1294737.240029477,6347,228,16746,254,0.42749376978514175
0.4,0.7000000000000001,0.30000000000000004,0.95625,24.25365361362835,1286268.821517477,6291,8,17020,331,0.4203387565563091
0.4,0.7000000000000001,0.4,0.95375,24.119312184429216,1277886.8123334781,6346,9,17055,290,0.4225455271831408
0.4,0.7000000000000001,0.5,0.95375,24.095852158216903,1278686.652753478,6373,12,17052,263,0.4240045241342603
0.4,0.7000000000000001,0.6,0.9625,24.539277986563626,1290683.927245477,6323,13,16925,264,0.42386458857047093
0.4,0.7000000000000001,0.7000000000000001,0.9575,24.198968454479267,1288909.0236134776,6416,13,16997,199,0.42733448781137606
0.4,0.7000000000000001,0.8,0.9625,24.500477482926097,1292272.056477477,3363,17,16921,3224,0.2503070224405493
0.4,0.7000000000000001,0.9,0.95875,24.43053612939698,1288303.7958134771,3144,18,16974,3464,0.23527650976577116
0.4,0.7000000000000001,1.0,0.95,24.172190202942524,1284718.648413478,3311,17,17101,3346,0.24463408326868374
0.4,0.8,0.1,0.96,24.45169016814908,1294737.240029477,6327,407,16567,274,0.42902186811323956
0.4,0.8,0.2,0.96,24.45169016814908,1294737.240029477,6348,260,16714,253,0.42800795603951053
0.4,0.8,0.30000000000000004,0.96,24.45169016814908,1294737.240029477,6322,8,16966,279,0.42303188463983404
0.4,0.8,0.4,0.96,24.45169016814908,1294737.240029477,6253,9,16965,348,0.41939702874006507
0.4,0.8,0.5,0.96,24.45169016814908,1294737.240029477,6320,10,16964,281,0.4229546595281914
0.4,0.8,0.6,0.95375,24.095852158216903,1278686.652753478,6381,12,17052,255,0.4244238252020353
0.4,0.8,0.7000000000000001,0.9575,24.217250253590407,1286805.607485477,6355,13,16997,260,0.42413321320118796
0.4,0.8,0.8,0.9575,24.198968454479267,1288909.0236134776,6416,13,16997,199,0.42733448781137606
0.4,0.8,0.9,0.9625,24.500477482926097,1292272.056477477,3933,17,16921,2654,0.2866513611020007
0.4,0.8,1.0,0.9625,24.48229065419995,1294375.472605477,3137,18,16920,3450,0.23547515388079868
0.4,0.9,0.1,0.95125,24.192754411317463,1276709.4140814776,6371,407,16693,279,0.42882143097529785
0.4,0.9,0.2,0.96,24.45169016814908,1294737.240029477,6349,275,16699,252,0.42827751357550004
0.4,0.9,0.30000000000000004,0.95625,24.2500806288789,1286394.760605477,6357,104,16924,265,0.4251747316322777
0.4,0.9,0.4,0.95625,24.25365361362835,1286268.821517477,6277,8,17020,345,0.4195995855476453
0.4,0.9,0.5,0.95375,24.119312184429216,1277886.8123334781,6334,9,17055,302,0.4219150707743547
0.4,0.9,0.6,0.9575,24.220818573868907,1286679.6683974771,6343,12,16998,272,0.42348778208038457
0.4,0.9,0.7000000000000001,0.95375,24.095852158216903,1278686.652753478,6384,12,17052,252,0.4245810055865922
0.4,0.9,0.8,0.9575,24.217250253590407,1286805.607485477,6368,13,16997,247,0.4248165443629086
0.4,0.9,0.9,0.9625,24.500477482926097,1292272.056477477,6390,13,16925,197,0.4273961607919203
0.4,0.9,1.0,0.96,24.45169016814908,1294737.240029477,5103,16,16958,1498,0.356081222524597
0.4,1.0,0.1,0.95125,24.192754411317463,1276709.4140814776,6370,407,16693,280,0.4287685524854441
0.4,1.0,0.2,0.96,24.45169016814908,1294737.240029477,6341,308,16666,260,0.4283301810321535
0.4,1.0,0.30000000000000004,0.96,24.45169016814908,1294737.240029477,6342,197,16777,259,0.42678331090174965
0.4,1.0,0.4,0.96,24.45169016814908,1294737.240029477,6297,8,16966,304,0.4217117599785695
0.4,1.0,0.5,0.9575,24.220818573868907,1286679.6683974771,6271,9,17001,344,0.4196473383076254
0.4,1.0,0.6,0.96,24.45169016814908,1294737.240029477,6317,9,16965,284,0.4227821838503497
0.4,1.0,0.7000000000000001,0.95375,24.095852158216903,1278686.652753478,6373,12,17052,263,0.4240045241342603
0.4,1.0,0.8,0.95375,24.095852158216903,1278686.652753478,6390,12,17052,246,0.4248952722920407
0.4,1.0,0.9,0.9625,24.539277986563626,1290683.927245477,6353,12,16926,234,0.42543360342864794
0.4,1.0,1.0,0.9575,24.198968454479267,1288909.0236134776,6421,13,16997,194,0.4275963107248693
0.5,0.1,0.1,0.9575,24.198968454479267,1288909.0236134776,3267,16,16994,3348,0.24311653519869028
0.5,0.1,0.2,0.9625,24.568758506044144,1290717.207245477,3133,282,16656,3454,0.23756445253260539
0.5,0.1,0.30000000000000004,0.96,24.45169016814908,1294737.240029477,6600,8047,8927,1,0.596529284164859
0.5,0.1,0.4,0.95875,24.45970536874491,1288827.2834934774,6607,8052,8940,1,0.5964342134958248
0.5,0.1,0.5,0.95875,24.45970536874491,1288827.2834934774,6607,8051,8941,1,0.5964072937353313
0.5,0.1,0.6,0.95875,24.45970536874491,1288827.2834934774,6607,8046,8946,1,0.596272731374938
0.5,0.1,0.7000000000000001,0.95875,24.45970536874491,1288827.2834934774,6607,8044,8948,1,0.5962189234309435
0.5,0.1,0.8,0.95875,24.48930119664582,1288860.5634934772,6607,8038,8954,1,0.5960575578510533
0.5,0.1,0.9,0.95875,24.48930119664582,1288860.5634934772,6607,8024,8968,1,0.5956813776315196
0.5,0.1,1.0,0.95875,24.50289147091155,1286634.694565477,6607,7189,9803,1,0.5740724650273699
0.5,0.2,0.1,0.96,24.45169016814908,1294737.240029477,6172,107,16867,429,0.4164642375168691
0.5,0.2,0.2,0.9575,24.198968454479267,1288909.0236134776,3267,16,16994,3348,0.24311653519869028
0.5,0.2,0.30000000000000004,0.95125,24.01304856352078,1288860.5265654773,3304,33,17067,3346,0.24455053476925354
0.5,0.2,0.4,0.9625,24.568758506044144,1290717.207245477,3133,282,16656,3454,0.23756445253260539
0.5,0.2,0.5,0.96,24.45169016814908,1294737.240029477,6600,2496,14478,1,0.47689584161277504
0.5,0.2,0.6,0.96,24.45169016814908,1294737.240029477,6600,8047,8927,1,0.596529284164859
0.5,0.2,0.7000000000000001,0.96125,24.4669595014697,1294372.496381477,6593,8037,8919,1,0.5964896408214965
0.5,0.2,0.8,0.95875,24.45970536874491,1288827.2834934774,6607,8052,8940,1,0.5964342134958248
0.5,0.2,0.9,0.95875,24.45970536874491,1288827.2834934774,6607,8051,8941,1,0.5964072937353313
0.5,0.2,1.0,0.95875,24.45970536874491,1288827.2834934774,6607,8051,8941,1,0.5964072937353313
0.5,0.30000000000000004,0.1,0.95625,24.2500806288789,1286394.760605477,6167,515,16513,455,0.42092689918776877
0.5,0.30000000000000004,0.2,0.9575,24.220818573868907,1286679.6683974771,6277,13,16997,338,0.4200207434173107
0.5,0.30000000000000004,0.30000000000000004,0.9575,24.198968454479267,1288909.0236134776,3267,16,16994,3348,0.24311653519869028
0.5,0.30000000000000004,0.4,0.96,24.45169016814908,1294737.240029477,3001,24,16950,3600,0.226047002109069
0.5,0.30000000000000004,0.5,0.95375,24.095852158216903,1278686.652753478,3119,33,17031,3517,0.232882849249608
0.5,0.30000000000000004,0.6,0.9625,24.568758506044144,1290717.207245477,3133,282,16656,3454,0.23756445253260539
0.5,0.30000000000000004,0.7000000000000001,0.96,24.45169016814908,1294737.240029477,6510,713,16261,91,0.4432793136320305
0.5,0.30000000000000004,0.8,0.96,24.45169016814908,1294737.240029477,6600,5790,11184,1,0.5413163830223499
0.5,0.30000000000000004,0.9,0.96,24.45169016814908,1294737.240029477,6600,8047,8927,1,0.596529284164859
0.5,0.30000000000000004,1.0,0.96125,24.4669595014697,1294372.496381477,6593,8038,8918,1,0.596516625197919
0.5,0.4,0.1,0.96,24.45169016814908,1294737.240029477,6154,613,16361,447,0.42272290149745845
0.5,0.4,0.2,0.96,24.45169016814908,1294737.240029477,6172,107,16867,429,0.4164642375168691
0.5,0.4,0.30000000000000004,0.95375,24.095852158216903,1278686.652753478,6336,13,17051,300,0.4220764080871332
0.5,0.4,0.4,0.9575,24.198968454479267,1288909.0236134776,3267,16,16994,3348,0.24311653519869028
0.5,0.4,0.5,0.9625,24.515282677731296,1292584.3764774771,2968,20,16918,3619,0.22422845918482984
0.5,0.4,0.6,0.95125,24.01304856352078,1288860.5265654773,3304,33,17067,3346,0.24455053476925354
0.5,0.4,0.7000000000000001,0.95125,24.01304856352078,1288860.5265654773,3353,67,17033,3297,0.24803965083592247
0.5,0.4,0.8,0.9625,24.568758506044144,1290717.207245477,3133,282,16656,3454,0.23756445253260539
0.5,0.4,0.9,0.96,24.45169016814908,1294737.240029477,6262,2450,14524,339,0.45729725782305475
0.5,0.4,1.0,0.96,24.45169016814908,1294737.240029477,6600,2496,14478,1,0.47689584161277504
0.5,0.5,0.1,0.96,24.45169016814908,1294737.240029477,6175,629,16345,426,0.4240925792383503
0.5,0.5,0.2,0.96,24.45169016814908,1294737.240029477,6162,467,16507,439,0.4210454390160574
0.5,0.5,0.30000000000000004,0.95375,24.095852158216903,1278686.652753478,6281,13,17051,355,0.41918045915643354
0.5,0.5,0.4,0.95375,24.095852158216903,1278686.652753478,6349,13,17051,287,0.4227593554401385
0.5,0.5,0.5,0.9575,24.198968454479267,1288909.0236134776,3267,16,16994,3348,0.24311653519869028
0.5,0.5,0.6,0.96,24.45169016814908,1294737.240029477,3017,18,16956,3584,0.2270640475652894
0.5,0.5,0.7000000000000001,0.96,24.45169016814908,1294737.240029477,3023,25,16949,3578,0.22752417867760508
0.5,0.5,0.8,0.95,24.172190202942524,1285998.393085478,3343,52,17066,3314,0.24702578881253232
0.5,0.5,0.9,0.95875,24.43053612939698,1288303.7958134771,3117,57,16935,3491,0.23383345836459116
0.5,0.5,1.0,0.9625,24.568758506044144,1290717.207245477,3133,282,16656,3454,0.23756445253260539
0.5,0.6,0.1,0.96,24.45169016814908,1294737.240029477,6157,646,16328,444,0.42336519287629787
0.5,0.6,0.2,0.95625,24.2500806288789,1286394.760605477,6167,515,16513,455,0.42092689918776877
0.5,0.6,0.30000000000000004,0.96,24.45169016814908,1294737.240029477,6172,107,16867,429,0.4164642375168691
0.5,0.6,0.4,0.9575,24.220818573868907,1286679.6683974771,6277,13,16997,338,0.4200207434173107
0.5,0.6,0.5,0.95375,24.095852158216903,1278686.652753478,6357,13,17051,279,0.4231793369724404
0.5,0.6,0.6,0.9575,24.198968454479267,1288909.0236134776,3267,16,16994,3348,0.24311653519869028
0.5,0.6,0.7000000000000001,0.96,24.433455977889793,1296840.656157477,3042,18,16956,3559,0.22873040339862402
0.5,0.6,0.8,0.96,24.45169016814908,1294737.240029477,3001,24,16950,3600,0.226047002109069
0.5,0.6,0.9,0.95125,24.01304856352078,1288860.5265654773,3304,33,17067,3346,0.24455053476925354
0.5,0.6,1.0,0.95375,24.095852158216903,1278686.652753478,3119,33,17031,3517,0.232882849249608
0.5,0.7000000000000001,0.1,0.96,24.45169016814908,1294737.240029477,6147,646,16328,454,0.4228229467602146
0.5,0.7000000000000001,0.2,0.96,24.45169016814908,1294737.240029477,6148,564,16410,453,0.4216879865564663
0.5,0.7000000000000001,0.30000000000000004,0.95625,24.25365361362835,1286268.821517477,6184,365,16663,438,0.41969527299874443
0.5,0.7000000000000001,0.4,0.95375,24.119312184429216,1277886.8123334781,6244,12,17052,392,0.41721234798877455
0.5,0.7000000000000001,0.5,0.95375,24.095852158216903,1278686.652753478,6318,13,17051,318,0.4211298116980503
0.5,0.7000000000000001,0.6,0.9625,24.539277986563626,1290683.927245477,6279,13,16925,308,0.42153670571649154
0.5,0.7000000000000001,0.7000000000000001,0.9575,24.198968454479267,1288909.0236134776,3267,16,16994,3348,0.24311653519869028
0.5,0.7000000000000001,0.8,0.9625,24.500477482926097,1292272.056477477,2961,21,16917,3626,0.22376723975061402
0.5,0.7000000000000001,0.9,0.95875,24.43053612939698,1288303.7958134771,2984,20,16972,3624,0.22466496009637102
0.5,0.7000000000000001,1.0,0.95,24.172190202942524,1284718.648413478,3286,26,17092,3371,0.24309228777510633
0.5,0.8,0.1,0.96,24.45169016814908,1294737.240029477,6138,663,16311,463,0.4225817555938038
0.5,0.8,0.2,0.96,24.45169016814908,1294737.240029477,6154,613,16361,447,0.42272290149745845
0.5,0.8,0.30000000000000004,0.96,24.45169016814908,1294737.240029477,6155,499,16475,446,0.42112825425062433
0.5,0.8,0.4,0.96,24.45169016814908,1294737.240029477,6172,107,16867,429,0.4164642375168691
0.5,0.8,0.5,0.96,24.45169016814908,1294737.240029477,6257,13,16961,344,0.4196653140615044
0.5,0.8,0.6,0.95375,24.095852158216903,1278686.652753478,6336,13,17051,300,0.4220764080871332
0.5,0.8,0.7000000000000001,0.9575,24.217250253590407,1286805.607485477,6317,13,16997,298,0.42213237996591935
0.5,0.8,0.8,0.9575,24.198968454479267,1288909.0236134776,3268,16,16994,3347,0.2431819027421215
0.5,0.8,0.9,0.9625,24.500477482926097,1292272.056477477,3040,21,16917,3547,0.22905364677516576
0.5,0.8,1.0,0.9625,24.48229065419995,1294375.472605477,2968,20,16918,3619,0.22422845918482984
0.5,0.9,0.1,0.95125,24.192754411317463,1276709.4140814776,6183,663,16437,467,0.42248035531260675
0.5,0.9,0.2,0.96,24.45169016814908,1294737.240029477,6165,629,16345,436,0.4235512349283776
0.5,0.9,0.30000000000000004,0.95625,24.2500806288789,1286394.760605477,6167,515,16513,455,0.42092689918776877
0.5,0.9,0.4,0.95625,24.25365361362835,1286268.821517477,6186,290,16738,436,0.4187368848575103
0.5,0.9,0.5,0.95375,24.119312184429216,1277886.8123334781,6234,39,17025,402,0.417059708981435
0.5,0.9,0.6,0.9575,24.220818573868907,1286679.6683974771,6277,13,16997,338,0.4200207434173107
0.5,0.9,0.7000000000000001,0.95375,24.095852158216903,1278686.652753478,6342,13,17051,294,0.42239168803489957
0.5,0.9,0.8,0.9575,24.217250253590407,1286805.607485477,6324,13,16997,291,0.4225013361838589
0.5,0.9,0.9,0.9625,24.500477482926097,1292272.056477477,3189,15,16923,3398,0.23888535151129256
0.5,0.9,1.0,0.96,24.45169016814908,1294737.240029477,3059,20,16954,3542,0.22987901104681746
0.5,1.0,0.1,0.95125,24.192754411317463,1276709.4140814776,6176,663,16437,474,0.4221029969586167
0.5,1.0,0.2,0.96,24.45169016814908,1294737.240029477,6175,629,16345,426,0.4240925792383503
0.5,1.0,0.30000000000000004,0.96,24.45169016814908,1294737.240029477,6148,547,16427,453,0.4214422813271182
0.5,1.0,0.4,0.96,24.45169016814908,1294737.240029477,6162,467,16507,439,0.4210454390160574
0.5,1.0,0.5,0.9575,24.220818573868907,1286679.6683974771,6187,107,16903,428,0.41656286820400606
0.5,1.0,0.6,0.96,24.45169016814908,1294737.240029477,6247,12,16962,354,0.41912110030191213
0.5,1.0,0.7000000000000001,0.95375,24.095852158216903,1278686.652753478,6310,13,17051,326,0.4207087375404207
0.5,1.0,0.8,0.95375,24.095852158216903,1278686.652753478,6349,13,17051,287,0.4227593554401385
0.5,1.0,0.9,0.9625,24.539277986563626,1290683.927245477,6299,13,16925,288,0.42259568615611687
0.5,1.0,1.0,0.9575,24.198968454479267,1288909.0236134776,3033,15,16995,3582,0.22767706339376195
0.6,0.1,0.1,0.9575,24.198968454479267,1288909.0236134776,2829,39,16971,3786,0.21419647927314026
0.6,0.1,0.2,0.9625,24.568758506044144,1290717.207245477,3109,1418,15520,3478,0.24658946700507614
0.6,0.1,0.30000000000000004,0.96,24.45169016814908,1294737.240029477,6600,8068,8906,1,0.5970959424616638
0.6,0.1,0.4,0.95875,24.45970536874491,1288827.2834934774,6607,8077,8915,1,0.5971079981924988
0.6,0.1,0.5,0.95875,24.45970536874491,1288827.2834934774,6607,8076,8916,1,0.5970810175771543
0.6,0.1,0.6,0.95875,24.45970536874491,1288827.2834934774,6607,8076,8916,1,0.5970810175771543
0.6,0.1,0.7000000000000001,0.95875,24.45970536874491,1288827.2834934774,6607,8076,8916,1,0.5970810175771543
0.6,0.1,0.8,0.95875,24.48930119664582,1288860.5634934772,6607,8076,8916,1,0.5970810175771543
0.6,0.1,0.9,0.95875,24.48930119664582,1288860.5634934772,6607,8076,8916,1,0.5970810175771543
0.6,0.1,1.0,0.95875,24.50289147091155,1286634.694565477,6607,8075,8917,1,0.5970540393999638
0.6,0.2,0.1,0.96,24.45169016814908,1294737.240029477,6115,534,16440,486,0.4194676910412951
0.6,0.2,0.2,0.9575,24.198968454479267,1288909.0236134776,2829,39,16971,3786,0.21419647927314026
0.6,0.2,0.30000000000000004,0.95125,24.01304856352078,1288860.5265654773,3240,91,17009,3410,0.2409011487415889
0.6,0.2,0.4,0.9625,24.568758506044144,1290717.207245477,3109,1418,15520,3478,0.24658946700507614
0.6,0.2,0.5,0.96,24.45169016814908,1294737.240029477,6600,5493,11481,1,0.5348026902195933
0.6,0.2,0.6,0.96,24.45169016814908,1294737.240029477,6600,8068,8906,1,0.5970959424616638
0.6,0.2,0.7000000000000001,0.96125,24.4669595014697,1294372.496381477,6593,8059,8897,1,0.5970838616192718
0.6,0.2,0.8,0.95875,24.45970536874491,1288827.2834934774,6607,8077,8915,1,0.5971079981924988
0.6,0.2,0.9,0.95875,24.45970536874491,1288827.2834934774,6607,8077,8915,1,0.5971079981924988
0.6,0.2,1.0,0.95875,24.45970536874491,1288827.2834934774,6607,8076,8916,1,0.5970810175771543
0.6,0.30000000000000004,0.1,0.95625,24.2500806288789,1286394.760605477,5994,676,16352,628,0.4138359569179785
0.6,0.30000000000000004,0.2,0.9575,24.220818573868907,1286679.6683974771,6230,158,16852,385,0.41957100043775464
0.6,0.30000000000000004,0.30000000000000004,0.9575,24.198968454479267,1288909.0236134776,2829,39,16971,3786,0.21419647927314026
0.6,0.30000000000000004,0.4,0.96,24.45169016814908,1294737.240029477,2946,47,16927,3655,0.22255798141572863
0.6,0.30000000000000004,0.5,0.95375,24.095852158216903,1278686.652753478,3026,133,16931,3610,0.22757868612040763
0.6,0.30000000000000004,0.6,0.9625,24.568758506044144,1290717.207245477,3109,1418,15520,3478,0.24658946700507614
0.6,0.30000000000000004,0.7000000000000001,0.96,24.45169016814908,1294737.240029477,5083,1951,15023,1518,0.38064926798217696
0.6,0.30000000000000004,0.8,0.96,24.45169016814908,1294737.240029477,6600,7233,9741,1,0.5753639612936972
0.6,0.30000000000000004,0.9,0.96,24.45169016814908,1294737.240029477,6600,8068,8906,1,0.5970959424616638
0.6,0.30000000000000004,1.0,0.96125,24.4669595014697,1294372.496381477,6593,8059,8897,1,0.5970838616192718
0.6,0.4,0.1,0.96,24.45169016814908,1294737.240029477,6043,706,16268,558,0.418027116768124
0.6,0.4,0.2,0.96,24.45169016814908,1294737.240029477,6115,534,16440,486,0.4194676910412951
0.6,0.4,0.30000000000000004,0.95375,24.095852158216903,1278686.652753478,6257,33,17031,379,0.4181927549792808
0.6,0.4,0.4,0.9575,24.198968454479267,1288909.0236134776,2829,39,16971,3786,0.21419647927314026
0.6,0.4,0.5,0.9625,24.515282677731296,1292584.3764774771,2911,42,16896,3676,0.2205804349473365
0.6,0.4,0.6,0.95125,24.01304856352078,1288860.5265654773,3240,91,17009,3410,0.2409011487415889
0.6,0.4,0.7000000000000001,0.95125,24.01304856352078,1288860.5265654773,3306,228,16872,3344,0.24645892351274787
0.6,0.4,0.8,0.9625,24.568758506044144,1290717.207245477,3109,1418,15520,3478,0.24658946700507614
0.6,0.4,0.9,0.96,24.45169016814908,1294737.240029477,4331,5695,11279,2270,0.38998694340642026
0.6,0.4,1.0,0.96,24.45169016814908,1294737.240029477,6600,5493,11481,1,0.5348026902195933
0.6,0.5,0.1,0.96,24.45169016814908,1294737.240029477,6035,723,16251,566,0.41783501228926506
0.6,0.5,0.2,0.96,24.45169016814908,1294737.240029477,6065,610,16364,536,0.41784361005856013
0.6,0.5,0.30000000000000004,0.95375,24.095852158216903,1278686.652753478,6199,278,16786,437,0.4185544039701563
0.6,0.5,0.4,0.95375,24.095852158216903,1278686.652753478,3726,35,17029,2910,0.2720601657478734
0.6,0.5,0.5,0.9575,24.198968454479267,1288909.0236134776,2829,39,16971,3786,0.21419647927314026
0.6,0.5,0.6,0.96,24.45169016814908,1294737.240029477,2888,39,16935,3713,0.2185891613684529
0.6,0.5,0.7000000000000001,0.96,24.45169016814908,1294737.240029477,2974,49,16925,3627,0.22445283018867926
0.6,0.5,0.8,0.95,24.172190202942524,1285998.393085478,3252,145,16973,3405,0.2419462837586489
0.6,0.5,0.9,0.95875,24.43053612939698,1288303.7958134771,3053,428,16564,3555,0.23283126787416586
0.6,0.5,1.0,0.9625,24.568758506044144,1290717.207245477,3109,1418,15520,3478,0.24658946700507614
0.6,0.6,0.1,0.96,24.45169016814908,1294737.240029477,6029,723,16251,572,0.41750631903327445
0.6,0.6,0.2,0.95625,24.2500806288789,1286394.760605477,5994,676,16352,628,0.4138359569179785
0.6,0.6,0.30000000000000004,0.96,24.45169016814908,1294737.240029477,6115,534,16440,486,0.4194676910412951
0.6,0.6,0.4,0.9575,24.220818573868907,1286679.6683974771,6230,158,16852,385,0.41957100043775464
0.6,0.6,0.5,0.95375,24.095852158216903,1278686.652753478,2956,35,17029,3680,0.22208031253521657
0.6,0.6,0.6,0.9575,24.198968454479267,1288909.0236134776,2829,39,16971,3786,0.21419647927314026
0.6,0.6,0.7000000000000001,0.96,24.433455977889793,1296840.656157477,2866,39,16935,3735,0.21710476479054616
0.6,0.6,0.8,0.96,24.45169016814908,1294737.240029477,2946,47,16927,3655,0.22255798141572863
0.6,0.6,0.9,0.95125,24.01304856352078,1288860.5265654773,3240,91,17009,3410,0.2409011487415889
0.6,0.6,1.0,0.95375,24.095852158216903,1278686.652753478,3026,133,16931,3610,0.22757868612040763
0.6,0.7000000000000001,0.1,0.96,24.45169016814908,1294737.240029477,6019,736,16238,582,0.4171460253655832
0.6,0.7000000000000001,0.2,0.96,24.45169016814908,1294737.240029477,6042,693,16281,559,0.41778453879131516
0.6,0.7000000000000001,0.30000000000000004,0.95625,24.25365361362835,1286268.821517477,6043,577,16451,579,0.415098227778541
0.6,0.7000000000000001,0.4,0.95375,24.119312184429216,1277886.8123334781,6181,384,16680,455,0.41909346713225076
0.6,0.7000000000000001,0.5,0.95375,24.095852158216903,1278686.652753478,6263,103,16961,373,0.41949095780308104
0.6,0.7000000000000001,0.6,0.9625,24.539277986563626,1290683.927245477,2915,35,16903,3672,0.22079151675818973
0.6,0.7000000000000001,0.7000000000000001,0.9575,24.198968454479267,1288909.0236134776,2829,39,16971,3786,0.21419647927314026
0.6,0.7000000000000001,0.8,0.9625,24.500477482926097,1292272.056477477,2906,41,16897,3681,0.22023493747631678
0.6,0.7000000000000001,0.9,0.95875,24.43053612939698,1288303.7958134771,2922,42,16950,3686,0.22069486404833838
0.6,0.7000000000000001,1.0,0.95,24.172190202942524,1284718.648413478,3218,77,17041,3439,0.23911428146827166
0.6,0.8,0.1,0.96,24.45169016814908,1294737.240029477,6026,736,16238,575,0.41752988047808764
0.6,0.8,0.2,0.96,24.45169016814908,1294737.240029477,6043,706,16268,558,0.418027116768124
0.6,0.8,0.30000000000000004,0.96,24.45169016814908,1294737.240029477,6056,643,16331,545,0.4178280667862564
0.6,0.8,0.4,0.96,24.45169016814908,1294737.240029477,6115,534,16440,486,0.4194676910412951
0.6,0.8,0.5,0.96,24.45169016814908,1294737.240029477,6177,200,16774,424,0.41804277206280455
0.6,0.8,0.6,0.95375,24.095852158216903,1278686.652753478,6257,33,17031,379,0.4181927549792808
0.6,0.8,0.7000000000000001,0.9575,24.217250253590407,1286805.607485477,2927,35,16975,3688,0.22076403816419654
0.6,0.8,0.8,0.9575,24.198968454479267,1288909.0236134776,2829,39,16971,3786,0.21419647927314026
0.6,0.8,0.9,0.9625,24.500477482926097,1292272.056477477,2881,40,16898,3706,0.21853902753546234
0.6,0.8,1.0,0.9625,24.48229065419995,1294375.472605477,2906,42,16896,3681,0.22024328318617606
0.6,0.9,0.1,0.95125,24.192754411317463,1276709.4140814776,6075,753,16347,575,0.4179279031370391
0.6,0.9,0.2,0.96,24.45169016814908,1294737.240029477,6033,706,16268,568,0.4174797591862155
0.6,0.9,0.30000000000000004,0.95625,24.2500806288789,1286394.760605477,5994,676,16352,628,0.4138359569179785
0.6,0.9,0.4,0.95625,24.25365361362835,1286268.821517477,6058,577,16451,564,0.4159143180803955
0.6,0.9,0.5,0.95375,24.119312184429216,1277886.8123334781,6173,430,16634,463,0.41931868355806134
0.6,0.9,0.6,0.9575,24.220818573868907,1286679.6683974771,6230,158,16852,385,0.41957100043775464
0.6,0.9,0.7000000000000001,0.95375,24.095852158216903,1278686.652753478,5371,34,17030,1265,0.369941798395151
0.6,0.9,0.8,0.9575,24.217250253590407,1286805.607485477,2938,36,16974,3677,0.22151015946017266
0.6,0.9,0.9,0.9625,24.500477482926097,1292272.056477477,2821,39,16899,3766,0.21446763218915119
0.6,0.9,1.0,0.96,24.45169016814908,1294737.240029477,2878,39,16935,3723,0.21791474218217613
0.6,1.0,0.1,0.95125,24.192754411317463,1276709.4140814776,6078,766,16334,572,0.41827816392540085
0.6,1.0,0.2,0.96,24.45169016814908,1294737.240029477,6035,723,16251,566,0.41783501228926506
0.6,1.0,0.30000000000000004,0.96,24.45169016814908,1294737.240029477,6045,676,16298,556,0.41770315091210614
0.6,1.0,0.4,0.96,24.45169016814908,1294737.240029477,6072,610,16364,529,0.41822502324620314
0.6,1.0,0.5,0.9575,24.220818573868907,1286679.6683974771,6096,534,16476,519,0.4177202179052318
0.6,1.0,0.6,0.96,24.45169016814908,1294737.240029477,6168,277,16697,433,0.4186520057014865
0.6,1.0,0.7000000000000001,0.95375,24.095852158216903,1278686.652753478,6266,116,16948,370,0.4198324958123953
0.6,1.0,0.8,0.95375,24.095852158216903,1278686.652753478,4129,34,17030,2507,0.29710379564669903
0.6,1.0,0.9,0.9625,24.539277986563626,1290683.927245477,2924,36,16902,3663,0.22140612577140045
0.6,1.0,1.0,0.9575,24.198968454479267,1288909.0236134776,2833,39,16971,3782,0.21446686097127068
0.7000000000000001,0.1,0.1,0.9575,24.198968454479267,1288909.0236134776,2666,287,16723,3949,0.20504537763421013
0.7000000000000001,0.1,0.2,0.9625,24.568758506044144,1290717.207245477,2968,4575,12363,3619,0.27082763025823525
0.7000000000000001,0.1,0.30000000000000004,0.96,24.45169016814908,1294737.240029477,6600,8588,8386,1,0.6114791309584472
0.7000000000000001,0.1,0.4,0.95875,24.45970536874491,1288827.2834934774,6607,8628,8364,1,0.612354604013161
0.7000000000000001,0.1,0.5,0.95875,24.45970536874491,1288827.2834934774,6607,8658,8334,1,0.6132071093786254
0.7000000000000001,0.1,0.6,0.95875,24.45970536874491,1288827.2834934774,6607,8700,8292,1,0.6144046124517599
0.7000000000000001,0.1,0.7000000000000001,0.95875,24.45970536874491,1288827.2834934774,6607,8923,8069,1,0.6208419470024431
0.7000000000000001,0.1,0.8,0.95875,24.48930119664582,1288860.5634934772,6607,9014,7978,1,0.6235077619968857
0.7000000000000001,0.1,0.9,0.95875,24.48930119664582,1288860.5634934772,6607,9091,7901,1,0.6257813979920439
0.7000000000000001,0.1,1.0,0.95875,24.50289147091155,1286634.694565477,6607,9115,7877,1,0.6264934572349706
0.7000000000000001,0.2,0.1,0.96,24.45169016814908,1294737.240029477,5994,1035,15939,607,0.4201303707857293
0.7000000000000001,0.2,0.2,0.9575,24.198968454479267,1288909.0236134776,2666,287,16723,3949,0.20504537763421013
0.7000000000000001,0.2,0.30000000000000004,0.95125,24.01304856352078,1288860.5265654773,3036,574,16526,3614,0.23164962612543874
0.7000000000000001,0.2,0.4,0.9625,24.568758506044144,1290717.207245477,2968,4575,12363,3619,0.27082763025823525
0.7000000000000001,0.2,0.5,0.96,24.45169016814908,1294737.240029477,6148,7315,9659,453,0.5487325955016066
0.7000000000000001,0.2,0.6,0.96,24.45169016814908,1294737.240029477,6600,8588,8386,1,0.6114791309584472
0.7000000000000001,0.2,0.7000000000000001,0.96125,24.4669595014697,1294372.496381477,6593,8579,8377,1,0.6114820997959562
0.7000000000000001,0.2,0.8,0.95875,24.45970536874491,1288827.2834934774,6607,8628,8364,1,0.612354604013161
0.7000000000000001,0.2,0.9,0.95875,24.45970536874491,1288827.2834934774,6607,8658,8334,1,0.6132071093786254
0.7000000000000001,0.2,1.0,0.95875,24.45970536874491,1288827.2834934774,6607,8658,8334,1,0.6132071093786254
0.7000000000000001,0.30000000000000004,0.1,0.95625,24.2500806288789,1286394.760605477,5920,1042,15986,702,0.41503084688726866
0.7000000000000001,0.30000000000000004,0.2,0.9575,24.220818573868907,1286679.6683974771,2635,814,16196,3980,0.2071052424742592
0.7000000000000001,0.30000000000000004,0.30000000000000004,0.9575,24.198968454479267,1288909.0236134776,2666,287,16723,3949,0.20504537763421013
0.7000000000000001,0.30000000000000004,0.4,0.96,24.45169016814908,1294737.240029477,2787,374,16600,3814,0.2144836078189934
0.7000000000000001,0.30000000000000004,0.5,0.95375,24.095852158216903,1278686.652753478,2819,1056,16008,3817,0.2214193142991792
0.7000000000000001,0.30000000000000004,0.6,0.9625,24.568758506044144,1290717.207245477,2968,4575,12363,3619,0.27082763025823525
0.7000000000000001,0.30000000000000004,0.7000000000000001,0.96,24.45169016814908,1294737.240029477,3596,5244,11730,3005,0.32799744607105397
0.7000000000000001,0.30000000000000004,0.8,0.96,24.45169016814908,1294737.240029477,6600,8380,8594,1,0.6056434962147281
0.7000000000000001,0.30000000000000004,0.9,0.96,24.45169016814908,1294737.240029477,6600,8588,8386,1,0.6114791309584472
0.7000000000000001,0.30000000000000004,1.0,0.96125,24.4669595014697,1294372.496381477,6593,8579,8377,1,0.6114820997959562
0.7000000000000001,0.4,0.1,0.96,24.45169016814908,1294737.240029477,5961,1067,15907,640,0.41877129509290806
0.7000000000000001,0.4,0.2,0.96,24.45169016814908,1294737.240029477,5994,1035,15939,607,0.4201303707857293
0.7000000000000001,0.4,0.30000000000000004,0.95375,24.095852158216903,1278686.652753478,2680,628,16436,3956,0.20813917365641504
0.7000000000000001,0.4,0.4,0.9575,24.198968454479267,1288909.0236134776,2666,287,16723,3949,0.20504537763421013
0.7000000000000001,0.4,0.5,0.9625,24.515282677731296,1292584.3764774771,2731,360,16578,3856,0.21092060549891875
0.7000000000000001,0.4,0.6,0.95125,24.01304856352078,1288860.5265654773,3036,574,16526,3614,0.23164962612543874
0.7000000000000001,0.4,0.7000000000000001,0.95125,24.01304856352078,1288860.5265654773,3104,1693,15407,3546,0.24673105202495926
0.7000000000000001,0.4,0.8,0.9625,24.568758506044144,1290717.207245477,2968,4575,12363,3619,0.27082763025823525
0.7000000000000001,0.4,0.9,0.96,24.45169016814908,1294737.240029477,3152,7474,9500,3449,0.32742949150781697
0.7000000000000001,0.4,1.0,0.96,24.45169016814908,1294737.240029477,6148,7315,9659,453,0.5487325955016066
0.7000000000000001,0.5,0.1,0.96,24.45169016814908,1294737.240029477,5949,1065,15909,652,0.418075125619312
0.7000000000000001,0.5,0.2,0.96,24.45169016814908,1294737.240029477,5966,1033,15941,635,0.4185491791777747
0.7000000000000001,0.5,0.30000000000000004,0.95375,24.095852158216903,1278686.652753478,4694,875,16189,1942,0.34114611722809696
0.7000000000000001,0.5,0.4,0.95375,24.095852158216903,1278686.652753478,2674,538,16526,3962,0.2069979873045363
0.7000000000000001,0.5,0.5,0.9575,24.198968454479267,1288909.0236134776,2666,287,16723,3949,0.20504537763421013
0.7000000000000001,0.5,0.6,0.96,24.45169016814908,1294737.240029477,2677,312,16662,3924,0.2063993831919815
0.7000000000000001,0.5,0.7000000000000001,0.96,24.45169016814908,1294737.240029477,2813,455,16519,3788,0.21694366251494235
0.7000000000000001,0.5,0.8,0.95,24.172190202942524,1285998.393085478,3076,918,16200,3581,0.23722669957197393
0.7000000000000001,0.5,0.9,0.95875,24.43053612939698,1288303.7958134771,2837,1838,15154,3771,0.2306597829180048
0.7000000000000001,0.5,1.0,0.9625,24.568758506044144,1290717.207245477,2968,4575,12363,3619,0.27082763025823525
0.7000000000000001,0.6,0.1,0.96,24.45169016814908,1294737.240029477,5914,1064,15910,687,0.4161125769569041
0.7000000000000001,0.6,0.2,0.95625,24.2500806288789,1286394.760605477,5920,1042,15986,702,0.41503084688726866
0.7000000000000001,0.6,0.30000000000000004,0.96,24.45169016814908,1294737.240029477,5994,1035,15939,607,0.4201303707857293
0.7000000000000001,0.6,0.4,0.9575,24.220818573868907,1286679.6683974771,2635,814,16196,3980,0.2071052424742592
0.7000000000000001,0.6,0.5,0.95375,24.095852158216903,1278686.652753478,2690,405,16659,3946,0.20704252453338465
0.7000000000000001,0.6,0.6,0.9575,24.198968454479267,1288909.0236134776,2666,287,16723,3949,0.20504537763421013
0.7000000000000001,0.6,0.7000000000000001,0.96,24.433455977889793,1296840.656157477,2627,305,16669,3974,0.2028806425454686
0.7000000000000001,0.6,0.8,0.96,24.45169016814908,1294737.240029477,2787,374,16600,3814,0.2144836078189934
0.7000000000000001,0.6,0.9,0.95125,24.01304856352078,1288860.5265654773,3036,574,16526,3614,0.23164962612543874
0.7000000000000001,0.6,1.0,0.95375,24.095852158216903,1278686.652753478,2819,1056,16008,3817,0.2214193142991792
0.7000000000000001,0.7000000000000001,0.1,0.96,24.45169016814908,1294737.240029477,5879,1064,15910,722,0.41415991546319125
0.7000000000000001,0.7000000000000001,0.2,0.96,24.45169016814908,1294737.240029477,5952,1055,15919,649,0.4180949704973307
0.7000000000000001,0.7000000000000001,0.30000000000000004,0.95625,24.25365361362835,1286268.821517477,5922,1031,15997,700,0.4149819557829088
0.7000000000000001,0.7000000000000001,0.4,0.95375,24.119312184429216,1277886.8123334781,6020,920,16144,616,0.41805555555555557
0.7000000000000001,0.7000000000000001,0.5,0.95375,24.095852158216903,1278686.652753478,2655,731,16333,3981,0.20722759912581953
0.7000000000000001,0.7000000000000001,0.6,0.9625,24.539277986563626,1290683.927245477,2614,373,16565,3973,0.20290305053170846
0.7000000000000001,0.7000000000000001,0.7000000000000001,0.9575,24.198968454479267,1288909.0236134776,2666,287,16723,3949,0.20504537763421013
0.7000000000000001,0.7000000000000001,0.8,0.9625,24.500477482926097,1292272.056477477,2746,341,16597,3841,0.21180100269957577
0.7000000000000001,0.7000000000000001,0.9,0.95875,24.43053612939698,1288303.7958134771,2742,405,16587,3866,0.2114354011643598
0.7000000000000001,0.7000000000000001,1.0,0.95,24.172190202942524,1284718.648413478,3021,536,16582,3636,0.23008377760853008
0.7000000000000001,0.8,0.1,0.96,24.45169016814908,1294737.240029477,5884,1064,15910,717,0.4144391618242648
0.7000000000000001,0.8,0.2,0.96,24.45169016814908,1294737.240029477,5961,1067,15907,640,0.41877129509290806
0.7000000000000001,0.8,0.30000000000000004,0.96,24.45169016814908,1294737.240029477,5976,1033,15941,625,0.41910372396381235
0.7000000000000001,0.8,0.4,0.96,24.45169016814908,1294737.240029477,5994,1035,15939,607,0.4201303707857293
0.7000000000000001,0.8,0.5,0.96,24.45169016814908,1294737.240029477,2897,847,16127,3704,0.22610731707317072
0.7000000000000001,0.8,0.6,0.95375,24.095852158216903,1278686.652753478,2680,628,16436,3956,0.20813917365641504
0.7000000000000001,0.8,0.7000000000000001,0.9575,24.217250253590407,1286805.607485477,2641,355,16655,3974,0.20385164601906527
0.7000000000000001,0.8,0.8,0.9575,24.198968454479267,1288909.0236134776,2665,287,16723,3950,0.2049763488828212
0.7000000000000001,0.8,0.9,0.9625,24.500477482926097,1292272.056477477,2724,327,16611,3863,0.21016896844379293
0.7000000000000001,0.8,1.0,0.9625,24.48229065419995,1294375.472605477,2728,340,16598,3859,0.21055068884343767
0.7000000000000001,0.9,0.1,0.95125,24.192754411317463,1276709.4140814776,5940,1064,16036,710,0.4150073359882624
0.7000000000000001,0.9,0.2,0.96,24.45169016814908,1294737.240029477,5942,1065,15909,659,0.417685927175594
0.7000000000000001,0.9,0.30000000000000004,0.95625,24.2500806288789,1286394.760605477,5920,1042,15986,702,0.41503084688726866
0.7000000000000001,0.9,0.4,0.95625,24.25365361362835,1286268.821517477,5924,1032,15996,698,0.41510756078761124
0.7000000000000001,0.9,0.5,0.95375,24.119312184429216,1277886.8123334781,6021,933,16131,615,0.41829929137140476
0.7000000000000001,0.9,0.6,0.9575,24.220818573868907,1286679.6683974771,2635,814,16196,3980,0.2071052424742592
0.7000000000000001,0.9,0.7000000000000001,0.95375,24.095852158216903,1278686.652753478,2694,582,16482,3942,0.2087401208740121
0.7000000000000001,0.9,0.8,0.9575,24.217250253590407,1286805.607485477,2662,312,16698,3953,0.20496631376323388
0.7000000000000001,0.9,0.9,0.9625,24.500477482926097,1292272.056477477,2707,291,16647,3880,0.20870436760340774
0.7000000000000001,0.9,1.0,0.96,24.45169016814908,1294737.240029477,2761,293,16681,3840,0.21203394386207428
0.7000000000000001,1.0,0.1,0.95125,24.192754411317463,1276709.4140814776,5931,1064,16036,719,0.4145088583708984
0.7000000000000001,1.0,0.2,0.96,24.45169016814908,1294737.240029477,5950,1065,15909,651,0.4181307097680956
0.7000000000000001,1.0,0.30000000000000004,0.96,24.45169016814908,1294737.240029477,5965,1042,15932,636,0.41862586848199873
0.7000000000000001,1.0,0.4,0.96,24.45169016814908,1294737.240029477,5980,1031,15943,621,0.41929603141214417
0.7000000000000001,1.0,0.5,0.9575,24.220818573868907,1286679.6683974771,5958,1019,15991,657,0.41716846380058814
0.7000000000000001,1.0,0.6,0.96,24.45169016814908,1294737.240029477,5564,871,16103,1037,0.39366067638318947
0.7000000000000001,1.0,0.7000000000000001,0.95375,24.095852158216903,1278686.652753478,2751,756,16308,3885,0.21412726211325162
0.7000000000000001,1.0,0.8,0.95375,24.095852158216903,1278686.652753478,2752,532,16532,3884,0.2123456790123457
0.7000000000000001,1.0,0.9,0.9625,24.539277986563626,1290683.927245477,2700,284,16654,3887,0.20816468139239042
0.7000000000000001,1.0,1.0,0.9575,24.198968454479267,1288909.0236134776,2761,285,16725,3854,0.21156277537259108
0.8,0.1,0.1,0.9575,24.198968454479267,1288909.0236134776,2298,967,16043,4317,0.18416412886680558
0.8,0.1,0.2,0.9625,24.568758506044144,1290717.207245477,2372,7054,9884,4215,0.2517645810115162
0.8,0.1,0.30000000000000004,0.96,24.45169016814908,1294737.240029477,6600,8901,8073,1,0.6204756980351603
0.8,0.1,0.4,0.95875,24.45970536874491,1288827.2834934774,6607,9091,7901,1,0.6257813979920439
0.8,0.1,0.5,0.95875,24.45970536874491,1288827.2834934774,6607,9137,7855,1,0.6271476032273374
0.8,0.1,0.6,0.95875,24.45970536874491,1288827.2834934774,6607,9179,7813,1,0.6284002282670724
0.8,0.1,0.7000000000000001,0.95875,24.45970536874491,1288827.2834934774,6607,9207,7785,1,0.6292380952380953
0.8,0.1,0.8,0.95875,24.48930119664582,1288860.5634934772,6607,13905,3087,1,0.810575389522758
0.8,0.1,0.9,0.95875,24.48930119664582,1288860.5634934772,6607,16992,0,1,0.9999243284146803
0.8,0.1,1.0,0.95875,24.50289147091155,1286634.694565477,6607,16992,0,1,0.9999243284146803
0.8,0.2,0.1,0.96,24.45169016814908,1294737.240029477,2248,1103,15871,4353,0.1818770226537217
0.8,0.2,0.2,0.9575,24.198968454479267,1288909.0236134776,2298,967,16043,4317,0.18416412886680558
0.8,0.2,0.30000000000000004,0.95125,24.01304856352078,1288860.5265654773,2529,2289,14811,4121,0.21083784910379325
0.8,0.2,0.4,0.9625,24.568758506044144,1290717.207245477,2372,7054,9884,4215,0.2517645810115162
0.8,0.2,0.5,0.96,24.45169016814908,1294737.240029477,4408,8575,8399,2193,0.4542456718878813
0.8,0.2,0.6,0.96,24.45169016814908,1294737.240029477,6600,8901,8073,1,0.6204756980351603
0.8,0.2,0.7000000000000001,0.96125,24.4669595014697,1294372.496381477,6593,8944,8012,1,0.6220104721920845
0.8,0.2,0.8,0.95875,24.45970536874491,1288827.2834934774,6607,9091,7901,1,0.6257813979920439
0.8,0.2,0.9,0.95875,24.45970536874491,1288827.2834934774,6607,9115,7877,1,0.6264934572349706
0.8,0.2,1.0,0.95875,24.45970536874491,1288827.2834934774,6607,9137,7855,1,0.6271476032273374
0.8,0.30000000000000004,0.1,0.95625,24.2500806288789,1286394.760605477,5504,1120,15908,1118,0.39266604836983665
0.8,0.30000000000000004,0.2,0.9575,24.220818573868907,1286679.6683974771,2194,1120,15890,4421,0.1776590145350014
0.8,0.30000000000000004,0.30000000000000004,0.9575,24.198968454479267,1288909.0236134776,2298,967,16043,4317,0.18416412886680558
0.8,0.30000000000000004,0.4,0.96,24.45169016814908,1294737.240029477,2281,1447,15527,4320,0.18689827522635094
0.8,0.30000000000000004,0.5,0.95375,24.095852158216903,1278686.652753478,2083,3492,13572,4553,0.18689157058902697
0.8,0.30000000000000004,0.6,0.9625,24.568758506044144,1290717.207245477,2372,7054,9884,4215,0.2517645810115162
0.8,0.30000000000000004,0.7000000000000001,0.96,24.45169016814908,1294737.240029477,3139,7236,9738,3462,0.3223123523975768
0.8,0.30000000000000004,0.8,0.96,24.45169016814908,1294737.240029477,6528,8705,8269,73,0.6101504813533976
0.8,0.30000000000000004,0.9,0.96,24.45169016814908,1294737.240029477,6600,8901,8073,1,0.6204756980351603
0.8,0.30000000000000004,1.0,0.96125,24.4669595014697,1294372.496381477,6593,8918,8038,1,0.6212485276796231
0.8,0.4,0.1,0.96,24.45169016814908,1294737.240029477,5527,1132,15842,1074,0.3952091526635681
0.8,0.4,0.2,0.96,24.45169016814908,1294737.240029477,2248,1103,15871,4353,0.1818770226537217
0.8,0.4,0.30000000000000004,0.95375,24.095852158216903,1278686.652753478,2379,1137,15927,4257,0.19076256916045226
0.8,0.4,0.4,0.9575,24.198968454479267,1288909.0236134776,2298,967,16043,4317,0.18416412886680558
0.8,0.4,0.5,0.9625,24.515282677731296,1292584.3764774771,2260,1100,15838,4327,0.18310715009114847
0.8,0.4,0.6,0.95125,24.01304856352078,1288860.5265654773,2529,2289,14811,4121,0.21083784910379325
0.8,0.4,0.7000000000000001,0.95125,24.01304856352078,1288860.5265654773,2465,4541,12559,4185,0.2274614745778352
0.8,0.4,0.8,0.9625,24.568758506044144,1290717.207245477,2372,7054,9884,4215,0.2517645810115162
0.8,0.4,0.9,0.96,24.45169016814908,1294737.240029477,3103,8653,8321,3498,0.3442995839112344
0.8,0.4,1.0,0.96,24.45169016814908,1294737.240029477,4408,8575,8399,2193,0.4542456718878813
0.8,0.5,0.1,0.96,24.45169016814908,1294737.240029477,5531,1142,15832,1070,0.3955800314690316
0.8,0.5,0.2,0.96,24.45169016814908,1294737.240029477,3450,1128,15846,3151,0.26644012820017765
0.8,0.5,0.30000000000000004,0.95375,24.095852158216903,1278686.652753478,2283,1121,15943,4353,0.18365376880379697
0.8,0.5,0.4,0.95375,24.095852158216903,1278686.652753478,2368,1143,15921,4268,0.19001003009027082
0.8,0.5,0.5,0.9575,24.198968454479267,1288909.0236134776,2298,967,16043,4317,0.18416412886680558
0.8,0.5,0.6,0.96,24.45169016814908,1294737.240029477,2247,914,16060,4354,0.18042396017343826
0.8,0.5,0.7000000000000001,0.96,24.45169016814908,1294737.240029477,2244,1784,15190,4357,0.18672768878718535
0.8,0.5,0.8,0.95,24.172190202942524,1285998.393085478,2384,3241,13877,4273,0.2080460773191378
0.8,0.5,0.9,0.95875,24.43053612939698,1288303.7958134771,2243,5042,11950,4365,0.21566270852362868
0.8,0.5,1.0,0.9625,24.568758506044144,1290717.207245477,2372,7054,9884,4215,0.2517645810115162
0.8,0.6,0.1,0.96,24.45169016814908,1294737.240029477,5506,1143,15831,1095,0.3941584938077171
0.8,0.6,0.2,0.95625,24.2500806288789,1286394.760605477,5504,1120,15908,1118,0.39266604836983665
0.8,0.6,0.30000000000000004,0.96,24.45169016814908,1294737.240029477,2248,1103,15871,4353,0.1818770226537217
0.8,0.6,0.4,0.9575,24.220818573868907,1286679.6683974771,2194,1120,15890,4421,0.1776590145350014
0.8,0.6,0.5,0.95375,24.095852158216903,1278686.652753478,2382,1029,16035,4254,0.19015686744102503
0.8,0.6,0.6,0.9575,24.198968454479267,1288909.0236134776,2298,967,16043,4317,0.18416412886680558
0.8,0.6,0.7000000000000001,0.96,24.433455977889793,1296840.656157477,2226,902,16072,4375,0.17880236154062412
0.8,0.6,0.8,0.96,24.45169016814908,1294737.240029477,2281,1447,15527,4320,0.18689827522635094
0.8,0.6,0.9,0.95125,24.01304856352078,1288860.5265654773,2529,2289,14811,4121,0.21083784910379325
0.8,0.6,1.0,0.95375,24.095852158216903,1278686.652753478,2083,3492,13572,4553,0.18689157058902697
0.8,0.7000000000000001,0.1,0.96,24.45169016814908,1294737.240029477,5518,1153,15821,1083,0.39498926270579815
0.8,0.7000000000000001,0.2,0.96,24.45169016814908,1294737.240029477,5527,1123,15851,1074,0.39508202580506807
0.8,0.7000000000000001,0.30000000000000004,0.95625,24.25365361362835,1286268.821517477,2247,1131,15897,4375,0.1814584511023177
0.8,0.7000000000000001,0.4,0.95375,24.119312184429216,1277886.8123334781,2267,1118,15946,4369,0.18246207090828606
0.8,0.7000000000000001,0.5,0.95375,24.095852158216903,1278686.652753478,2313,1105,15959,4323,0.1857234623414164
0.8,0.7000000000000001,0.6,0.9625,24.539277986563626,1290683.927245477,2319,1030,15908,4268,0.1869106149754171
0.8,0.7000000000000001,0.7000000000000001,0.9575,24.198968454479267,1288909.0236134776,2298,967,16043,4317,0.18416412886680558
0.8,0.7000000000000001,0.8,0.9625,24.500477482926097,1292272.056477477,2310,895,16043,4277,0.18524458700882118
0.8,0.7000000000000001,0.9,0.95875,24.43053612939698,1288303.7958134771,2291,1305,15687,4317,0.1863662246807126
0.8,0.7000000000000001,1.0,0.95,24.172190202942524,1284718.648413478,2446,1875,15243,4211,0.20093649880883924
0.8,0.8,0.1,0.96,24.45169016814908,1294737.240029477,5496,1153,15821,1105,0.3937244788308618
0.8,0.8,0.2,0.96,24.45169016814908,1294737.240029477,5527,1132,15842,1074,0.3952091526635681
0.8,0.8,0.30000000000000004,0.96,24.45169016814908,1294737.240029477,5456,1127,15847,1145,0.39105504587155965
0.8,0.8,0.4,0.96,24.45169016814908,1294737.240029477,2248,1103,15871,4353,0.1818770226537217
0.8,0.8,0.5,0.96,24.45169016814908,1294737.240029477,2237,1108,15866,4364,0.18110427461139897
0.8,0.8,0.6,0.95375,24.095852158216903,1278686.652753478,2379,1137,15927,4257,0.19076256916045226
0.8,0.8,0.7000000000000001,0.9575,24.217250253590407,1286805.607485477,2259,1002,16008,4356,0.18157704364600916
0.8,0.8,0.8,0.9575,24.198968454479267,1288909.0236134776,2299,967,16043,4316,0.18423688744640782
0.8,0.8,0.9,0.9625,24.500477482926097,1292272.056477477,2349,875,16063,4238,0.18792751710068403
0.8,0.8,1.0,0.9625,24.48229065419995,1294375.472605477,2275,962,15976,4312,0.1831870520975924
0.8,0.9,0.1,0.95125,24.192754411317463,1276709.4140814776,5674,1171,15929,976,0.40165646126075105
0.8,0.9,0.2,0.96,24.45169016814908,1294737.240029477,5535,1132,15842,1066,0.39566802487668884
0.8,0.9,0.30000000000000004,0.95625,24.2500806288789,1286394.760605477,5504,1120,15908,1118,0.39266604836983665
0.8,0.9,0.4,0.95625,24.25365361362835,1286268.821517477,2248,1132,15896,4374,0.1815392069773076
0.8,0.9,0.5,0.95375,24.119312184429216,1277886.8123334781,2297,1114,15950,4339,0.18462404050958486
0.8,0.9,0.6,0.9575,24.220818573868907,1286679.6683974771,2194,1118,15892,4421,0.17764462977207401
0.8,0.9,0.7000000000000001,0.95375,24.095852158216903,1278686.652753478,2434,1124,15940,4202,0.1946421431427429
0.8,0.9,0.8,0.9575,24.217250253590407,1286805.607485477,2334,933,16077,4281,0.1865260129465356
0.8,0.9,0.9,0.9625,24.500477482926097,1292272.056477477,2402,916,16022,4185,0.19207548678581424
0.8,0.9,1.0,0.96,24.45169016814908,1294737.240029477,2380,797,16177,4221,0.18920422927100725
0.8,1.0,0.1,0.95125,24.192754411317463,1276709.4140814776,5654,1171,15929,996,0.40052420925866894
0.8,1.0,0.2,0.96,24.45169016814908,1294737.240029477,5535,1142,15832,1066,0.39580949656750575
0.8,1.0,0.30000000000000004,0.96,24.45169016814908,1294737.240029477,5525,1122,15852,1076,0.39495317749660447
0.8,1.0,0.4,0.96,24.45169016814908,1294737.240029477,3789,1123,15851,2812,0.2887847261918372
0.8,1.0,0.5,0.9575,24.220818573868907,1286679.6683974771,2297,1088,15922,4318,0.184988322461142
0.8,1.0,0.6,0.96,24.45169016814908,1294737.240029477,2379,1084,15890,4222,0.1913148371531966
0.8,1.0,0.7000000000000001,0.95375,24.095852158216903,1278686.652753478,2414,1064,16000,4222,0.19273453093812376
0.8,1.0,0.8,0.95375,24.095852158216903,1278686.652753478,2510,1072,15992,4126,0.19969766886784948
0.8,1.0,0.9,0.9625,24.539277986563626,1290683.927245477,2503,895,16043,4084,0.1991803604822345
0.8,1.0,1.0,0.9575,24.198968454479267,1288909.0236134776,2529,828,16182,4086,0.19971570717839374
0.9,0.1,0.1,0.9575,24.198968454479267,1288909.0236134776,1310,2281,14729,5305,0.11565286483623201
0.9,0.1,0.2,0.9625,24.568758506044144,1290717.207245477,1623,8534,8404,4964,0.19537739256049116
0.9,0.1,0.30000000000000004,0.96,24.45169016814908,1294737.240029477,6600,9106,7868,1,0.6265128862309555
0.9,0.1,0.4,0.95875,24.45970536874491,1288827.2834934774,6607,9169,7823,1,0.6281015305637418
0.9,0.1,0.5,0.95875,24.45970536874491,1288827.2834934774,6607,9216,7776,1,0.6295078843313802
0.9,0.1,0.6,0.95875,24.45970536874491,1288827.2834934774,6607,16992,0,1,0.9999243284146803
0.9,0.1,0.7000000000000001,0.95875,24.45970536874491,1288827.2834934774,6607,16992,0,1,0.9999243284146803
0.9,0.1,0.8,0.95875,24.48930119664582,1288860.5634934772,6607,16992,0,1,0.9999243284146803
0.9,0.1,0.9,0.95875,24.48930119664582,1288860.5634934772,6607,16992,0,1,0.9999243284146803
0.9,0.1,1.0,0.95875,24.50289147091155,1286634.694565477,6607,16992,0,1,0.9999243284146803
0.9,0.2,0.1,0.96,24.45169016814908,1294737.240029477,1546,1503,15471,5055,0.13091709712930816
0.9,0.2,0.2,0.9575,24.198968454479267,1288909.0236134776,1310,2281,14729,5305,0.11565286483623201
0.9,0.2,0.30000000000000004,0.95125,24.01304856352078,1288860.5265654773,1600,5267,11833,5050,0.1593387442115222
0.9,0.2,0.4,0.9625,24.568758506044144,1290717.207245477,1623,8534,8404,4964,0.19537739256049116
0.9,0.2,0.5,0.96,24.45169016814908,1294737.240029477,3157,9070,7904,3444,0.3574906579096365
0.9,0.2,0.6,0.96,24.45169016814908,1294737.240029477,6600,9106,7868,1,0.6265128862309555
0.9,0.2,0.7000000000000001,0.96125,24.4669595014697,1294372.496381477,6593,9130,7826,1,0.6275162994336839
0.9,0.2,0.8,0.95875,24.45970536874491,1288827.2834934774,6607,9169,7823,1,0.6281015305637418
0.9,0.2,0.9,0.95875,24.45970536874491,1288827.2834934774,6607,9189,7803,1,0.6286992102007802
0.9,0.2,1.0,0.95875,24.45970536874491,1288827.2834934774,6607,9216,7776,1,0.6295078843313802
0.9,0.30000000000000004,0.1,0.95625,24.2500806288789,1286394.760605477,1424,1672,15356,5198,0.12169900008546278
0.9,0.30000000000000004,0.2,0.9575,24.220818573868907,1286679.6683974771,1383,1575,15435,5232,0.1180386634233773
0.9,0.30000000000000004,0.30000000000000004,0.9575,24.198968454479267,1288909.0236134776,1310,2281,14729,5305,0.11565286483623201
0.9,0.30000000000000004,0.4,0.96,24.45169016814908,1294737.240029477,1308,3627,13347,5293,0.12307113285660519
0.9,0.30000000000000004,0.5,0.95375,24.095852158216903,1278686.652753478,1357,6577,10487,5279,0.14686147186147186
0.9,0.30000000000000004,0.6,0.9625,24.568758506044144,1290717.207245477,1623,8534,8404,4964,0.19537739256049116
0.9,0.30000000000000004,0.7000000000000001,0.96,24.45169016814908,1294737.240029477,3091,8609,8365,3510,0.3423603034834136
0.9,0.30000000000000004,0.8,0.96,24.45169016814908,1294737.240029477,4742,9082,7892,1859,0.4930595269040811
0.9,0.30000000000000004,0.9,0.96,24.45169016814908,1294737.240029477,6600,9106,7868,1,0.6265128862309555
0.9,0.30000000000000004,1.0,0.96125,24.4669595014697,1294372.496381477,6593,9108,7848,1,0.6268599952460185
0.9,0.4,0.1,0.96,24.45169016814908,1294737.240029477,1439,1699,15275,5162,0.1234398455929659
0.9,0.4,0.2,0.96,24.45169016814908,1294737.240029477,1546,1503,15471,5055,0.13091709712930816
0.9,0.4,0.30000000000000004,0.95375,24.095852158216903,1278686.652753478,1532,1682,15382,5104,0.13010615711252654
0.9,0.4,0.4,0.9575,24.198968454479267,1288909.0236134776,1310,2281,14729,5305,0.11565286483623201
0.9,0.4,0.5,0.9625,24.515282677731296,1292584.3764774771,1400,3272,13666,5187,0.1293123354731446
0.9,0.4,0.6,0.95125,24.01304856352078,1288860.5265654773,1600,5267,11833,5050,0.1593387442115222
0.9,0.4,0.7000000000000001,0.95125,24.01304856352078,1288860.5265654773,1636,7470,9630,5014,0.18263005135074795
0.9,0.4,0.8,0.9625,24.568758506044144,1290717.207245477,1623,8534,8404,4964,0.19537739256049116
0.9,0.4,0.9,0.96,24.45169016814908,1294737.240029477,2895,9005,7969,3706,0.33152018322359006
0.9,0.4,1.0,0.96,24.45169016814908,1294737.240029477,3157,9070,7904,3444,0.3574906579096365
0.9,0.5,0.1,0.96,24.45169016814908,1294737.240029477,1358,1675,15299,5243,0.11677702295984177
0.9,0.5,0.2,0.96,24.45169016814908,1294737.240029477,1486,1683,15291,5115,0.1271280691248182
0.9,0.5,0.30000000000000004,0.95375,24.095852158216903,1278686.652753478,1534,1516,15548,5102,0.12935323383084577
0.9,0.5,0.4,0.95375,24.095852158216903,1278686.652753478,1555,1766,15298,5081,0.13240240112393034
0.9,0.5,0.5,0.9575,24.198968454479267,1288909.0236134776,1310,2281,14729,5305,0.11565286483623201
0.9,0.5,0.6,0.96,24.45169016814908,1294737.240029477,1346,2879,14095,5255,0.12213047817802378
0.9,0.5,0.7000000000000001,0.96,24.45169016814908,1294737.240029477,1384,4066,12908,5217,0.13248456420810797
0.9,0.5,0.8,0.95,24.172190202942524,1285998.393085478,1643,6107,11011,5014,0.17016208378644296
0.9,0.5,0.9,0.95875,24.43053612939698,1288303.7958134771,1510,7452,9540,5098,0.1710272964095594
0.9,0.5,1.0,0.9625,24.568758506044144,1290717.207245477,1623,8534,8404,4964,0.19537739256049116
0.9,0.6,0.1,0.96,24.45169016814908,1294737.240029477,1455,1672,15302,5146,0.1245825841253532
0.9,0.6,0.2,0.95625,24.2500806288789,1286394.760605477,1424,1672,15356,5198,0.12169900008546278
0.9,0.6,0.30000000000000004,0.96,24.45169016814908,1294737.240029477,1546,1503,15471,5055,0.13091709712930816
0.9,0.6,0.4,0.9575,24.220818573868907,1286679.6683974771,1383,1575,15435,5232,0.1180386634233773
0.9,0.6,0.5,0.95375,24.095852158216903,1278686.652753478,1510,1800,15264,5126,0.12900469884664673
0.9,0.6,0.6,0.9575,24.198968454479267,1288909.0236134776,1310,2281,14729,5305,0.11565286483623201
0.9,0.6,0.7000000000000001,0.96,24.433455977889793,1296840.656157477,1415,2747,14227,5186,0.12723103897855506
0.9,0.6,0.8,0.96,24.45169016814908,1294737.240029477,1308,3627,13347,5293,0.12307113285660519
0.9,0.6,0.9,0.95125,24.01304856352078,1288860.5265654773,1600,5267,11833,5050,0.1593387442115222
0.9,0.6,1.0,0.95375,24.095852158216903,1278686.652753478,1357,6577,10487,5279,0.14686147186147186
0.9,0.7000000000000001,0.1,0.96,24.45169016814908,1294737.240029477,4590,1648,15326,2011,0.3461930082588528
0.9,0.7000000000000001,0.2,0.96,24.45169016814908,1294737.240029477,1414,1712,15262,5187,0.12149331958585728
0.9,0.7000000000000001,0.30000000000000004,0.95625,24.25365361362835,1286268.821517477,1421,1606,15422,5201,0.12111655657362029
0.9,0.7000000000000001,0.4,0.95375,24.119312184429216,1277886.8123334781,1585,1506,15558,5051,0.13331090457967115
0.9,0.7000000000000001,0.5,0.95375,24.095852158216903,1278686.652753478,1479,1605,15459,5157,0.12547722066683634
0.9,0.7000000000000001,0.6,0.9625,24.539277986563626,1290683.927245477,1489,2012,14926,5098,0.1294670028693157
0.9,0.7000000000000001,0.7000000000000001,0.9575,24.198968454479267,1288909.0236134776,1310,2281,14729,5305,0.11565286483623201
0.9,0.7000000000000001,0.8,0.9625,24.500477482926097,1292272.056477477,1429,2957,13981,5158,0.12992680820111832
0.9,0.7000000000000001,0.9,0.95875,24.43053612939698,1288303.7958134771,1404,3288,13704,5204,0.12930558113833118
0.9,0.7000000000000001,1.0,0.95,24.172190202942524,1284718.648413478,1559,4276,12842,5098,0.14806724285307246
0.9,0.8,0.1,0.96,24.45169016814908,1294737.240029477,4655,1636,15338,1946,0.35007896518011583
0.9,0.8,0.2,0.96,24.45169016814908,1294737.240029477,1439,1699,15275,5162,0.1234398455929659
0.9,0.8,0.30000000000000004,0.96,24.45169016814908,1294737.240029477,1505,1715,15259,5096,0.12882516584635137
0.9,0.8,0.4,0.96,24.45169016814908,1294737.240029477,1546,1503,15471,5055,0.13091709712930816
0.9,0.8,0.5,0.96,24.45169016814908,1294737.240029477,1560,1546,15428,5041,0.13226503878926618
0.9,0.8,0.6,0.95375,24.095852158216903,1278686.652753478,1532,1682,15382,5104,0.13010615711252654
0.9,0.8,0.7000000000000001,0.9575,24.217250253590407,1286805.607485477,1390,1969,15041,5225,0.12062830860019093
0.9,0.8,0.8,0.9575,24.198968454479267,1288909.0236134776,1309,2281,14729,5306,0.1155696817198605
0.9,0.8,0.9,0.9625,24.500477482926097,1292272.056477477,1439,2824,14114,5148,0.12999096657633244
0.9,0.8,1.0,0.9625,24.48229065419995,1294375.472605477,1437,2933,14005,5150,0.1304643878523764
0.9,0.9,0.1,0.95125,24.192754411317463,1276709.4140814776,4875,1600,15500,1775,0.36077705827937095
0.9,0.9,0.2,0.96,24.45169016814908,1294737.240029477,1378,1685,15289,5223,0.11844593433041087
0.9,0.9,0.30000000000000004,0.95625,24.2500806288789,1286394.760605477,1424,1672,15356,5198,0.12169900008546278
0.9,0.9,0.4,0.95625,24.25365361362835,1286268.821517477,1399,1546,15482,5223,0.11904863208952049
0.9,0.9,0.5,0.95375,24.119312184429216,1277886.8123334781,1555,1503,15561,5081,0.13093634220276187
0.9,0.9,0.6,0.9575,24.220818573868907,1286679.6683974771,1385,1575,15435,5230,0.11819927458928953
0.9,0.9,0.7000000000000001,0.95375,24.095852158216903,1278686.652753478,1651,1651,15413,4985,0.13932489451476793
0.9,0.9,0.8,0.9575,24.217250253590407,1286805.607485477,1509,1839,15171,5106,0.1295556986477785
0.9,0.9,0.9,0.9625,24.500477482926097,1292272.056477477,1693,2007,14931,4894,0.1458791090431261
0.9,0.9,1.0,0.96,24.45169016814908,1294737.240029477,1831,2246,14728,4770,0.15811744386873922
0.9,1.0,0.1,0.95125,24.192754411317463,1276709.4140814776,4864,1600,15500,1786,0.3601095728140964
0.9,1.0,0.2,0.96,24.45169016814908,1294737.240029477,1366,1673,15301,5235,0.11741447481519683
0.9,1.0,0.30000000000000004,0.96,24.45169016814908,1294737.240029477,1493,1700,15274,5108,0.12778158165011982
0.9,1.0,0.4,0.96,24.45169016814908,1294737.240029477,1559,1649,15325,5042,0.13276559506067703
0.9,1.0,0.5,0.9575,24.220818573868907,1286679.6683974771,1579,1402,15608,5036,0.132677926224687
0.9,1.0,0.6,0.96,24.45169016814908,1294737.240029477,1756,1466,15508,4845,0.14716111460297507
0.9,1.0,0.7000000000000001,0.95375,24.095852158216903,1278686.652753478,1875,1371,15693,4761,0.15493306891422906
0.9,1.0,0.8,0.95375,24.095852158216903,1278686.652753478,2064,1355,15709,4572,0.16911794829775903
0.9,1.0,0.9,0.9625,24.539277986563626,1290683.927245477,1977,1434,15504,4610,0.16428452717300981
0.9,1.0,1.0,0.9575,24.198968454479267,1288909.0236134776,1902,1394,15616,4713,0.1576264865536817
1.0,0.1,0.1,0.9575,24.198968454479267,1288909.0236134776,1022,4643,12367,5593,0.10217956408718257
1.0,0.1,0.2,0.9625,24.568758506044144,1290717.207245477,1372,9063,7875,5215,0.17329796640141468
1.0,0.1,0.30000000000000004,0.96,24.45169016814908,1294737.240029477,6599,9160,7814,2,0.6280574854858666
1.0,0.1,0.4,0.95875,24.45970536874491,1288827.2834934774,6606,9225,7767,2,0.6297125971116725
1.0,0.1,0.5,0.95875,24.45970536874491,1288827.2834934774,6606,16992,0,2,0.9998486453761163
1.0,0.1,0.6,0.95875,24.45970536874491,1288827.2834934774,6606,16992,0,2,0.9998486453761163
1.0,0.1,0.7000000000000001,0.95875,24.45970536874491,1288827.2834934774,6606,16992,0,2,0.9998486453761163
1.0,0.1,0.8,0.95875,24.48930119664582,1288860.5634934772,6606,16992,0,2,0.9998486453761163
1.0,0.1,0.9,0.95875,24.48930119664582,1288860.5634934772,6606,16992,0,2,0.9998486453761163
1.0,0.1,1.0,0.95875,24.50289147091155,1286634.694565477,6606,16992,0,2,0.9998486453761163
1.0,0.2,0.1,0.96,24.45169016814908,1294737.240029477,960,3335,13639,5641,0.09056603773584905
1.0,0.2,0.2,0.9575,24.198968454479267,1288909.0236134776,1022,4643,12367,5593,0.10217956408718257
1.0,0.2,0.30000000000000004,0.95125,24.01304856352078,1288860.5265654773,1486,7806,9294,5164,0.17051061388410785
1.0,0.2,0.4,0.9625,24.568758506044144,1290717.207245477,1372,9063,7875,5215,0.17329796640141468
1.0,0.2,0.5,0.96,24.45169016814908,1294737.240029477,3099,9128,7846,3502,0.3532429043656674
1.0,0.2,0.6,0.96,24.45169016814908,1294737.240029477,6599,9160,7814,2,0.6280574854858666
1.0,0.2,0.7000000000000001,0.96125,24.4669595014697,1294372.496381477,6592,9171,7785,2,0.6286776977731152
1.0,0.2,0.8,0.95875,24.45970536874491,1288827.2834934774,6606,9225,7767,2,0.6297125971116725
1.0,0.2,0.9,0.95875,24.45970536874491,1288827.2834934774,6606,15921,1071,2,0.9248862443122157
1.0,0.2,1.0,0.95875,24.45970536874491,1288827.2834934774,6606,16992,0,2,0.9998486453761163
1.0,0.30000000000000004,0.1,0.95625,24.2500806288789,1286394.760605477,860,3153,13875,5762,0.0805356557568947
1.0,0.30000000000000004,0.2,0.9575,24.220818573868907,1286679.6683974771,897,3683,13327,5718,0.08608858390517779
1.0,0.30000000000000004,0.30000000000000004,0.9575,24.198968454479267,1288909.0236134776,1022,4643,12367,5593,0.10217956408718257
1.0,0.30000000000000004,0.4,0.96,24.45169016814908,1294737.240029477,1167,6843,10131,5434,0.1303983462763283
1.0,0.30000000000000004,0.5,0.95375,24.095852158216903,1278686.652753478,1305,8320,8744,5331,0.15642792927779442
1.0,0.30000000000000004,0.6,0.9625,24.568758506044144,1290717.207245477,1372,9063,7875,5215,0.17329796640141468
1.0,0.30000000000000004,0.7000000000000001,0.96,24.45169016814908,1294737.240029477,2645,9117,7857,3956,0.3093024615564521
1.0,0.30000000000000004,0.8,0.96,24.45169016814908,1294737.240029477,3250,9139,7835,3351,0.3675223340495307
1.0,0.30000000000000004,0.9,0.96,24.45169016814908,1294737.240029477,6599,9160,7814,2,0.6280574854858666
1.0,0.30000000000000004,1.0,0.96125,24.4669595014697,1294372.496381477,6592,9171,7785,2,0.6286776977731152
1.0,0.4,0.1,0.96,24.45169016814908,1294737.240029477,927,8888,8086,5674,0.11873959267324197
1.0,0.4,0.2,0.96,24.45169016814908,1294737.240029477,960,3335,13639,5641,0.09056603773584905
1.0,0.4,0.30000000000000004,0.95375,24.095852158216903,1278686.652753478,1012,4204,12860,5624,0.09869319290033157
1.0,0.4,0.4,0.9575,24.198968454479267,1288909.0236134776,1022,4643,12367,5593,0.10217956408718257
1.0,0.4,0.5,0.9625,24.515282677731296,1292584.3764774771,1144,6297,10641,5443,0.12453733942956673
1.0,0.4,0.6,0.95125,24.01304856352078,1288860.5265654773,1486,7806,9294,5164,0.17051061388410785
1.0,0.4,0.7000000000000001,0.95125,24.01304856352078,1288860.5265654773,1567,8813,8287,5083,0.18989335918565195
1.0,0.4,0.8,0.9625,24.568758506044144,1290717.207245477,1372,9063,7875,5215,0.17329796640141468
1.0,0.4,0.9,0.96,24.45169016814908,1294737.240029477,2170,9106,7868,4431,0.2608329827513673
1.0,0.4,1.0,0.96,24.45169016814908,1294737.240029477,3099,9128,7846,3502,0.3532429043656674
1.0,0.5,0.1,0.96,24.45169016814908,1294737.240029477,919,10162,6812,5682,0.12824448785933576
1.0,0.5,0.2,0.96,24.45169016814908,1294737.240029477,944,3083,13891,5657,0.08807613360701623
1.0,0.5,0.30000000000000004,0.95375,24.095852158216903,1278686.652753478,976,3446,13618,5660,0.09194536033914272
1.0,0.5,0.4,0.95375,24.095852158216903,1278686.652753478,1017,4390,12674,5619,0.10006395434643578
1.0,0.5,0.5,0.9575,24.198968454479267,1288909.0236134776,1022,4643,12367,5593,0.10217956408718257
1.0,0.5,0.6,0.96,24.45169016814908,1294737.240029477,1135,6037,10937,5466,0.12156589728484979
1.0,0.5,0.7000000000000001,0.96,24.45169016814908,1294737.240029477,1188,7197,9777,5413,0.13526130023909827
1.0,0.5,0.8,0.95,24.172190202942524,1285998.393085478,1513,8304,8814,5144,0.17816768723504475
1.0,0.5,0.9,0.95875,24.43053612939698,1288303.7958134771,1382,8851,8141,5226,0.17134709565433018
1.0,0.5,1.0,0.9625,24.568758506044144,1290717.207245477,1372,9063,7875,5215,0.17329796640141468
1.0,0.6,0.1,0.96,24.45169016814908,1294737.240029477,919,10144,6830,5682,0.12808362369337978
1.0,0.6,0.2,0.95625,24.2500806288789,1286394.760605477,860,3153,13875,5762,0.0805356557568947
1.0,0.6,0.30000000000000004,0.96,24.45169016814908,1294737.240029477,960,3335,13639,5641,0.09056603773584905
1.0,0.6,0.4,0.9575,24.220818573868907,1286679.6683974771,897,3683,13327,5718,0.08608858390517779
1.0,0.6,0.5,0.95375,24.095852158216903,1278686.652753478,1027,4484,12580,5609,0.10146717383786988
1.0,0.6,0.6,0.9575,24.198968454479267,1288909.0236134776,1022,4643,12367,5593,0.10217956408718257
1.0,0.6,0.7000000000000001,0.96,24.433455977889793,1296840.656157477,1138,5892,11082,5463,0.12092874980075448
1.0,0.6,0.8,0.96,24.45169016814908,1294737.240029477,1167,6843,10131,5434,0.1303983462763283
1.0,0.6,0.9,0.95125,24.01304856352078,1288860.5265654773,1486,7806,9294,5164,0.17051061388410785
1.0,0.6,1.0,0.95375,24.095852158216903,1278686.652753478,1305,8320,8744,5331,0.15642792927779442
1.0,0.7000000000000001,0.1,0.96,24.45169016814908,1294737.240029477,919,10090,6884,5682,0.12760344348792002
1.0,0.7000000000000001,0.2,0.96,24.45169016814908,1294737.240029477,933,3504,13470,5668,0.0888402209103028
1.0,0.7000000000000001,0.30000000000000004,0.95625,24.25365361362835,1286268.821517477,868,3111,13917,5754,0.08109496893539496
1.0,0.7000000000000001,0.4,0.95375,24.119312184429216,1277886.8123334781,974,3349,13715,5662,0.09134818288393903
1.0,0.7000000000000001,0.5,0.95375,24.095852158216903,1278686.652753478,989,3910,13154,5647,0.09519226141777756
1.0,0.7000000000000001,0.6,0.9625,24.539277986563626,1290683.927245477,1056,4415,12523,5531,0.10473073490032728
1.0,0.7000000000000001,0.7000000000000001,0.9575,24.198968454479267,1288909.0236134776,1022,4643,12367,5593,0.10217956408718257
1.0,0.7000000000000001,0.8,0.9625,24.500477482926097,1292272.056477477,1120,5746,11192,5467,0.11852478967141118
1.0,0.7000000000000001,0.9,0.95875,24.43053612939698,1288303.7958134771,1155,6498,10494,5453,0.12652681163389384
1.0,0.7000000000000001,1.0,0.95,24.172190202942524,1284718.648413478,1396,7460,9658,5261,0.15764214330077353
1.0,0.8,0.1,0.96,24.45169016814908,1294737.240029477,915,10057,6917,5686,0.1267927665765953
1.0,0.8,0.2,0.96,24.45169016814908,1294737.240029477,927,8888,8086,5674,0.11873959267324197
1.0,0.8,0.30000000000000004,0.96,24.45169016814908,1294737.240029477,937,3069,13905,5664,0.08739448771160752
1.0,0.8,0.4,0.96,24.45169016814908,1294737.240029477,960,3335,13639,5641,0.09056603773584905
1.0,0.8,0.5,0.96,24.45169016814908,1294737.240029477,976,3640,13334,5625,0.09334799866099182
1.0,0.8,0.6,0.95375,24.095852158216903,1278686.652753478,1012,4204,12860,5624,0.09869319290033157
1.0,0.8,0.7000000000000001,0.9575,24.217250253590407,1286805.607485477,993,4270,12740,5622,0.09760172989974444
1.0,0.8,0.8,0.9575,24.198968454479267,1288909.0236134776,1022,4652,12358,5593,0.10222555638909728
1.0,0.8,0.9,0.9625,24.500477482926097,1292272.056477477,1144,5449,11489,5443,0.1190426638917794
1.0,0.8,1.0,0.9625,24.48229065419995,1294375.472605477,1159,5785,11153,5428,0.12265199216889783
1.0,0.9,0.1,0.95125,24.192754411317463,1276709.4140814776,919,10263,6837,5731,0.12758572816881855
1.0,0.9,0.2,0.96,24.45169016814908,1294737.240029477,922,10222,6752,5679,0.1291768826619965
1.0,0.9,0.30000000000000004,0.95625,24.2500806288789,1286394.760605477,860,3153,13875,5762,0.0805356557568947
1.0,0.9,0.4,0.95625,24.25365361362835,1286268.821517477,877,3132,13896,5745,0.08198177144192569
1.0,0.9,0.5,0.95375,24.119312184429216,1277886.8123334781,973,3322,13742,5663,0.0911432719778933
1.0,0.9,0.6,0.9575,24.220818573868907,1286679.6683974771,897,3682,13328,5718,0.08608445297504798
1.0,0.9,0.7000000000000001,0.95375,24.095852158216903,1278686.652753478,1038,4129,12935,5598,0.10073268960163036
1.0,0.9,0.8,0.9575,24.217250253590407,1286805.607485477,1004,4035,12975,5611,0.09750412741575216
1.0,0.9,0.9,0.9625,24.500477482926097,1292272.056477477,1138,4256,12682,5449,0.11153035723036213
1.0,0.9,1.0,0.96,24.45169016814908,1294737.240029477,1152,4343,12631,5449,0.1130298273155416
1.0,1.0,0.1,0.95125,24.192754411317463,1276709.4140814776,923,10254,6846,5727,0.12802552188085164
1.0,1.0,0.2,0.96,24.45169016814908,1294737.240029477,919,10150,6824,5682,0.1281372002230898
1.0,1.0,0.30000000000000004,0.96,24.45169016814908,1294737.240029477,935,3272,13702,5666,0.08804972219606366
1.0,1.0,0.4,0.96,24.45169016814908,1294737.240029477,944,2873,14101,5657,0.08722165758107733
1.0,1.0,0.5,0.9575,24.220818573868907,1286679.6683974771,883,2943,14067,5732,0.0818919545559935
1.0,1.0,0.6,0.96,24.45169016814908,1294737.240029477,1008,2966,14008,5593,0.09325993431095897
1.0,1.0,0.7000000000000001,0.95375,24.095852158216903,1278686.652753478,1037,2898,14166,5599,0.09496771830212006
1.0,1.0,0.8,0.95375,24.095852158216903,1278686.652753478,1086,3017,14047,5550,0.09977490927465663
1.0,1.0,0.9,0.9625,24.539277986563626,1290683.927245477,1216,3254,13684,5371,0.11318471634011262
1.0,1.0,1.0,0.9575,24.198968454479267,1288909.0236134776,1048,3154,13856,5567,0.09740229564570844
0.8,0.1,0.9,0.95875,24.3553920578434,1304337.3436854775,6607,15543,1449,1,0.9011183851609383
0.8,0.1,0.9,0.95875,24.3553920578434,1304337.3436854775,6607,15543,1449,1,0.9011183851609383
0.8,0.1,0.9,0.95875,24.48930119664582,1288860.5634934772,6607,16992,0,1,0.9999243284146803
0.8,0.8,0.2,0.96,24.45169016814908,1294737.240029477,5527,1132,15842,1074,0.3952091526635681
0.8,0.1,0.9,0.97625,26.699982791006768,598949.0587696081,6635,16918,146,1,0.9890437504658269
0.8,0.1,0.9,0.97625,26.699982791006768,598949.0587696081,6635,16801,263,1,0.9804935717452342
0.8,0.1,0.9,0.945,29.553595943384902,556766.7787699508,7209,18208,332,1,0.9774252593044539
0.8,0.8,0.1,0.93,27.850813270560337,620922.749165679,2330,11738,6208,4649,0.30031578268995296
0.6,0.6,0.4,0.935,30.06117276767211,613307.0465935554,3301,8966,8530,3503,0.35427958143278776
0.6,adaptive_alpha,adaptive_beta,0.965,31.206576991027603,587408.5143416177,5678,9384,7878,1035,0.5602644432384429
