timestamp,task_id,task_name,task_size,cycles_per_bit,deadline,src_node,dst_node,trust_score,execution_success,execution_time,energy_consumed,deadline_met,is_dst_malicious
0.0,0,t0,270,200.0,99,3,2,0.7965935804768836,True,52.68211131027075,2.8267625557665657,True,False
0.34,3,t3,300,250.0,49,3,2,0.7962438906855277,False,89.63272686394839,3.1692916794576513,False,False
0.77,6,t6,300,250.0,86,1,3,0.7316355280376804,True,76.67958401283198,3.1970640419988428,True,True
2.25,17,t17,270,1000.0,40,4,1,0.755724165665451,False,262.3599891470013,2.546877717968879,False,False
2.29,19,t19,220,150.0,93,3,1,0.7001168504714254,True,26.835747781235355,2.411654669567695,True,False
3.69,31,t31,270,1000.0,86,1,7,0.7010022669443888,False,283.68559488947307,2.4519850311863323,False,False
3.72,34,t34,170,100.0,43,0,1,0.7971759840564318,False,16.937012732507164,1.8051559209119594,True,False
3.85,35,t35,220,150.0,56,0,3,0.7839768324030261,True,29.75681916872122,2.0005418755410855,True,True
4.25,41,t41,170,100.0,43,5,6,0.7519384334810431,True,14.247953393151437,1.768449843888243,True,False
4.45,42,t42,300,250.0,91,3,6,0.768234746871474,True,79.26238543039054,3.1635391061203446,True,False
5.17,44,t44,300,250.0,89,1,7,0.6962388882721677,True,81.0230122064369,3.209515792515809,True,False
5.71,46,t46,120,75.0,26,7,5,0.7750974491780976,True,9.703278332939139,1.2678247201653392,True,False
5.72,47,t47,300,1000.0,24,7,1,0.6800996228730197,False,255.15465439223547,2.7858329309050998,False,False
5.91,49,t49,270,200.0,35,2,6,0.7108751254780014,False,60.12190142008092,2.851026710047838,False,False
6.1,50,t50,300,1000.0,64,6,4,0.7118044001337737,False,293.0558900932143,2.930740144308768,False,False
6.61,54,t54,270,200.0,40,2,1,0.7515396933083652,False,62.25212813559067,2.8725068083485765,False,False
6.84,57,t57,170,100.0,94,3,6,0.7684522337522264,True,19.64314584401613,1.6183061449131577,True,False
7.06,59,t59,220,150.0,50,6,4,0.7069764939492801,True,35.63820050075877,2.18135669352549,True,False
9.2,72,t72,170,100.0,59,2,5,0.7206343636860358,True,18.407303037570617,1.6553173726139356,True,False
11.03,88,t88,220,150.0,22,3,2,0.789727194689999,False,36.234248666497365,2.2822048888624638,False,False
11.34,90,t90,220,150.0,62,0,6,0.7351244034217786,True,33.23255501125691,2.158882187613694,True,False
12.47,99,t99,270,1000.0,64,0,3,0.7838794775731474,True,272.4340224109442,2.4661275534406686,True,True
12.89,101,t101,80,50.0,59,1,3,0.7325849992951086,True,3.7061477964346405,0.8268663694002344,True,True
13.14,102,t102,80,50.0,45,4,2,0.797583026104744,True,4.71541884043406,0.7436661042351458,True,False
13.44,103,t103,170,500.0,94,6,7,0.6575779394718811,True,71.77692272205708,1.8269916178059173,True,False
14.22,115,t115,170,700.0,65,0,6,0.7358525820200098,False,114.71478436977281,1.5894530724849707,False,False
15.01,119,t119,300,1200.0,78,4,7,0.7863374426514447,False,324.3731235486842,2.886605713144832,False,False
15.16,121,t121,270,200.0,66,4,7,0.7800188756165977,False,51.03741607167206,2.962758646331042,True,False
15.35,123,t123,300,1000.0,29,7,6,0.7647368745423232,False,318.01891337694764,2.702101673664125,False,False
15.74,127,t127,170,700.0,90,4,2,0.7972135474008308,False,102.98338948498915,1.6506263059077861,False,False
15.78,128,t128,300,250.0,28,5,4,0.7435750063971142,False,78.09047314042813,3.1391964711588094,False,False
16.0,129,t129,220,150.0,56,1,5,0.7139795650971389,True,32.50531208668808,2.181637160369063,True,False
16.05,130,t130,170,100.0,30,2,5,0.7218038582304969,True,19.91270688963253,1.556027801410296,True,False
16.96,133,t133,120,75.0,20,5,6,0.752481846629604,True,7.70713386076002,1.1942413128355829,True,False
17.05,134,t134,270,200.0,57,5,1,0.7530213580860081,False,62.02856462678056,2.6942097052091083,False,False
17.39,137,t137,270,1000.0,48,1,3,0.7335154811273882,True,249.3706315704186,2.847270088261765,True,True
17.6,139,t139,80,50.0,42,4,1,0.7500178641703238,False,4.15772990836223,0.7979334803596988,True,False
17.62,140,t140,300,250.0,51,3,6,0.7686653708953637,False,68.6137422646984,3.2962866624849,False,False
18.23,146,t146,120,75.0,72,6,1,0.7156891214558885,True,10.532030440194163,1.1383671399104902,True,False
21.46,169,t169,300,250.0,62,3,6,0.7627002452956383,False,66.78684669223637,2.727054390357957,False,False
22.8,180,t180,80,50.0,95,1,5,0.7151306404618628,True,3.6457476069664776,0.8196563708329454,True,False
22.94,181,t181,220,150.0,28,7,5,0.7751776820127175,False,31.919983777695222,2.108010324554756,False,False
23.19,182,t182,170,100.0,27,6,4,0.7084191458884762,True,18.67323036480572,1.7930761297747817,True,False
24.82,194,t194,220,900.0,39,5,6,0.7530143915151938,False,205.83982532972732,2.015859638769674,False,False
25.29,196,t196,300,250.0,79,6,7,0.6600085625006255,False,76.94146099068035,2.8372435162349,True,False
25.73,200,t200,80,50.0,98,0,6,0.7303921970462762,True,4.115970052989096,0.7487214821917734,True,False
25.95,205,t205,220,700.0,78,6,4,0.7098329447888886,False,164.7809673581507,2.1303273538011585,False,False
26.21,208,t208,220,150.0,98,1,7,0.697744777173391,True,29.43915479992796,2.2898849416601434,True,False
26.27,210,t210,220,150.0,42,7,6,0.7588503188696586,True,37.59664274818957,2.337813337677156,True,False
26.95,217,t217,220,150.0,53,4,1,0.7444256887050992,True,28.320520194944173,2.174315855436237,True,False
27.13,218,t218,300,1000.0,67,3,2,0.7833408326143808,False,318.82753148049676,2.876465145847864,False,False
27.54,221,t221,300,250.0,21,0,6,0.7312150197720174,False,61.97943826232789,2.872297434903201,False,False
27.77,222,t222,300,1000.0,64,0,1,0.790640646193485,False,329.1623434954572,3.001083476748351,False,False
29.77,230,t230,270,200.0,62,2,1,0.7459170812603798,True,43.81635379494561,2.502901782138389,True,False
30.82,241,t241,270,200.0,42,3,6,0.7568544222079073,False,54.325556219639566,2.541923579261454,False,False
31.42,247,t247,170,700.0,49,1,5,0.7162586943192922,False,129.64217966847346,1.8117981071298048,False,False
32.03,251,t251,80,50.0,79,5,6,0.7473622855030718,True,4.459807543859212,0.8270689816766448,True,False
32.22,254,t254,170,100.0,62,1,7,0.6992205482965899,True,14.518081213187703,1.6631553487218356,True,False
32.42,257,t257,270,200.0,81,1,7,0.7006668039973247,True,44.42961521744273,2.5789570133897675,True,False
32.57,259,t259,300,1000.0,59,2,6,0.7059142896351079,False,346.1492428299851,2.958574006554568,False,False
33.56,265,t265,300,250.0,27,2,1,0.746580921453354,False,72.64863447499728,2.7917088564619914,False,False
33.83,268,t268,170,100.0,28,2,5,0.7229499628840688,True,15.047176401388601,1.856970775569848,True,False
34.07,273,t273,120,75.0,64,0,3,0.7837840698398663,True,8.596859507912223,1.26383620139405,True,True
34.25,274,t274,300,1200.0,33,1,3,0.7344273533230222,True,375.9530054294196,2.805823421523276,True,True
35.38,278,t278,120,75.0,51,0,6,0.7258473860432437,True,9.193544717358538,1.0859228466448771,True,False
36.55,285,t285,170,500.0,41,5,6,0.7479972216111922,False,83.53898225321196,1.727474647875163,False,False
36.66,286,t286,220,150.0,74,0,3,0.7836905702612508,True,34.775716878260326,2.205145615444719,True,True
37.16,290,t290,270,200.0,79,0,1,0.7842360150877971,True,48.60684489111685,2.771329319144007,True,False
37.22,291,t291,170,100.0,90,5,1,0.7472175975909546,True,13.741530553737167,1.596763875425292,True,False
37.43,293,t293,220,150.0,40,1,5,0.711190187099573,True,31.270202611608482,2.169560828178122,True,False
39.88,313,t313,270,200.0,41,3,6,0.7511255155819311,False,56.92134953977223,2.6429307382392793,False,False
39.95,315,t315,270,200.0,90,7,1,0.675754297082226,True,57.783724988646966,2.554855156247368,True,False
40.68,322,t322,300,1200.0,70,2,6,0.7010526705090725,False,420.3843410872282,2.7580555207041075,False,False
40.92,323,t323,270,900.0,60,0,6,0.7267611049890456,False,210.58696830660747,2.922829740292357,False,False
41.08,326,t326,300,250.0,67,7,1,0.6776698778072482,False,83.05264329795153,3.1786296466591075,False,False
41.17,327,t327,220,900.0,58,1,7,0.7020841345840448,False,203.1415184074489,2.2865012141213747,False,False
41.96,339,t339,270,1000.0,90,2,5,0.7240731454445691,False,306.94521420647584,2.895116304556805,False,False
42.27,341,t341,120,75.0,50,1,7,0.6972991185590306,True,10.395014066165547,1.2493813853842608,True,False
42.6,344,t344,300,1000.0,79,5,6,0.7424454589971502,False,317.43205182068147,2.751782813945706,False,False
42.79,346,t346,170,700.0,44,0,1,0.784133476604223,False,107.43887670480606,1.8130634036783124,False,False
43.39,351,t351,170,100.0,91,1,7,0.6987838028545167,True,16.793970877550258,1.6216796450368607,True,False
44.34,359,t359,170,100.0,63,4,2,0.790677458270996,True,18.66948238730597,1.6577452706158289,True,False
44.85,361,t361,270,200.0,29,5,4,0.7381116880873538,False,53.26171722179208,2.6791492860203787,False,False
46.29,379,t379,120,75.0,79,6,1,0.7168060056934374,True,8.552841592433982,1.2342107623424998,True,False
46.81,383,t383,80,50.0,82,7,1,0.6733731469177698,True,3.6497678467355024,0.8287283718872959,True,False
46.96,385,t385,270,200.0,39,6,1,0.7179005522462353,False,45.917816983095065,2.4955690171964973,False,False
47.58,387,t387,220,900.0,42,6,4,0.7050444677112926,False,202.66088640495184,2.0492628735161165,False,False
48.23,396,t396,120,75.0,53,6,1,0.7127992078679773,True,8.927177892249922,1.0908463415512093,True,False
48.41,401,t401,170,100.0,76,3,6,0.7455111870884743,True,20.076983113712586,1.7619744616911754,True,False
49.32,407,t407,80,50.0,45,1,7,0.700238793464093,True,3.2096480080262046,0.7338183735417532,True,False
49.48,408,t408,300,250.0,97,6,1,0.7139738903772844,True,82.7740253362126,3.045505134112127,True,False
49.68,409,t409,220,150.0,53,5,1,0.7477039123058022,True,33.510562116755835,2.3865270242845855,True,False
49.93,410,t410,220,150.0,32,4,2,0.790446090923758,False,33.552034149206996,2.0791719883934485,False,False
50.19,411,t411,300,250.0,88,4,2,0.7840453509234647,True,77.74121915081231,2.7954324328393643,True,False
50.39,413,t413,170,100.0,74,5,6,0.737004731635389,True,19.822980209986977,1.866077712234326,True,False
51.84,422,t422,170,100.0,29,4,2,0.7839466257231772,True,16.97582861324572,1.6697681371937376,True,False
51.85,423,t423,220,700.0,93,7,6,0.7592554943104473,False,173.89065429807718,2.0920913805691996,False,False
51.94,424,t424,80,50.0,36,7,5,0.7690823101906451,True,3.5233721665951783,0.790984824344342,True,False
51.98,426,t426,120,75.0,53,4,7,0.7738266799224476,True,9.697317203495496,1.1295317335147814,True,False
52.68,431,t431,220,150.0,41,5,6,0.737846818820863,True,38.97638480490643,2.2878610435470597,True,False
52.85,433,t433,300,250.0,60,2,1,0.7410574848424688,False,77.66266678636171,3.2629629217549985,False,False
53.23,438,t438,300,250.0,94,2,1,0.7356445169638013,True,89.79886800088266,2.7303442632507964,True,False
54.77,447,t447,170,100.0,39,6,4,0.7003517601752486,True,15.751322107392054,1.7705789130296046,True,False
54.84,449,t449,120,75.0,26,5,6,0.7386720642626277,True,8.74599955446074,1.1444278866820614,True,False
54.88,450,t450,300,250.0,61,1,7,0.7016646842614779,False,80.17524833152846,2.9358641307939326,False,False
55.16,451,t451,220,700.0,99,2,5,0.7189998643538597,False,125.35394368368509,2.3254637491502126,False,False
55.31,454,t454,220,150.0,35,5,1,0.7481805007263528,True,26.440130859337845,2.229217894208627,True,False
55.42,457,t457,170,100.0,29,2,1,0.7365138084427071,True,14.934017453525804,1.7006025810637502,True,False
55.61,459,t459,80,50.0,60,1,5,0.7123970500242484,True,3.6450107942311534,0.8649369779591002,True,False
55.66,460,t460,300,1200.0,54,1,7,0.6968880572429149,False,346.7525676826727,2.945077880376589,False,False
56.31,466,t466,170,100.0,86,6,5,0.6570438268427617,True,18.91738294313204,1.5850818728597997,True,False
56.46,467,t467,220,900.0,24,6,4,0.7019269067899254,False,161.17154437652573,2.3769009811045922,False,False
57.4,474,t474,270,900.0,28,1,3,0.7353209880747437,True,257.7786343388322,2.4657145220421963,True,True
57.82,476,t476,170,100.0,30,1,3,0.7361967501314306,True,17.67936168727215,1.7194152050069327,True,True
58.9,482,t482,270,200.0,40,0,3,0.7835989406742075,True,49.61928641518722,2.629568163089657,True,True
58.99,483,t483,80,50.0,49,5,1,0.7486475573784924,True,4.462698078919802,0.7267211446168292,True,False
59.15,484,t484,120,75.0,69,1,5,0.71357977569043,True,7.664455252731929,1.116115157273713,True,False
59.62,485,t485,170,700.0,27,1,3,0.7370549969469838,True,124.40783603962109,1.657089942078677,True,True
59.9,487,t487,170,500.0,63,5,6,0.7394808047955569,False,72.47126513923313,1.7769018793669826,False,False
61.31,499,t499,120,75.0,35,5,1,0.7491052728975893,True,7.847885892183443,1.0977998954658321,True,False
61.73,503,t503,220,150.0,51,0,6,0.7214825495559313,True,39.49447912483647,2.3829936470005664,True,False
63.61,513,t513,170,100.0,42,3,1,0.7016966952801788,True,15.585131334349336,1.645722189111189,True,False
64.01,518,t518,220,700.0,86,5,4,0.7327576361437885,False,140.4606557978028,2.132366097572693,False,False
64.32,520,t520,170,100.0,77,6,5,0.6594851321240883,True,14.869226052139435,1.530146824683502,True,False
66.44,535,t535,300,250.0,32,0,1,0.7778589888903203,False,76.30423985646121,2.879165991217734,False,False
66.61,538,t538,170,500.0,30,3,2,0.777082197780275,False,100.63878357630706,1.712249893751898,False,False
67.56,542,t542,170,700.0,43,6,4,0.6972965504723089,False,138.1694130179464,1.664573980123548,False,False
68.46,549,t549,120,75.0,23,6,4,0.6927588012810445,True,9.220540657965856,1.169697801711809,True,False
68.8,553,t553,300,1200.0,36,1,7,0.6922069627647233,False,336.0242218494676,2.922376489858857,False,False
69.12,558,t558,170,100.0,38,7,5,0.7692828458050139,True,15.264276274719016,1.8294469769856572,True,False
69.84,563,t563,300,250.0,35,4,2,0.7838498750268955,False,64.28181351125448,3.2014767892710756,False,False
71.1,576,t576,170,100.0,33,6,5,0.6618776112997884,False,17.162809228127923,1.532173441193757,True,False
72.04,584,t584,120,75.0,90,4,2,0.7775810593445395,True,9.255246077510126,1.1820473484614908,True,False
72.21,586,t586,170,500.0,78,2,6,0.6962882837655577,False,96.49001631284521,1.666334790881105,False,False
74.32,601,t601,300,250.0,22,5,3,0.7324100525084648,True,78.66950512719264,3.0512075357979653,True,True
75.0,606,t606,300,250.0,36,3,6,0.7461831451648867,False,85.49064719033926,2.8615388085903604,False,False
75.15,608,t608,270,200.0,45,0,1,0.7717099909306958,False,57.08107112182614,2.786312500581022,False,False
77.66,621,t621,220,150.0,91,7,5,0.7694793707070955,True,31.48981805370686,2.2204716066131556,True,False
78.25,631,t631,170,100.0,78,3,2,0.7709487356428514,True,17.090073311698383,1.8285809362367247,True,False
78.52,635,t635,220,150.0,89,3,6,0.7406676640797708,True,38.38191407570165,2.1453319618620355,True,False
78.73,640,t640,300,250.0,23,4,7,0.7739323281421805,False,86.4744157196581,2.9302484846779144,False,False
79.23,644,t644,170,100.0,67,2,5,0.7140280488849643,True,16.965542159377645,1.5659388855958358,True,False
79.34,647,t647,220,900.0,94,0,3,0.7835091436789052,False,665.4483061117512,6.538001861141129,False,True
79.55,649,t649,170,100.0,90,5,6,0.7340993705178276,True,17.494995540416785,1.7548093746569557,True,False
79.88,651,t651,120,75.0,60,7,5,0.7696719651111353,True,9.239874293902,1.2476742895087378,True,False
80.38,655,t655,220,150.0,34,6,1,0.7151250792364053,True,27.466973392247866,2.364848517207348,True,False
80.56,657,t657,270,200.0,90,3,6,0.7414364926163571,True,56.179860723332695,2.7488019544984312,True,False
81.26,664,t664,120,75.0,37,3,1,0.7032449431927569,True,7.3141873110580615,1.1560677169058147,True,False
81.44,668,t668,270,200.0,91,3,1,0.7047622261470836,True,62.09961768197342,2.9633528051510782,True,False
83.72,688,t688,270,200.0,54,6,4,0.6944858070736054,False,54.367881116694804,2.68339300378643,False,False
84.2,695,t695,270,200.0,59,2,6,0.6916191847569133,True,53.76031411357843,2.4850827916355627,True,False
84.25,696,t696,300,1200.0,96,2,5,0.7153296697254469,False,310.43481308332605,3.0849171275997684,False,False
84.31,697,t697,120,75.0,32,7,1,0.6753363506460811,True,8.627137123519997,1.1612909105150957,True,False
85.91,705,t705,120,75.0,80,6,1,0.7162532443183439,True,7.698501765813233,1.1862174485241768,True,False
86.05,707,t707,80,50.0,74,5,6,0.7349995649256529,True,3.896867006249244,0.7544449261018942,True,False
86.12,708,t708,270,200.0,96,6,1,0.7173588460986436,True,59.81860229477421,2.959075322865861,True,False
86.78,714,t714,170,100.0,48,7,6,0.7534785662424202,True,19.617484674818847,1.8225081255070064,True,False
86.96,715,t715,270,200.0,97,2,1,0.7373657140920348,False,49.8604504158178,2.909808384403488,True,False
87.07,718,t718,80,50.0,25,4,2,0.7776116199758304,True,4.278000342938295,0.7218403555404703,True,False
87.28,720,t720,300,1000.0,71,6,1,0.7184423358433375,False,247.22163493031442,3.0301675692126366,False,False
87.72,724,t724,220,150.0,43,0,6,0.7224835652314793,True,30.004476171892136,1.9925401988477578,True,False
88.23,729,t729,220,150.0,92,4,2,0.7776415693944957,True,26.93693012897053,2.3796789839997943,True,False
88.85,733,t733,270,200.0,40,2,1,0.7320265816283759,False,50.30399917303135,2.832574199348474,False,False
89.27,735,t735,300,250.0,74,7,1,0.6772602902998262,True,66.40810490388664,3.1320537330626523,True,False
89.4,736,t736,220,150.0,83,5,1,0.7495538341063043,True,34.59731090233414,2.4088554165440184,True,False
89.68,738,t738,270,1000.0,36,0,3,0.764017142623509,False,569.2243485578985,7.068482107589578,False,True
89.9,741,t741,270,900.0,41,3,6,0.7421899445822118,False,278.5870609618055,2.8664159018888964,False,False
90.17,744,t744,120,75.0,78,1,7,0.6876194901760956,True,8.752876232142382,1.2357527407981272,True,False
91.06,751,t751,80,50.0,59,6,4,0.6900042727503152,True,4.619712143631481,0.8711336155409113,True,False
94.89,776,t776,300,250.0,34,6,1,0.7133301557931374,False,63.24729315124781,3.03293724733482,False,False
97.28,795,t795,80,50.0,40,1,3,0.7277445941047075,False,15.130821555858272,1.6035889757931443,False,True
98.32,803,t803,300,250.0,56,1,3,0.7093678840407951,False,158.43836071358925,6.168594239293801,False,True
99.57,812,t812,300,1000.0,81,4,7,0.7678618633975186,False,336.4261972198121,3.143364505291492,False,False
100.31,817,t817,120,75.0,49,3,2,0.7711119427481762,False,8.568592247293022,1.2686228934901644,True,False
100.77,819,t819,220,900.0,96,5,1,0.7499934240908448,False,174.74539656075692,2.2987623292600343,False,False
100.93,820,t820,220,900.0,66,1,5,0.7147388468432881,False,195.43467250637684,2.165230584169874,False,False
102.32,826,t826,220,150.0,33,2,1,0.7267942318139903,True,32.31460069028126,2.0795142412342176,True,False
102.9,828,t828,220,150.0,22,1,7,0.6892977670392403,False,38.55757345400506,2.079987783933448,False,False
103.31,833,t833,220,150.0,63,6,5,0.6580482408919744,True,34.26644920156805,2.3494350464552225,True,False
103.78,836,t836,270,900.0,48,5,4,0.7275106652390947,False,238.84175207660348,2.9278078293397627,False,False
104.76,841,t841,270,200.0,96,0,6,0.7234645605935164,True,53.85279322591218,2.5376380794614657,True,False
105.3,843,t843,80,50.0,69,5,6,0.7358817554453216,True,4.6300868909114685,0.7451823069604053,True,False
105.56,844,t844,300,250.0,64,0,3,0.7361796939182874,False,224.64442226687368,6.233655101080758,False,True
107.34,852,t852,270,200.0,46,2,5,0.7104312581491198,False,64.2947585533118,2.434677901368954,False,False
107.93,856,t856,170,100.0,36,2,5,0.7056308148043192,True,16.540944589076478,1.7552123193394875,True,False
108.59,866,t866,170,100.0,93,6,4,0.6917863691134907,True,15.962470467718749,1.649147933077981,True,False
109.65,878,t878,80,50.0,57,5,4,0.7223686337524946,True,4.055684853776191,0.791531258142482,True,False
110.5,884,t884,170,700.0,42,1,7,0.6847684783651222,False,125.19306002085776,1.7847557501685374,False,False
111.48,891,t891,300,250.0,31,1,3,0.6886684358327796,False,286.1151103904323,5.313244198413112,False,True
112.14,896,t896,300,250.0,99,0,1,0.7656839729302637,True,74.36386497223327,2.814832798518731,True,False
112.44,898,t898,120,75.0,27,4,2,0.7776709198247876,True,9.674486202907936,1.1536740020841618,True,False
112.64,900,t900,300,250.0,30,5,1,0.7442502222756946,False,69.11790035225471,3.042692271453577,False,False
112.75,902,t902,80,50.0,37,7,1,0.6791457511604962,True,3.7103092775723368,0.7525942669276349,True,False
113.37,907,t907,80,50.0,69,3,1,0.7062491634423238,True,4.3987495481136065,0.7563779931430492,True,False
113.92,911,t911,120,75.0,39,3,2,0.7650978857113945,True,8.236703415750636,1.2033548822571507,True,False
116.18,921,t921,220,900.0,43,1,5,0.7097007365730891,False,215.35502148544109,2.018809933059659,False,False
116.88,927,t927,120,75.0,84,5,6,0.736746302154597,True,10.525871818741429,1.2871472914838045,True,False
117.07,928,t928,270,200.0,36,1,7,0.6803297754644865,False,62.039672167787415,2.5061978898017885,False,False
117.35,930,t930,300,1000.0,28,7,1,0.680993502803953,False,283.0372395708334,2.758789780039229,False,False
117.53,933,t933,270,1000.0,66,0,6,0.7244259360483127,False,246.00640586550915,2.491380704657612,False,False
117.6,934,t934,270,1000.0,67,6,1,0.7083202193439414,False,288.1871110943301,2.4723198579562595,False,False
117.65,936,t936,220,150.0,98,6,1,0.7034104816237293,True,37.245799070911964,2.206658086971516,True,False
117.94,937,t937,80,50.0,23,7,1,0.6766302994145407,True,4.561823035643792,0.8504117923801753,True,False
119.4,953,t953,270,1000.0,95,6,4,0.6935328235494026,False,261.83643080760055,2.728559386871363,False,False
119.92,959,t959,300,250.0,77,1,5,0.7047633885082939,True,62.921539079206426,2.873651275816115,True,False
119.94,960,t960,220,700.0,67,6,4,0.6890703488965965,False,144.86303514898006,2.151363267856508,False,False
120.33,962,t962,170,700.0,35,7,6,0.7539911767357536,False,96.5297110211629,1.5595685729283564,False,False
120.34,963,t963,270,200.0,94,1,3,0.6737192489343059,False,154.00856120625767,5.33766932556216,False,True
120.5,967,t967,270,200.0,77,2,6,0.6932174677284417,True,59.30478331830239,2.899727802953814,True,False
120.62,970,t970,120,75.0,61,2,6,0.6947837850405396,True,10.376990194269759,1.3060443893393687,True,False
120.63,971,t971,220,700.0,61,7,5,0.7698607076270945,False,167.4296124779517,2.1879617789929933,False,False
121.19,977,t977,220,900.0,30,1,7,0.6759798466218633,False,181.95834890840132,2.2870967673407474,False,False
121.47,980,t980,270,1000.0,77,0,1,0.7659524752898402,False,229.3072725232811,2.687842118235901,False,False
122.19,993,t993,300,1200.0,82,2,5,0.7071003803264146,False,327.02228330203235,3.13039382045181,False,False
123.45,1002,t1002,80,50.0,61,1,5,0.7060987874047947,True,4.582508370365021,0.8700179699635046,True,False
123.58,1005,t1005,220,900.0,80,1,5,0.7074074783233655,False,207.46191364729424,2.141630568950829,False,False
123.71,1006,t1006,300,250.0,87,4,1,0.7451193567491791,True,75.22130760481784,3.101077720174578,True,False
123.86,1010,t1010,300,1000.0,75,5,6,0.7375935579296868,False,338.72989765085237,3.044776648173923,False,False
124.59,1020,t1020,270,1000.0,98,2,1,0.7278405289958922,False,304.3936870617337,2.7105734351754243,False,False
125.02,1023,t1023,220,700.0,68,5,4,0.7235034428956265,False,155.39409533536303,2.1875685422101734,False,False
125.16,1026,t1026,220,700.0,96,5,6,0.732249868589275,False,169.85762279736988,2.18297275821292,False,False
125.22,1027,t1027,120,75.0,83,4,7,0.7619128079477502,True,10.305196553138341,1.0913955154128312,True,False
125.44,1029,t1029,270,200.0,55,2,1,0.7226919002341562,True,54.11296830515746,2.802382567556846,True,False
126.1,1034,t1034,300,1200.0,76,4,7,0.7622567336069769,False,322.9625084758446,2.8183259979024107,False,False
126.15,1035,t1035,220,700.0,62,6,1,0.7047729386579213,False,149.11302686504942,2.3685043491805318,False,False
126.52,1037,t1037,170,700.0,77,4,7,0.7564197807530193,False,104.74978020903838,1.8581758760761369,False,False
126.81,1038,t1038,300,250.0,43,2,1,0.7238202440476549,False,67.22805457873628,2.77310479136337,False,False
126.87,1039,t1039,300,250.0,49,6,5,0.6604694578923168,False,62.832790339236176,3.1126409343939843,False,False
128.41,1052,t1052,300,1200.0,95,6,4,0.6846971237368463,False,381.71787160679696,2.7426013186248976,False,False
128.59,1056,t1056,270,200.0,68,7,1,0.6785283600929165,True,61.512178982189816,2.580532509236993,True,False
128.86,1061,t1061,270,200.0,22,1,7,0.6717169163560928,False,64.3149327818647,2.524073443508145,False,False
128.94,1063,t1063,220,700.0,38,4,7,0.7506995669561407,False,151.64994164562455,2.268628012406848,False,False
129.36,1065,t1065,120,75.0,30,0,3,0.7091539342965226,False,33.816597503414656,2.67037792853793,False,True
129.47,1066,t1066,80,50.0,39,0,3,0.691149037428774,True,3.7901689826148313,0.8492684619267777,True,True
129.73,1071,t1071,220,700.0,39,2,5,0.7023665545380682,False,136.8112028468327,2.0401856742714384,False,False
130.04,1077,t1077,80,50.0,88,1,5,0.7025159954235649,True,4.300255459995964,0.8784515768865818,True,False
130.92,1084,t1084,270,200.0,76,7,5,0.7638716752927345,True,49.251079099493836,2.527618789979578,True,False
130.94,1085,t1085,300,1000.0,35,7,5,0.7641764236050615,False,268.45013137247867,2.8377379778859733,False,False
130.99,1086,t1086,80,50.0,43,4,1,0.7457991514323773,True,3.8556640727447853,0.8355881590002053,True,False
131.03,1087,t1087,270,200.0,87,6,4,0.6804113630802912,True,55.16378217791224,2.594933391697741,True,False
131.36,1090,t1090,170,700.0,29,1,6,0.6684073234198785,False,125.14054368485762,1.5587482850329908,False,False
131.39,1092,t1092,170,100.0,34,5,4,0.7184415558558958,True,15.32569329267913,1.5927935718231454,True,False
131.67,1097,t1097,220,700.0,92,0,6,0.7191940839940132,False,152.87436945903613,2.241991810000481,False,False
133.01,1106,t1106,170,100.0,27,2,1,0.7187520209848836,True,13.701471239378888,1.5366152526916053,True,False
134.0,1114,t1114,120,75.0,24,0,1,0.7600416076022253,True,9.665616680884842,1.1112546006982769,True,False
134.55,1119,t1119,80,50.0,79,4,1,0.7464653502219115,True,4.1129964356050825,0.8434342892865152,True,False
134.98,1123,t1123,270,200.0,67,4,2,0.7776996832464736,True,43.78138052245482,2.9580620490249228,True,False
135.97,1130,t1130,170,100.0,67,6,4,0.6823853176368672,True,16.608520609801612,1.6935511073573457,True,False
136.33,1135,t1135,300,1200.0,64,3,6,0.7367543275087495,False,377.71377196764547,2.930255530700864,False,False
137.56,1144,t1144,170,100.0,58,4,2,0.777727871399726,True,18.64041939474443,1.8663194529210163,True,False
138.04,1147,t1147,300,250.0,76,5,6,0.7270130530356713,False,78.67498357221388,3.192416944503494,False,False
138.21,1148,t1148,300,250.0,85,6,4,0.6843197931023116,True,76.69545050096764,3.1192743171658734,True,False
138.72,1153,t1153,270,200.0,29,1,2,0.6689473542704829,False,57.677079397035115,2.4775070362365597,False,False
139.48,1157,t1157,300,1000.0,36,0,1,0.7604229572683626,False,290.7972079224993,3.1994748868874714,False,False
139.62,1158,t1158,300,250.0,98,7,6,0.7483195350192203,False,78.25335419345072,2.8010644530322693,True,False
140.49,1162,t1162,220,900.0,58,5,6,0.7218809737931396,False,226.7724971540249,2.2847433594648363,False,False
140.6,1163,t1163,300,1200.0,22,4,7,0.7450937574351998,False,339.6113867645093,3.269174559743116,False,False
140.72,1166,t1166,170,100.0,38,6,5,0.6566682505526522,True,17.737483079948014,1.6304563096799911,True,False
141.62,1175,t1175,170,500.0,20,4,1,0.7471182250356552,False,98.61852356089143,1.5828633948703057,False,False
141.92,1182,t1182,220,700.0,53,7,6,0.7427613261370178,False,131.44979086899713,2.4002447454706215,False,False
142.56,1187,t1187,170,100.0,51,1,5,0.7038963421817602,True,17.442884273187598,1.7241675882280405,True,False
143.84,1194,t1194,80,50.0,28,4,7,0.7396000641046776,True,4.5134908113219065,0.82428806715378,True,False
144.57,1199,t1199,220,700.0,66,6,4,0.6862155790584473,False,134.0699950630378,2.06049548452245,False,False
144.84,1201,t1201,220,700.0,52,5,1,0.7386218844968474,False,123.6428188234266,2.3006056196338154,False,False
145.11,1202,t1202,300,1200.0,53,7,1,0.6803884595577249,False,292.5906084139961,2.8576433031121047,False,False
145.59,1205,t1205,120,75.0,92,3,2,0.7653781098153484,True,10.0552601053537,1.2128432454158136,True,False
145.94,1208,t1208,300,1200.0,25,1,7,0.6675392446956375,False,372.70325382838104,3.2542966248514125,False,False
146.06,1210,t1210,170,100.0,28,1,6,0.6642958436181478,True,18.354692451118776,1.8232636049845041,True,False
146.5,1213,t1213,80,50.0,91,2,5,0.6977274052654886,True,4.6786139758392675,0.7731775864815366,True,False
146.77,1215,t1215,300,250.0,92,3,2,0.7656527294372233,True,60.41986043331234,3.1709231155631263,True,False
147.25,1219,t1219,300,250.0,60,4,1,0.7415840423531239,False,68.5152610938402,2.8437938141729715,False,False
148.06,1227,t1227,300,250.0,30,4,2,0.7777554957899133,False,70.97368128257958,3.070830535878275,False,False
148.89,1237,t1237,170,500.0,56,2,6,0.6963187760063955,False,90.22288179112434,1.5741601414884918,False,False
149.84,1247,t1247,270,200.0,32,6,5,0.6591170673597809,False,61.449287144688576,2.6570211918987985,False,False
150.41,1258,t1258,170,100.0,31,1,6,0.6664405934124514,True,17.405419140099635,1.6021085628325116,True,False
150.72,1261,t1261,80,50.0,67,0,6,0.7140668689807996,True,3.914165332000327,0.7436441079083673,True,False
151.67,1270,t1270,170,700.0,88,7,5,0.7583010769511422,False,141.66365763238065,1.827536483633583,False,False
151.84,1272,t1272,270,200.0,92,4,7,0.7403902446407659,True,52.333069572879225,2.707982297110726,True,False
152.38,1277,t1277,300,250.0,79,5,6,0.7168515361354587,True,70.98111550328011,2.9723691695285916,True,False
152.88,1280,t1280,300,250.0,72,5,4,0.7196549065569596,False,84.2595603627564,3.064201164437825,False,False
152.99,1282,t1282,300,250.0,78,1,6,0.6685424482108691,True,75.01004089137975,3.268660125576096,True,False
153.77,1288,t1288,220,150.0,49,6,4,0.6818994492954601,False,32.90602696596395,2.1090805882687054,True,False
153.98,1290,t1290,120,75.0,67,7,5,0.7525432372303013,True,7.7417854761608975,1.2797528464520045,True,False
154.5,1297,t1297,220,700.0,64,5,4,0.7146699902440024,False,178.98049217797262,2.2194384267866405,False,False
155.14,1302,t1302,220,900.0,46,5,4,0.7097847722573042,False,198.203400265664,2.2576519688644154,False,False
155.21,1303,t1303,170,100.0,85,3,2,0.7659218566666607,True,20.143294167627662,1.6602706192294652,True,False
157.09,1311,t1311,170,100.0,55,5,4,0.70499725863034,True,17.018778315588666,1.8473096300381509,True,False
157.61,1315,t1315,300,250.0,24,1,5,0.7052490820047916,False,87.81274010567039,2.8110141913326823,False,False
157.89,1318,t1318,120,75.0,72,5,4,0.706479495275915,False,7.5990566457618085,1.2559785719792642,True,False
158.17,1321,t1321,80,50.0,96,5,1,0.7331061134735771,True,3.2327968552100983,0.7267547424896276,True,False
158.35,1323,t1323,300,250.0,87,5,1,0.7338746578707723,True,81.23543986743144,3.2262612853384285,True,False
158.67,1328,t1328,170,700.0,73,4,1,0.7361605433242433,False,141.88389772280854,1.710716236271957,False,False
158.99,1337,t1337,300,1200.0,94,2,1,0.7199591623833678,False,352.343769005863,2.9334037687280534,False,False
159.12,1338,t1338,300,1200.0,71,2,6,0.6916490671529343,False,298.6619041755466,3.0102747214521646,False,False
159.51,1339,t1339,80,50.0,32,3,6,0.7314274227767563,True,3.455096406887123,0.8665241115304703,True,False
159.78,1343,t1343,170,100.0,67,6,4,0.6776696421277327,True,15.053409563324077,1.7947019617230675,True,False
160.33,1346,t1346,80,50.0,99,0,3,0.6929082384983803,True,4.088830243181237,0.7500777696935167,True,True
160.39,1347,t1347,170,100.0,42,1,6,0.6706022659133183,True,17.341106100211498,1.6591262460178202,True,False
160.51,1350,t1350,300,250.0,92,5,1,0.7346278313800235,True,62.517639645569744,3.119662024953156,True,False
161.53,1355,t1355,220,900.0,53,4,1,0.7308455142759402,False,227.27750824838273,2.334224813309979,False,False
161.96,1358,t1358,170,100.0,32,7,6,0.7373142814324593,True,15.797967264123551,1.6741668760241806,True,False
163.2,1362,t1362,120,75.0,74,2,5,0.6993550389783607,True,9.432691353729233,1.1726227241947615,True,False
164.0,1371,t1371,270,200.0,79,2,1,0.7149681609538822,True,57.21798418150536,2.5983868530243126,True,False
164.18,1372,t1372,120,75.0,71,7,1,0.6760373570332371,True,10.399027441096615,1.176293769010497,True,False
164.24,1373,t1373,220,150.0,57,7,5,0.753074554303877,True,37.60065784750978,2.010755467710513,True,False
165.24,1383,t1383,300,250.0,79,0,3,0.6946322555465945,True,82.2014863343922,3.0496404516959537,True,True
166.01,1393,t1393,300,250.0,95,1,2,0.664976589003255,True,68.88557244376857,2.8925430333859654,True,False
166.49,1396,t1396,300,250.0,87,5,1,0.7353659414190897,True,81.96852405718981,2.8417426900575866,True,False
166.51,1397,t1397,220,150.0,99,0,1,0.7546226799411773,True,38.66282057123951,2.15044854148096,True,False
166.59,1398,t1398,220,150.0,65,2,6,0.6870727524765422,True,38.96690778742764,1.9942793107672208,True,False
167.1,1402,t1402,270,900.0,86,6,1,0.6999341465514296,False,255.6829833384879,2.652549393367803,False,False
168.26,1411,t1411,300,1200.0,56,0,6,0.7152161982678503,False,322.7908822387905,3.044935275204657,False,False
168.42,1413,t1413,300,250.0,68,0,6,0.71016854096916,False,71.84688740968821,3.263256516777729,False,False
168.8,1419,t1419,80,50.0,92,6,7,0.6562165730687947,True,4.632911359879973,0.8711702562171943,True,False
169.76,1427,t1427,270,1000.0,56,2,5,0.7009501200169753,False,318.0163791833274,2.9519147698174475,False,False
169.82,1429,t1429,220,700.0,35,4,1,0.7256367858086034,False,138.10974857967898,2.418095074143524,False,False
169.87,1430,t1430,220,700.0,88,2,1,0.7162509795529864,False,173.68345846127963,2.2896590612313226,False,False
170.26,1433,t1433,80,50.0,94,4,7,0.7411646215661324,True,3.3887589062714425,0.8509940118839339,True,False
170.69,1441,t1441,300,1000.0,98,2,5,0.6963392994348176,False,268.9008592190908,2.917301866765562,False,False
170.8,1443,t1443,300,250.0,68,3,1,0.7077063619916591,False,85.4551875892749,3.1616677063002454,False,False
170.93,1444,t1444,270,1000.0,97,6,4,0.6796984311033599,False,232.96285636477685,2.644456154767955,False,False
171.49,1450,t1450,270,200.0,54,7,5,0.7535952450359813,False,56.25859127091985,2.6100303802780287,False,False
171.81,1453,t1453,80,50.0,82,0,1,0.7551124081605356,False,4.4897584004894755,0.8780539906527413,True,False
171.88,1456,t1456,220,150.0,59,7,5,0.7479315219534436,False,30.78331318113298,2.345448169038223,True,False
172.1,1457,t1457,220,900.0,57,6,4,0.6755126442994744,False,218.73549608128042,2.055880249778967,False,False
172.12,1458,t1458,170,100.0,38,3,6,0.732381056139403,True,14.712956807032317,1.562578773837029,True,False
173.86,1470,t1470,270,200.0,24,2,1,0.7113341417801086,False,48.867217049903424,2.784711584941878,False,False
174.43,1474,t1474,300,250.0,90,2,5,0.6918206952643032,True,84.31802567377105,2.9763418575215974,True,False
174.55,1475,t1475,220,150.0,91,5,6,0.7180966872309315,True,32.06989519778211,2.1389355549093882,True,False
175.27,1476,t1476,170,700.0,56,7,5,0.7423810733325565,False,98.75426981042533,1.8441608237100138,False,False
177.67,1489,t1489,220,900.0,35,4,7,0.7419235109529916,False,184.01313232582305,2.026241698718601,False,False
177.84,1493,t1493,80,50.0,75,2,5,0.6935664631771989,True,4.628294733546957,0.7998790879715689,True,False
179.31,1503,t1503,300,1200.0,53,1,5,0.7004007670313626,False,363.2385032921085,3.0181049898592978,False,False
179.45,1504,t1504,120,75.0,75,5,1,0.7360892892573746,True,9.47840416964085,1.131553492765761,True,False
179.92,1510,t1510,300,1000.0,86,4,1,0.7205322319106131,False,260.213390251932,3.1703876393725197,False,False
180.08,1512,t1512,80,50.0,26,1,5,0.6956494183574019,True,3.5726870835880775,0.7584947601608425,True,False
182.31,1522,t1522,220,900.0,70,6,4,0.6714105732316669,False,216.16105866243174,2.070212367082201,False,False
183.36,1527,t1527,120,75.0,24,5,4,0.7017580871885786,True,8.721776204899633,1.237972557231145,True,False
183.56,1530,t1530,120,75.0,92,1,6,0.6726208872617186,True,9.944934401067485,1.2445588042126545,True,False
184.29,1533,t1533,300,250.0,30,1,5,0.6971670966569206,False,63.85159341722044,3.2265613797894455,False,False
184.37,1534,t1534,170,500.0,24,7,1,0.677947276559239,False,71.68201602955371,1.7768947553442542,False,False
184.39,1535,t1535,270,200.0,57,1,5,0.6924804213904489,True,52.66396625913274,2.9417771470331786,True,False
186.96,1554,t1554,80,50.0,95,4,2,0.7716085676922969,True,3.450237819815748,0.7890001529671982,True,False
187.27,1557,t1557,170,100.0,85,2,6,0.6887619640936781,True,17.805017168813194,1.573786909197943,True,False
188.7,1570,t1570,270,200.0,79,0,6,0.7052218368164435,True,56.0578767020269,2.5048461050348463,True,False
189.02,1572,t1572,300,250.0,74,4,2,0.7717585781566328,True,68.35894737258033,3.237063254522013,True,False
189.21,1576,t1576,80,50.0,97,1,6,0.6745991361831509,True,3.3908766788413387,0.7294725413260009,True,False
189.32,1579,t1579,80,50.0,85,4,7,0.7364932225521136,True,4.362693288291286,0.7747498286099382,True,False
189.34,1580,t1580,80,50.0,93,1,6,0.6765378201261546,True,3.9500396769504458,0.7241147395959583,True,False
190.22,1588,t1588,300,1000.0,48,7,5,0.7369416336840872,False,345.0493710051052,3.134578712971665,False,False
190.87,1594,t1594,170,700.0,97,7,6,0.738150177621992,False,100.7012825356912,1.779499166553904,False,False
190.99,1595,t1595,220,150.0,45,7,6,0.7327953558877339,True,36.11866814125544,2.1191016511929694,True,False
191.56,1599,t1599,170,100.0,31,4,2,0.771905588411682,True,18.608339751364667,1.8112885236770675,True,False
192.06,1604,t1604,170,100.0,86,6,7,0.6586744234256007,True,16.8999640493873,1.806327651696912,True,False
192.38,1606,t1606,300,1200.0,22,0,6,0.7065480667467813,False,316.8407263741096,3.100902875988149,False,False
192.91,1611,t1611,270,200.0,23,0,6,0.7016737720785123,False,57.27925019906151,2.9306935599459756,False,False
194.33,1621,t1621,270,1000.0,83,1,5,0.6940614796293065,False,304.253949095109,2.9676827556389105,False,False
194.6,1623,t1623,220,700.0,36,0,6,0.6968969633036088,False,171.90723950612465,2.1587483947454476,False,False
194.67,1624,t1624,80,50.0,20,6,1,0.6951921302870677,True,4.649626988479906,0.860911913094938,True,False
195.42,1632,t1632,270,1000.0,93,6,7,0.6610831167752704,False,290.8138245637071,2.8188524294999326,False,False
195.9,1635,t1635,120,75.0,55,0,1,0.7494183418155067,True,7.852630358517606,1.2822477162715664,True,False
196.59,1640,t1640,270,200.0,78,5,1,0.7367981701388937,True,45.76019968604487,2.8519497643799245,True,False
196.76,1642,t1642,300,250.0,30,6,4,0.6673905435852153,False,88.93137285525873,2.871967248352397,False,False
197.45,1647,t1647,220,150.0,92,7,5,0.7316109828285873,True,28.594010591581004,2.2030202440690405,True,False
199.21,1661,t1661,80,50.0,66,4,7,0.7373455399192531,True,4.223578065187924,0.7540816904858496,True,False
199.54,1664,t1664,270,200.0,95,2,1,0.7065156407626881,True,60.752556898874246,2.596230859125241,True,False
201.27,1670,t1670,170,100.0,76,3,1,0.7029604165700077,True,13.990988397291554,1.676974647393216,True,False
202.9,1686,t1686,220,150.0,81,0,1,0.7500121567973784,True,38.79701781914546,2.398950622260128,True,False
203.04,1688,t1688,80,50.0,23,1,2,0.6672592390413717,True,4.3575484321618925,0.8516480928006797,True,False
203.42,1691,t1691,170,100.0,39,1,2,0.6694962360787261,True,13.638044862541314,1.664373771994524,True,False
203.46,1692,t1692,300,1200.0,35,3,2,0.7661856013515093,False,413.9583775107572,3.2990925008541225,False,False
203.99,1694,t1694,120,75.0,84,2,6,0.6904173914784711,True,8.23502084786843,1.088295301047946,True,False
204.19,1697,t1697,170,100.0,73,4,7,0.7381808109390499,True,17.123653949450773,1.6099802217937762,True,False
204.35,1698,t1698,170,700.0,87,0,3,0.6963217922538444,True,128.56163012879642,1.8477710941910606,True,True
204.7,1704,t1704,300,1200.0,23,5,6,0.7193169353044947,False,366.1862757531241,3.2183664789421838,False,False
204.71,1705,t1705,120,75.0,94,7,1,0.6736449976947209,True,10.2114771943267,1.2219934000444403,True,False
205.07,1707,t1707,270,200.0,67,1,6,0.6784377303902981,True,60.788592586180286,2.5133407657852076,True,False
205.41,1710,t1710,220,150.0,47,1,6,0.6802996424491589,True,30.404119934217775,2.210044979945936,True,False
205.52,1712,t1712,300,250.0,48,3,1,0.7044833900567894,False,71.55886593676662,3.2184825158859516,False,False
205.68,1713,t1713,170,100.0,49,3,1,0.6998019040738355,True,19.27545132564906,1.7293760919966732,True,False
206.51,1719,t1719,270,900.0,55,5,6,0.7143387784165866,False,254.52087751533537,2.7141167730720626,False,False
207.12,1722,t1722,120,75.0,40,5,4,0.7033051072629889,True,10.068360859271056,1.2950652191573881,True,False
207.72,1729,t1729,220,150.0,56,0,6,0.6922156907042033,True,32.30758508895189,2.1522494258384737,True,False
207.95,1730,t1730,220,150.0,62,7,6,0.7337216305881611,True,32.73480686377576,2.3901567217331623,True,False
207.97,1731,t1731,270,200.0,84,5,4,0.7048211869359109,True,49.21438071342925,2.819464142259761,True,False
208.1,1732,t1732,300,1200.0,92,3,1,0.7013880478105406,False,333.942675922272,2.9460767709586717,False,False
209.28,1739,t1739,220,150.0,88,0,6,0.693802043556786,True,28.233399583282903,2.4056483887568665,True,False
209.57,1743,t1743,220,150.0,69,4,1,0.7155297690905827,True,32.94254185269623,2.379105108966767,True,False
209.88,1747,t1747,170,100.0,64,5,6,0.7094601846664367,True,17.011366120927608,1.6476540625099476,True,False
212.21,1765,t1765,270,200.0,72,1,2,0.6716884931753334,True,61.6998256990869,2.919056535053283,True,False
212.42,1767,t1767,170,100.0,50,2,6,0.6920397103155683,True,13.987703187932158,1.7249291790687216,True,False
212.42,1768,t1768,120,75.0,36,7,1,0.6756027644074931,True,8.26088668489265,1.1705249203699246,True,False
212.58,1769,t1769,170,100.0,21,3,2,0.7602700711426609,True,13.632777332395497,1.8373727551757675,True,False
213.78,1776,t1776,270,200.0,42,2,5,0.6952773157318367,False,58.845771340318485,2.7738638307887262,False,False
214.96,1783,t1783,270,200.0,28,1,6,0.6821243162668423,False,53.48536454624174,2.556515757505131,False,False
215.57,1788,t1788,270,900.0,63,6,7,0.6572696362579468,False,219.00811897790888,2.707911220000942,False,False
218.88,1804,t1804,170,700.0,24,3,2,0.7606468515379895,False,108.73810734300989,1.5843393123770015,False,False
218.92,1805,t1805,170,100.0,78,4,2,0.7720496584616302,True,20.346369444342955,1.7712913496180722,True,False
219.29,1807,t1807,220,150.0,64,5,6,0.7108531627912898,True,28.124806980003004,2.0000511273452846,True,False
220.45,1815,t1815,270,1000.0,61,6,5,0.6553429078307672,False,294.6513791727691,2.8998270838187157,False,False
222.26,1822,t1822,300,1000.0,36,1,6,0.6777384966081722,False,295.7481094503694,3.2019003885060924,False,False
222.54,1825,t1825,170,100.0,30,3,2,0.7548420963254115,True,14.045616505516513,1.6473432355460906,True,False
222.9,1827,t1827,220,700.0,75,3,6,0.7333156168347968,False,184.24209640994505,2.261593792033573,False,False
223.95,1836,t1836,220,150.0,71,6,7,0.6535324253509697,True,31.867024253333895,2.198214203122931,True,False
224.0,1837,t1837,220,700.0,45,7,1,0.6775213757860099,False,132.48174184901134,2.020934039659129,False,False
224.05,1838,t1838,300,250.0,83,3,1,0.6967684686725116,False,85.64385536058822,2.7657211763703162,False,False
225.85,1853,t1853,300,250.0,37,3,2,0.7553274362170851,False,76.14770622731943,3.291772193033373,False,False
227.0,1862,t1862,270,1000.0,92,6,7,0.6560439586621322,False,266.0673072797244,2.47035812054039,False,False
227.52,1866,t1866,300,250.0,67,1,6,0.6734403933426754,True,65.09519749912894,3.2890421411738497,True,False
227.92,1869,t1869,170,100.0,37,0,6,0.6953566693523169,True,14.206608437901789,1.592197552672543,True,False
227.95,1870,t1870,270,200.0,31,7,5,0.7325609449901974,False,64.15729675895479,2.8345278579381645,False,False
228.22,1873,t1873,300,1200.0,51,6,4,0.6634509145316928,False,381.62754327604597,3.2742265883401567,False,False
231.5,1891,t1891,220,900.0,50,6,1,0.6967189543479931,False,164.84762292408217,2.237972992756571,False,False
231.5,1890,t1890,270,900.0,67,6,1,0.6920412419276999,False,256.97149460256816,2.9535758429334016,False,False
233.23,1901,t1901,170,500.0,83,1,5,0.689436916703387,False,88.05202144451802,1.5466152001019182,False,False
234.07,1905,t1905,120,75.0,91,2,5,0.6907799512353818,True,7.543393372773849,1.0802033123682664,True,False
235.77,1911,t1911,300,250.0,66,1,5,0.684904845035986,False,79.22810605932958,3.269549238629047,False,False
237.18,1926,t1926,80,50.0,46,7,6,0.7346293797945797,True,3.2418833759264167,0.8320537394826806,True,False
238.92,1943,t1943,270,200.0,61,3,1,0.6922412811172433,True,59.64892611578571,2.945542817141893,True,False
238.95,1944,t1944,120,75.0,33,3,1,0.6939786373130802,True,8.528116181242494,1.1210504838438504,True,False
239.2,1947,t1947,270,900.0,47,2,5,0.692546534028856,False,216.16856984089964,2.868148403097264,False,False
240.07,1952,t1952,80,50.0,34,4,2,0.7721908471105793,True,4.125971837082151,0.8330576355821766,True,False
240.54,1957,t1957,270,200.0,49,4,2,0.7723292119865496,False,62.47037675441334,2.8653630173443236,False,False
240.99,1959,t1959,120,75.0,89,7,5,0.7273179079085753,False,7.466835878127197,1.25414659782615,True,False
241.79,1962,t1962,270,1000.0,66,1,5,0.680463414801933,False,233.47051116940108,2.709031003877152,False,False
242.36,1968,t1968,300,1000.0,53,0,1,0.7505940954796126,False,330.0757451434005,2.872828856978419,False,False
243.09,1972,t1972,270,900.0,52,0,3,0.6979775382269494,True,231.0542491263403,2.6806951214662957,True,True
243.93,1978,t1978,300,250.0,54,3,2,0.7496290693109252,False,85.20413602418964,3.0202301104944373,False,False
243.95,1979,t1979,170,500.0,85,4,7,0.7389993765384507,True,74.27060896286231,1.8539195503192474,True,False
244.14,1981,t1981,170,100.0,76,3,2,0.7440446697428885,True,18.1140704317698,1.6177515187839329,True,False
244.72,1983,t1983,170,100.0,60,7,6,0.7355189740168698,True,16.97403371915131,1.7459390022285393,True,False
245.52,1989,t1989,270,1000.0,88,7,6,0.7363907763547143,False,229.69951148370473,2.7350898732522393,False,False
246.12,1994,t1994,300,250.0,48,4,7,0.7398015708258635,False,76.08208344012262,3.250733522290793,False,False
247.0,2002,t2002,270,1000.0,90,2,5,0.6881037851664608,False,227.01704171322493,2.7973012691870816,False,False
247.0,2003,t2003,270,200.0,68,6,7,0.6523312613070713,True,60.75751955852972,2.898071136126845,True,False
247.37,2008,t2008,80,50.0,67,4,2,0.7662908095650004,True,4.372896436671337,0.7303862541916971,True,False
247.42,2009,t2009,300,250.0,42,2,5,0.6837498912813132,False,89.76129880854943,3.147048812563397,False,False
247.84,2012,t2012,120,75.0,24,1,6,0.6754022521424886,True,10.05961128576804,1.1086343822255516,True,False
248.82,2020,t2020,220,900.0,98,7,5,0.7221797315685857,False,225.98215307901643,2.300109681328173,False,False
249.26,2021,t2021,120,75.0,99,3,1,0.6956812463850004,True,8.420931457883722,1.213399936626696,True,False
250.07,2026,t2026,300,1000.0,59,4,7,0.7344137212275281,False,331.53816015702733,2.96467494682972,False,False
250.11,2028,t2028,270,200.0,49,5,1,0.7374928734027825,True,47.89872430158551,2.539372232884497,True,False
251.06,2034,t2034,120,75.0,49,3,2,0.7447459581662126,True,10.762333847227186,1.2126174400304033,True,False
251.6,2039,t2039,120,75.0,28,4,7,0.7291336286211594,True,9.165484564168985,1.2526631627124714,True,False
252.27,2041,t2041,220,150.0,38,1,2,0.6738369051300086,True,34.683174132049416,2.323695393810339,True,False
252.66,2043,t2043,300,250.0,75,3,2,0.7454332208210702,False,83.72259419467603,2.86550104157574,False,False
252.84,2045,t2045,270,200.0,22,3,2,0.7399327382228306,False,62.82128986862784,2.641120824109618,False,False
252.99,2046,t2046,220,900.0,51,6,7,0.6548668178991116,False,173.16763945204232,2.416941823202292,False,False
253.41,2051,t2051,270,1000.0,97,2,6,0.6936295827759237,False,304.42238619385495,2.7702223777668324,False,False
253.56,2053,t2053,220,150.0,70,5,1,0.7381736826013936,True,28.279590588082414,2.367175547071581,True,False
253.58,2054,t2054,270,1000.0,76,6,4,0.6595900780592409,False,314.89245451347665,2.815506089657984,False,False
255.61,2065,t2065,170,500.0,90,2,6,0.6890136577870719,False,96.70188206592613,1.5794302662791357,False,False
255.64,2066,t2066,270,200.0,51,4,1,0.7168013555269529,False,59.348855032579856,2.7676764112460988,False,False
255.77,2067,t2067,220,150.0,34,6,4,0.6558064583162379,True,27.707815003794998,2.162194887039006,True,False
257.22,2075,t2075,270,200.0,62,2,5,0.6794830752738689,False,47.88769142003029,2.955825851544544,True,False
257.59,2078,t2078,170,100.0,37,4,1,0.7118735102345957,True,15.288245454309234,1.5516221459118837,True,False
257.85,2081,t2081,80,50.0,78,4,2,0.7665471751918822,True,4.6017537461591465,0.8206153047560969,True,False
258.61,2084,t2084,120,75.0,21,0,3,0.6996001692805922,True,9.356889116413022,1.1707329392380625,True,True
258.69,2085,t2085,300,1000.0,44,4,2,0.7667984135062264,False,337.83510932047034,3.027996466345752,False,False
258.8,2086,t2086,300,250.0,93,0,1,0.7449903953882023,True,85.48331647666365,2.7911721240611262,True,False
259.44,2090,t2090,80,50.0,51,5,6,0.7122182813536458,True,3.4195319111582574,0.7548666479029834,True,False
260.58,2095,t2095,300,250.0,38,7,1,0.6732276149369564,False,85.40645281089415,2.845504311419373,False,False
261.98,2101,t2101,220,700.0,92,7,5,0.7171443187553957,False,137.83706147983577,2.035045976650539,False,False
263.09,2111,t2111,120,75.0,43,3,2,0.7345422652765559,True,10.572580219261233,1.2940902921317126,True,False
263.1,2112,t2112,170,100.0,59,0,1,0.74567276929862,True,14.667443180488652,1.629242746296385,True,False
263.69,2115,t2115,80,50.0,33,5,6,0.7135560975447547,True,3.9958435379116564,0.7662252521295416,True,False
263.97,2117,t2117,270,200.0,96,0,3,0.7011903477131621,True,55.62994113711619,2.9529683753003035,True,True
264.04,2119,t2119,170,500.0,99,6,4,0.6582725109680948,True,83.41015474956139,1.8093924466515785,True,False
264.79,2127,t2127,220,900.0,35,1,2,0.6759423488455902,False,223.11532737782102,2.415985313225153,False,False
265.1,2129,t2129,220,150.0,23,1,2,0.6718316836868602,False,33.439147618954124,2.184398239456884,False,False
265.81,2133,t2133,220,150.0,35,4,2,0.7608706270542837,False,35.4648120613046,2.033483783219023,False,False
265.91,2134,t2134,270,200.0,26,3,2,0.7354336017892066,False,47.258885841827876,2.4473277062947028,False,False
266.22,2136,t2136,220,700.0,52,0,3,0.7027487225770807,True,143.38072414689992,2.3787671396463645,True,True
267.24,2141,t2141,270,900.0,37,2,5,0.6753015955865732,False,269.31874957870815,2.573448233091686,False,False
267.24,2140,t2140,300,250.0,33,3,1,0.6973498032754822,False,72.39254617164914,2.7141697456880096,False,False
267.37,2144,t2144,220,700.0,51,6,1,0.6874570837558126,False,154.01730961458102,2.2854503027104,False,False
267.48,2145,t2145,170,100.0,45,3,6,0.7280574863162828,True,13.732159969685396,1.6227903285370298,True,False
268.13,2146,t2146,220,700.0,75,2,1,0.7079675097656163,False,139.67581938604414,2.117018336457872,False,False
268.41,2150,t2150,120,75.0,32,3,1,0.6928109890281544,True,7.726385354258173,1.2054903250147682,True,False
268.69,2152,t2152,220,150.0,52,7,6,0.7310711426458019,True,28.80056539258812,2.084402485955098,True,False
268.85,2153,t2153,80,50.0,25,5,6,0.7148671574120414,True,3.564941599041869,0.7279298783392283,True,False
269.62,2157,t2157,170,100.0,32,3,6,0.7290785184081389,True,17.624839484330707,1.8584509835179024,True,False
271.06,2167,t2167,80,50.0,91,1,5,0.6761108131725609,True,3.711410864705978,0.7441341142866968,True,False
271.1,2168,t2168,170,100.0,25,1,5,0.6780192635757764,True,19.365185481542333,1.813673258337798,True,False
271.52,2171,t2171,270,1000.0,27,4,2,0.7550613963313798,False,258.8530037614663,2.451234010345051,False,False
272.01,2174,t2174,300,250.0,42,3,1,0.6945369510657732,False,67.80743200921081,2.981055441416462,False,False
272.3,2177,t2177,80,50.0,94,5,6,0.7161519960819824,True,3.8464813147640475,0.8476729469312629,True,False
273.75,2184,t2184,220,150.0,91,3,2,0.7301331115716043,True,36.37353938246941,2.161564159661911,True,False
274.38,2189,t2189,300,1000.0,97,0,3,0.7042759299437209,True,308.18516434860544,2.7570733204395665,True,True
275.01,2195,t2195,170,100.0,77,2,1,0.7032163413884858,True,16.375083388289884,1.7432367571276624,True,False
275.4,2199,t2199,80,50.0,33,7,6,0.7320319016110677,True,3.813548394174818,0.7571281207088632,True,False
275.63,2202,t2202,220,150.0,77,1,5,0.6798895449709276,False,29.451923144273024,2.0625790741560004,True,False
276.05,2207,t2207,270,200.0,87,1,2,0.6678032318313049,True,62.28480407374368,2.663579493716463,True,False
276.84,2214,t2214,300,250.0,85,2,6,0.6844900512979971,True,68.2014171197721,2.759365434548461,True,False
277.77,2216,t2216,170,700.0,55,3,6,0.7300791298581579,False,136.33586963213958,1.6019903166775196,False,False
278.82,2221,t2221,270,900.0,56,6,5,0.6516442314923336,False,283.5183060458705,2.66152277275748,False,False
280.04,2225,t2225,220,150.0,80,3,1,0.6900543938626394,True,39.409701575273765,1.997066616584721,True,False
280.84,2229,t2229,170,500.0,21,4,7,0.730133137866918,False,98.4478902233022,1.6923954809375363,False,False
280.93,2232,t2232,220,700.0,40,1,2,0.6700293490128606,False,144.23704569023752,2.1661440551961473,False,False
281.12,2235,t2235,80,50.0,69,7,6,0.7329734453970281,True,4.236118729972954,0.8402954185036896,True,False
281.3,2238,t2238,270,200.0,83,3,6,0.7248857290791766,True,44.9714657776142,2.637061581607447,True,False
282.94,2247,t2247,80,50.0,49,1,2,0.6660369438507853,True,3.5039198095461668,0.8472810366642,True,False
283.22,2250,t2250,220,150.0,22,2,1,0.7047341963788979,False,31.796202639404747,2.4019024288852746,False,False
283.47,2252,t2252,300,1000.0,75,7,1,0.669019729304884,False,283.1069742152738,2.998710147188083,False,False
283.57,2255,t2255,170,100.0,68,4,7,0.7249386569277615,True,14.693464634287084,1.5758083916478354,True,False
284.64,2264,t2264,300,250.0,38,0,6,0.6968802026319372,False,86.91098825230439,3.079715035105626,False,False
284.93,2265,t2265,80,50.0,70,3,1,0.6918354878035685,True,4.302865021142416,0.8542843895942431,True,False
284.96,2266,t2266,80,50.0,96,2,6,0.6862309169387039,False,4.694248871953115,0.7971632132658111,True,False
285.01,2267,t2267,220,150.0,41,7,1,0.6648960013854529,True,29.12831297482649,2.344258343428846,True,False
285.76,2270,t2270,270,200.0,21,0,3,0.7057725931630283,True,49.19406027170546,2.9009058837723,True,True
285.77,2271,t2271,220,150.0,30,5,6,0.7174111379785246,False,34.01717337103704,2.38502997827313,False,False
286.18,2277,t2277,270,200.0,92,6,2,0.6516401515702347,True,48.91738892356721,2.644176838017227,True,False
286.45,2279,t2279,300,1200.0,84,4,1,0.7132182218480856,False,372.5235680205124,3.0079461748966487,False,False
286.56,2281,t2281,300,250.0,30,2,5,0.6712037454930236,False,70.57318206910819,3.096786378182232,False,False
287.62,2290,t2290,300,250.0,68,7,5,0.7122096141984697,False,77.469812731758,2.891173366734414,False,False
288.41,2298,t2298,300,1000.0,63,6,2,0.6540380152054966,False,252.27901012564067,2.728555235270603,False,False
288.64,2300,t2300,300,250.0,92,0,3,0.7072393231179496,True,70.10415207995871,3.2262189085157447,True,True
288.76,2301,t2301,270,200.0,26,2,5,0.6671878524013449,False,51.63881231080922,2.5625014597286673,False,False
289.33,2305,t2305,170,500.0,23,7,5,0.7073736037326822,False,100.0797350475239,1.862785850677896,False,False
290.01,2308,t2308,220,700.0,54,2,6,0.6817629652665965,False,147.65017494346708,2.3004239605581045,False,False
290.09,2310,t2310,220,150.0,22,0,6,0.6921992652459651,False,33.33442057553062,2.147867838963494,False,False
290.35,2312,t2312,170,500.0,73,6,1,0.682964608747363,False,91.95192043105892,1.622378356685896,False,False
290.62,2315,t2315,300,250.0,58,0,6,0.6876119466077125,False,76.23547535672725,2.8469010945395343,False,False
291.01,2319,t2319,270,200.0,84,7,6,0.7338961583072695,True,55.7278310486222,2.6659593435709596,True,False
291.92,2323,t2323,80,50.0,71,5,4,0.7063069450153745,True,4.189652439754635,0.8173298567476094,True,False
291.95,2325,t2325,120,75.0,93,2,5,0.6632522771714998,True,10.399060112873405,1.1987458789727488,True,False
291.98,2326,t2326,270,200.0,45,5,4,0.7077629879332489,False,45.025290869799115,2.488343340047742,False,False
293.16,2332,t2332,270,200.0,92,3,1,0.6935809598656789,True,44.163446407297755,2.4396435957010496,True,False
293.35,2334,t2334,170,700.0,99,5,4,0.7030159099927656,False,139.77514054569406,1.5394048636032567,False,False
296.0,2346,t2346,270,200.0,54,0,6,0.6831163743422249,False,54.91196968551639,2.564804547241474,False,False
296.29,2350,t2350,120,75.0,29,2,1,0.7000476942695018,True,7.55173258251452,1.2886504160694259,True,False
296.36,2351,t2351,300,1200.0,23,1,2,0.6682983867919513,False,324.77920583562985,2.7310646194847794,False,False
297.47,2358,t2358,220,150.0,92,4,2,0.7493683502229341,True,37.16652767931853,2.0988806683093073,True,False
298.03,2360,t2360,120,75.0,22,0,3,0.7086767184737724,True,8.397189818880229,1.1783461702499383,True,True
298.17,2361,t2361,300,250.0,75,1,6,0.6773248737663055,True,62.8600718504725,3.087346720070711,True,False
299.87,2380,t2380,220,150.0,35,1,5,0.6755484207381757,False,38.82884386911173,2.324666056075713,False,False
301.27,2386,t2386,270,200.0,54,2,5,0.6655694134462516,True,50.269759836686546,2.5577875474962872,True,False
301.43,2388,t2388,220,700.0,87,5,4,0.6983637736110923,False,137.99382790395234,2.2064278453798956,False,False
302.07,2392,t2392,170,500.0,76,7,5,0.7026343134762104,False,91.09960820611839,1.7467807160500073,False,False
302.13,2393,t2393,120,75.0,36,7,5,0.6979898090248681,True,9.923190560192177,1.1649528176549513,True,False
302.14,2394,t2394,220,150.0,41,3,1,0.6952915224865472,True,35.79211140660445,2.041391432063226,True,False
303.19,2403,t2403,220,150.0,54,2,5,0.6678402069955084,True,33.11257761521628,2.3352423493831793,True,False
303.45,2405,t2405,300,250.0,63,7,1,0.6670287480244105,False,64.99890938464382,3.135654373397351,False,False
303.68,2408,t2408,80,50.0,37,6,7,0.6511776633593113,True,4.3134010212921385,0.7883755314010847,True,False
304.27,2412,t2412,270,200.0,62,6,1,0.6785619832390825,True,44.94726684574709,2.6875284261519705,True,False
304.64,2414,t2414,170,500.0,22,7,5,0.6996121946625525,False,77.91522671403247,1.866295471232704,False,False
305.06,2420,t2420,120,75.0,30,6,7,0.6537362919103068,True,10.593116069966209,1.2687131106638159,True,False
305.67,2425,t2425,170,500.0,32,0,6,0.678710713522047,False,68.26790552780585,1.5600733808417542,False,False
306.54,2439,t2439,270,200.0,99,2,6,0.6773843726279313,True,57.53185925122544,2.891914901418222,True,False
307.06,2442,t2442,300,1000.0,93,1,5,0.6712941189900788,False,334.11156140803587,2.711764979127918,False,False
307.46,2444,t2444,120,75.0,76,2,5,0.6700655846737801,True,10.643890339463251,1.2192012797707483,True,False
307.68,2445,t2445,170,100.0,26,4,2,0.7499631650366573,True,17.26241695346014,1.8506182129951745,True,False
308.13,2448,t2448,220,150.0,95,4,7,0.7260220656073881,True,39.046424975822546,2.1470569287788646,True,False
308.24,2449,t2449,300,250.0,94,7,6,0.734800416959306,True,64.12755873262303,2.7980889261444135,True,False
308.3,2450,t2450,270,900.0,31,5,6,0.712471097037136,False,214.01217586638964,2.9369344660498897,False,False
308.42,2452,t2452,270,200.0,23,7,1,0.6629448397305889,False,50.46741271748725,2.874205262457007,False,False
308.92,2457,t2457,80,50.0,74,6,7,0.6562437478902826,True,3.2378304068202497,0.8177854293523592,True,False
309.22,2458,t2458,120,75.0,78,5,6,0.7076298569145751,False,9.95159608431938,1.2526696178683958,True,False
310.41,2467,t2467,300,1000.0,51,5,3,0.6961854126684572,True,319.3912364136799,3.0394505741459223,True,True
312.31,2480,t2480,300,1200.0,20,0,6,0.6743931659182728,False,367.29565812981144,2.706930055558607,False,False
312.48,2483,t2483,170,100.0,84,6,7,0.6587010547506588,True,14.690315840545622,1.656813015604291,True,False
312.78,2485,t2485,120,75.0,67,1,5,0.6671249032769438,True,10.399794784711546,1.2634027798785026,True,False
313.22,2487,t2487,220,150.0,60,3,2,0.731112631158354,True,32.02694799185305,2.390172979653795,True,False
314.98,2495,t2495,120,75.0,45,3,6,0.7259701963157749,True,10.631438066899785,1.1767761355653972,True,False
315.16,2497,t2497,120,75.0,71,3,2,0.7320725603533688,True,10.753685418019163,1.2331040823330348,True,False
315.29,2498,t2498,300,250.0,46,2,1,0.7016289222022936,False,73.89307819201048,2.7311316870335465,False,False
315.58,2501,t2501,170,100.0,87,4,2,0.7505460835541059,True,18.5240436433321,1.8016490306720179,True,False
315.88,2503,t2503,170,100.0,90,6,1,0.6804214102409675,True,18.394556915195473,1.776673891695692,True,False
315.93,2505,t2505,220,150.0,57,7,5,0.6950281325874833,True,28.09564673053797,2.408840170407457,True,False
316.79,2512,t2512,170,500.0,32,5,1,0.7388408756160324,False,69.26771959351778,1.7902169553115745,False,False
317.38,2516,t2516,170,100.0,62,6,7,0.6611092154738274,True,14.584598452610297,1.8100191175892069,True,False
317.68,2518,t2518,120,75.0,90,3,1,0.6969678738549981,True,9.421643937590703,1.219527650694738,True,False
317.79,2519,t2519,170,100.0,64,5,3,0.69784388623327,False,40.093767425506044,4.735289495168829,False,True
317.99,2522,t2522,270,200.0,37,6,1,0.6822436487028147,False,46.80167455901496,2.5313930506359723,False,False
319.23,2533,t2533,300,250.0,49,1,2,0.6643406008742941,False,82.48947653223144,2.745084798839567,False,False
319.34,2534,t2534,170,700.0,84,5,6,0.7028854415944654,False,116.7181433209938,1.657131348648722,False,False
320.88,2541,t2541,300,1200.0,63,4,7,0.7270838061134222,False,373.4638738089711,3.0230884138708607,False,False
320.88,2540,t2540,120,75.0,85,5,4,0.6938046799570522,True,8.014152563897008,1.2145770345661768,True,False
321.24,2545,t2545,220,150.0,22,0,6,0.670161969266574,False,27.7732749473119,2.381982874058998,False,False
321.28,2546,t2546,80,50.0,78,4,7,0.7219503118093357,True,3.2162078188593615,0.8380500706722579,True,False
321.66,2549,t2549,80,50.0,45,6,7,0.6634692129825327,True,3.737482387607154,0.846483782457375,True,False
322.67,2554,t2554,170,100.0,58,5,1,0.7333207247703785,True,15.616778700676708,1.7994613974264422,True,False
323.01,2556,t2556,300,250.0,23,4,2,0.7511173437012056,False,69.0865020233702,2.9353404148840037,False,False
323.6,2559,t2559,170,100.0,25,4,2,0.7455031786453633,True,20.01665537443723,1.6834902491228756,True,False
324.93,2571,t2571,120,75.0,63,1,7,0.6634451264683915,True,10.12668945663756,1.2727976889195645,True,False
325.8,2578,t2578,220,150.0,90,1,7,0.6656068906056903,True,34.4000873510884,2.30487627306857,True,False
325.91,2579,t2579,120,75.0,35,6,7,0.6657820105410638,True,9.631560661427182,1.2001849979611152,True,False
326.09,2583,t2583,270,1000.0,75,3,2,0.7330132909644832,False,270.2792922615806,2.753416176915078,False,False
326.25,2585,t2585,300,250.0,20,7,1,0.6589426096026438,False,64.19212612696501,2.8260323853888223,False,False
326.56,2589,t2589,120,75.0,98,0,2,0.6685773971821611,True,8.389941219421546,1.2312720704407436,True,False
327.97,2595,t2595,220,700.0,90,1,5,0.6692130718780717,False,174.75042642476262,2.236148319094927,False,False
328.48,2602,t2602,120,75.0,67,2,6,0.6792673518420392,True,7.3968405158567805,1.258406401932267,True,False
328.83,2605,t2605,300,1000.0,94,5,4,0.695510768176093,False,345.7201458391513,2.8123313648086223,False,False
329.06,2608,t2608,300,250.0,65,6,4,0.6606892425669147,False,65.32026021583086,2.7305626580885907,False,False
329.54,2609,t2609,270,1000.0,58,0,3,0.7057328404222111,False,724.8656840913889,7.528062816572062,False,True
330.36,2614,t2614,170,100.0,78,0,2,0.6707880310566997,True,19.061316056543347,1.8162315569977965,True,False
330.72,2616,t2616,300,250.0,76,3,6,0.7270329742076412,True,68.45832260866442,3.2983404471602222,True,False
330.74,2617,t2617,220,700.0,35,1,7,0.6677254194602432,False,142.65253309584776,2.17084522306445,False,False
331.2,2621,t2621,220,150.0,55,1,5,0.6650854771071769,False,28.79693613120694,2.0847933555729816,True,False
331.27,2622,t2622,270,200.0,39,7,1,0.6550204240772576,False,63.58588638417741,2.7882534808628723,False,False
331.58,2624,t2624,170,100.0,46,3,1,0.6986106981960799,True,16.26279069757809,1.6126180064319533,True,False
331.94,2626,t2626,220,900.0,33,3,6,0.7280744965416702,False,220.56894529095902,2.3635754351220615,False,False
333.13,2635,t2635,220,150.0,58,6,4,0.6568836395337584,True,33.406127699975144,2.177766013816726,True,False
333.39,2636,t2636,220,150.0,90,1,5,0.6610404342317,True,32.483111131254724,2.2565925766687767,True,False
333.5,2638,t2638,300,250.0,89,2,6,0.681112671471865,True,72.26927883616635,3.071971703621106,True,False
333.72,2641,t2641,170,700.0,49,5,4,0.6910087346307531,False,125.9821254993647,1.6539651539268805,False,False
334.44,2647,t2647,220,150.0,32,1,5,0.6632502922137327,True,30.26328036570837,2.1908486701676586,True,False
337.5,2662,t2662,170,500.0,88,0,1,0.7463414957308295,True,70.6630813407572,1.7143499352471063,True,False
337.59,2664,t2664,270,200.0,37,1,5,0.6654159530361247,False,63.06922596283883,2.8945561930146755,False,False
338.2,2669,t2669,270,900.0,76,0,2,0.6729544522537475,False,198.87175824128045,2.456033359253778,False,False
339.04,2676,t2676,170,100.0,69,0,2,0.6689035450268545,True,17.57632714419945,1.8424285736845456,True,False
339.13,2677,t2677,300,250.0,63,4,1,0.7083620392293056,False,74.22228108263818,2.772984402470669,False,False
339.14,2678,t2678,170,100.0,91,7,6,0.7356865904383016,True,14.433060949769397,1.7462375903796048,True,False
339.38,2680,t2680,270,900.0,25,2,6,0.6829210847090944,False,258.2303749049434,2.6500158031777508,False,False
339.72,2684,t2684,80,50.0,22,1,5,0.6613643006420689,True,3.20415188742406,0.8770847405416401,True,False
340.12,2687,t2687,170,100.0,55,4,7,0.7230934873913307,True,16.51977704700662,1.5485364731018836,True,False
341.51,2698,t2698,300,250.0,97,3,6,0.7229211884290186,True,69.42994277106025,2.809581228142071,True,False
341.54,2699,t2699,170,100.0,58,1,7,0.663627577737705,True,15.183002710527052,1.7780924789973416,True,False
341.9,2701,t2701,80,50.0,22,0,1,0.7469968476343948,True,3.8059601345890672,0.8738492591080412,True,False
342.01,2702,t2702,270,200.0,33,3,1,0.7002206660503402,False,48.678336340414795,2.9226148258303053,False,False
342.05,2703,t2703,80,50.0,39,6,7,0.6680485521484244,True,3.7510128510846985,0.8374058083869914,True,False
342.07,2704,t2704,300,250.0,65,2,6,0.6785193296815792,False,72.2289843465368,3.111059101376915,False,False
343.18,2710,t2710,270,900.0,90,3,2,0.7277612069633753,False,275.63110108209094,2.812998126932344,False,False
343.44,2712,t2712,270,200.0,92,1,7,0.6657856928496175,True,57.95006091836936,2.80913779938418,True,False
343.55,2714,t2714,170,500.0,66,1,6,0.679209042957646,False,75.27005134087956,1.5473075518602692,False,False
345.03,2724,t2724,170,100.0,41,2,5,0.6722464547984863,True,13.92994033468795,1.7947093595167594,True,False
345.16,2725,t2725,300,1000.0,37,4,7,0.724213799461686,False,250.54463186854943,3.2679306474355805,False,False
345.41,2727,t2727,220,150.0,80,2,5,0.6743837075206984,False,33.3883847309379,2.0292367300022485,True,False
346.04,2730,t2730,220,150.0,78,5,1,0.7340849769416374,False,36.10117329112223,2.1478248301465186,True,False
346.77,2736,t2736,300,1200.0,79,5,1,0.7286599440694714,False,299.23107028375625,3.158499224854027,False,False
347.12,2740,t2740,220,150.0,76,1,6,0.6748815287651597,True,30.212787256333666,2.2169271712565686,True,False
347.28,2743,t2743,220,150.0,99,3,1,0.6956244345475152,True,34.139917757975844,2.10195163823514,True,False
348.36,2746,t2746,120,75.0,66,6,4,0.659328148561265,True,7.436731103149577,1.117570042882008,True,False
348.49,2748,t2748,300,250.0,39,4,2,0.7461752968906379,False,68.6747326021746,3.2239785261464626,False,False
349.74,2751,t2751,120,75.0,66,2,5,0.6703042151884663,True,9.773405314705926,1.218572933734377,True,False
350.04,2753,t2753,120,75.0,31,1,6,0.6768145648565232,True,9.252458376325839,1.1605333762203782,True,False
350.04,2752,t2752,220,150.0,62,7,6,0.7365550404477174,True,31.46393879161793,2.2285394521761335,True,False
350.05,2754,t2754,300,1200.0,71,6,1,0.6778554423954252,False,423.39866693639595,3.180518221444735,False,False
350.43,2760,t2760,170,100.0,61,1,5,0.6635676812958942,True,19.79254123506771,1.6179533387136227,True,False
350.52,2764,t2764,170,100.0,80,7,1,0.6511766822623791,True,13.859842325129964,1.786256484578245,True,False
350.82,2766,t2766,80,50.0,96,7,6,0.7374061214569448,True,3.994679021914329,0.8618189206311107,True,False
350.85,2767,t2767,170,100.0,52,7,6,0.7382401808459877,True,15.53985427832915,1.7019161654243136,True,False
352.06,2771,t2771,300,250.0,58,7,5,0.6967097517539155,False,66.84330910392141,3.2109726100012788,False,False
352.89,2777,t2777,300,1200.0,34,5,4,0.6865967417563198,False,397.10965469865556,3.285398977206684,False,False
353.5,2781,t2781,80,50.0,69,5,1,0.7233434118547487,True,3.991711633023356,0.8511592728155603,True,False
353.52,2782,t2782,270,900.0,72,1,6,0.6787089402260594,False,221.21030937030412,2.612873898003118,False,False
353.73,2783,t2783,300,1200.0,38,4,2,0.7406599727710069,False,391.1013798193309,3.0581402963183244,False,False
354.33,2789,t2789,170,100.0,69,7,5,0.692183738537019,True,19.553048032340374,1.8053733109691266,True,False
354.7,2794,t2794,120,75.0,37,7,6,0.7390575590472498,True,9.771251468021742,1.0829058195319883,True,False
354.86,2796,t2796,270,200.0,84,3,2,0.7226141646422898,True,61.47508635290513,2.5080905509686433,True,False
354.87,2797,t2797,80,50.0,48,6,7,0.6702697629236377,False,3.953609391217073,0.8533684795108555,True,False
355.84,2805,t2805,170,100.0,27,0,3,0.6877963654319487,False,49.44442386990585,3.2857125294320917,False,True
356.89,2812,t2812,170,100.0,31,2,6,0.6742056097546144,True,15.573147624418748,1.554465051443749,True,False
357.19,2814,t2814,220,150.0,85,3,2,0.7237440631676257,True,28.09418046316657,2.140409089524692,True,False
359.1,2826,t2826,80,50.0,27,0,1,0.7476390924998887,True,3.2693776573180826,0.854372298524309,True,False
359.63,2830,t2830,220,900.0,90,5,6,0.698235914580758,False,230.90403454894295,2.3921442360630802,False,False
361.01,2842,t2842,270,200.0,26,7,1,0.6535838152837982,False,43.26660201191434,2.4766710839405346,False,False
361.63,2848,t2848,300,250.0,96,7,2,0.6509988595542343,True,86.37024816937563,3.1495121825294117,True,False
362.57,2851,t2851,220,150.0,28,3,1,0.6972941276747466,False,28.354389302978753,2.294722859555132,False,False
363.07,2856,t2856,220,150.0,52,5,4,0.6822729887393751,True,31.87145426860792,2.4002758061063183,True,False
363.39,2859,t2859,170,100.0,21,5,1,0.7243072102843204,True,19.48706101973788,1.5835693172482195,True,False
363.84,2862,t2862,300,250.0,70,2,5,0.6724803127028788,False,88.60984416996061,3.026390741795286,False,False
364.02,2864,t2864,270,1000.0,93,6,7,0.6662725494833468,False,315.08177301549756,2.9267859638597544,False,False
365.65,2874,t2874,170,700.0,30,6,4,0.6617237674082216,False,120.5818274525578,1.7035569306977285,False,False
366.02,2876,t2876,220,150.0,46,7,5,0.6939222455844605,True,30.297953351543477,2.0563888818781764,True,False
366.19,2878,t2878,80,50.0,20,0,1,0.7482684924680727,True,3.5641959777708103,0.8242877971302018,True,False
366.19,2879,t2879,120,75.0,83,7,6,0.7398585896844866,True,10.324306271812599,1.319244220410421,True,False
367.07,2885,t2885,220,700.0,89,5,1,0.7252517327453006,False,126.24874846749945,1.9922410548357405,False,False
367.88,2893,t2893,170,100.0,42,3,6,0.7240449464786202,True,16.53232872197045,1.753302534565045,True,False
368.14,2898,t2898,300,250.0,62,2,6,0.6761521642261887,False,67.97767367359745,3.0010909521557827,False,False
368.56,2904,t2904,220,150.0,46,2,5,0.668438888267003,True,38.450699489794566,2.1495964815099153,True,False
369.22,2909,t2909,220,150.0,69,5,6,0.6936793781073246,True,26.461067091972705,2.3614079199664486,True,False
369.64,2910,t2910,120,75.0,93,2,6,0.6718857876083316,True,9.482644909607645,1.176984953089645,True,False
370.69,2912,t2912,220,700.0,66,1,5,0.665726994336643,False,146.484942884327,2.394202988954399,False,False
371.25,2915,t2915,270,900.0,24,4,2,0.7352549551337687,False,224.40000571444497,2.503784368227839,False,False
372.69,2929,t2929,220,700.0,37,6,4,0.6578974738782389,False,178.8878406002268,2.0279271223668753,False,False
372.76,2930,t2930,120,75.0,27,2,6,0.6738787385228316,True,9.965180549383911,1.147113073888895,True,False
373.67,2932,t2932,80,50.0,66,6,1,0.6735550002141832,True,3.2372547994579817,0.7906173092464013,True,False
374.05,2935,t2935,220,150.0,54,6,4,0.654147706218856,True,31.64764892819459,2.356950782590857,True,False
374.24,2937,t2937,170,100.0,84,0,3,0.6728646199414915,False,59.11085993155718,4.670315172746289,False,True
375.13,2943,t2943,300,250.0,75,1,6,0.6743914280882048,False,69.12787548969521,2.736664599168872,True,False
375.49,2946,t2946,170,100.0,87,5,6,0.6953879723633599,True,20.147912705922217,1.535869142747632,True,False
375.62,2948,t2948,220,150.0,64,3,6,0.7251462293672296,True,26.650147416285346,2.232590761466298,True,False
375.84,2950,t2950,270,200.0,97,1,5,0.6616691211165767,True,63.43797216567488,2.738046644157101,True,False
376.23,2953,t2953,120,75.0,35,5,6,0.6970623947342746,True,7.54875090177853,1.2503790295416404,True,False
376.42,2954,t2954,80,50.0,70,1,5,0.6638664053609119,True,3.508160666882265,0.7448546293318508,True,False
376.66,2958,t2958,220,150.0,57,3,2,0.7248513637224551,True,36.512991023124755,2.351245460015087,True,False
376.69,2959,t2959,220,150.0,68,7,2,0.6534095490298163,True,30.905677978211934,2.345720045567924,True,False
377.71,2966,t2966,120,75.0,67,6,4,0.6566469339126606,True,10.162218143926538,1.0834914516362415,True,False
377.96,2968,t2968,170,700.0,53,1,6,0.6701602661931074,False,100.36831232707569,1.5514409176017352,False,False
378.29,2973,t2973,300,1000.0,77,1,5,0.6660197439203602,False,332.14560413659586,3.19500355403776,False,False
378.84,2974,t2974,120,75.0,82,3,2,0.7259365182661878,True,8.396385437529776,1.1738943737174905,True,False
380.09,2981,t2981,300,1000.0,69,1,7,0.6679006456592919,False,343.8523337364517,2.7036798820821377,False,False
380.84,2988,t2988,170,700.0,23,7,2,0.6557720247158866,False,126.1740039127607,1.7567396978162575,False,False
381.56,2992,t2992,220,150.0,75,0,2,0.6711076559444992,True,34.85537947786323,2.193765465468418,True,False
382.05,2995,t2995,270,200.0,21,0,6,0.6660153965479093,False,49.481073133576956,2.9010081357091924,False,False
382.31,2998,t2998,80,50.0,73,2,6,0.6758318304190417,True,4.63828396884872,0.7538036640844878,True,False
382.43,3000,t3000,120,75.0,24,7,5,0.6956259824909531,True,7.413103438137067,1.2351460444880313,True,False
382.57,3002,t3002,270,900.0,73,7,6,0.7406435997089788,False,281.4883390944099,2.8011797909833365,False,False
383.59,3011,t3011,270,900.0,97,3,2,0.7269999697190458,False,248.41805020720645,2.674716145215472,False,False
384.1,3014,t3014,170,700.0,65,4,2,0.7299580378492752,False,104.42597395190705,1.6880483082305944,False,False
384.13,3015,t3015,120,75.0,39,1,7,0.6637992994127727,True,10.016077870666757,1.08330851602848,True,False
384.94,3018,t3018,220,150.0,64,5,6,0.698703328657771,True,35.70868879002326,2.303587753187707,True,False
385.85,3023,t3023,270,900.0,25,4,7,0.719137705290634,False,219.89941731355626,2.717651468748471,False,False
385.9,3024,t3024,170,700.0,28,3,6,0.7262254865980667,False,141.1933843651222,1.6410594013348918,False,False
385.92,3025,t3025,270,200.0,52,6,7,0.6623552803118616,False,58.12885376166816,2.8690638339450834,False,False
387.35,3035,t3035,170,100.0,30,0,1,0.748885304436893,True,20.006611728022683,1.6619209669163917,True,False
388.26,3043,t3043,300,1000.0,83,0,1,0.749489780166337,False,317.67031965195156,3.2539965325476246,False,False
388.6,3045,t3045,220,700.0,92,1,7,0.6659539800911839,False,175.8068972518311,2.201023134473953,False,False
388.83,3048,t3048,220,150.0,78,7,6,0.7352389095329811,True,38.36079373922951,2.121536256297107,True,False
388.83,3047,t3047,270,1000.0,71,1,7,0.6618915671560269,False,323.84493669299405,2.4822251879723276,False,False
389.79,3050,t3050,120,75.0,54,4,1,0.7036029802629015,True,9.62301877349393,1.081470198266063,True,False
390.69,3059,t3059,270,1000.0,52,0,1,0.7439081663811921,False,274.7118736359908,2.6246670605768223,False,False
391.16,3062,t3062,170,500.0,84,4,1,0.7051131024758251,True,79.25288886655808,1.7330874759637367,True,False
392.12,3068,t3068,270,1000.0,43,0,1,0.7384381848717502,False,242.04060787087192,2.6712022266922797,False,False
392.4,3070,t3070,220,900.0,85,1,5,0.6619560157086198,False,224.8641231234141,2.2287657789713227,False,False
392.55,3073,t3073,220,150.0,98,6,4,0.6590961770525893,True,31.96082309011672,2.2951100335774135,True,False
392.82,3077,t3077,220,150.0,28,5,4,0.6842097107827695,True,27.178880423924728,2.278273241226618,True,False
395.22,3100,t3100,170,100.0,60,7,2,0.6519132508882356,True,13.931044543824312,1.7842091649175134,True,False
395.51,3105,t3105,270,200.0,72,4,7,0.7141631330030033,True,43.46713859318466,2.7397141799497957,True,False
395.84,3106,t3106,170,100.0,42,1,5,0.657973562061114,True,15.328936100696634,1.532568833297422,True,False
396.27,3111,t3111,270,900.0,75,6,4,0.6614964353297194,False,257.80854495973983,2.436495382680168,False,False
396.36,3113,t3113,300,250.0,31,5,1,0.7200033647570614,False,85.3260486159584,3.0328161533221523,False,False
396.66,3115,t3115,300,1200.0,51,7,2,0.6543056525371375,False,371.5067592649371,3.0599748923275416,False,False
396.93,3119,t3119,270,200.0,22,1,2,0.66046197067499,False,62.3169532374528,2.902425676786789,False,False
396.95,3120,t3120,170,100.0,50,0,2,0.6732676846437909,True,17.464211193707676,1.7672869867476173,True,False
397.2,3125,t3125,300,250.0,74,2,6,0.6777458604773275,True,68.18465565683894,2.855411560905675,True,False
397.42,3128,t3128,220,150.0,54,5,1,0.7148599641285869,True,32.486296010327585,2.175794031463924,True,False
399.36,3142,t3142,300,1000.0,97,3,6,0.7211091586842874,False,274.61399968429765,2.7882504330179483,False,False
399.4,3143,t3143,300,1200.0,52,0,6,0.6619517552836177,False,425.03005007213847,2.9810572538001265,False,False
399.86,3147,t3147,270,200.0,92,1,5,0.6602447574865584,True,60.18507791568845,2.9622785276923738,True,False
401.1,3156,t3156,270,200.0,58,3,1,0.6927564269394336,True,47.391750180474766,2.477660654803805,True,False
402.21,3165,t3165,170,100.0,26,3,1,0.6944834802188268,True,14.506081848064829,1.7418121152538966,True,False
402.48,3168,t3168,220,900.0,68,6,7,0.6585163565238062,False,192.4711845196164,2.21108040142215,False,False
403.0,3169,t3169,170,700.0,25,2,5,0.6706522923198447,False,123.25839500446061,1.724956241443564,False,False
403.78,3171,t3171,300,1000.0,44,2,1,0.6970045255764296,False,311.5421377193421,3.2546594243837803,False,False
404.91,3184,t3184,80,50.0,53,7,5,0.6972956446593158,True,3.952450739289299,0.7738613241531632,True,False
405.25,3189,t3189,120,75.0,79,5,4,0.686107698385296,True,7.314081644610137,1.158422661051427,True,False
406.1,3194,t3194,170,100.0,59,0,2,0.6753845127690971,True,14.915761510925089,1.616958712427371,True,False
406.95,3200,t3200,220,900.0,61,7,5,0.6989319135843114,False,193.18356556552735,2.3609683471814984,False,False
407.7,3204,t3204,170,100.0,74,5,6,0.7003114439027974,True,18.225781048193014,1.8341666324822015,True,False
408.46,3207,t3207,300,250.0,63,6,4,0.6576746884413067,False,83.49124233176661,3.051255155124978,False,False
408.47,3208,t3208,170,500.0,63,3,2,0.7218681521428468,False,82.26628106000493,1.6450982378834151,False,False
408.62,3210,t3210,80,50.0,25,2,1,0.6924726168830828,True,3.2072144460967165,0.856271071112507,True,False
408.63,3211,t3211,270,1000.0,37,0,2,0.6774590043318969,False,295.9297469312179,2.497149494781301,False,False
409.15,3213,t3213,170,100.0,63,0,1,0.733077602992497,True,17.325239213083993,1.5663796047121397,True,False
410.41,3222,t3222,270,200.0,46,2,1,0.694205346363603,False,50.08990818992835,2.918262817232052,False,False
410.46,3223,t3223,170,100.0,34,5,4,0.6879677262357718,True,15.483132827457307,1.697472722495135,True,False
410.66,3226,t3226,120,75.0,88,7,2,0.6504762061530615,True,7.674573028459887,1.2202021563238428,True,False
411.12,3230,t3230,170,500.0,48,3,6,0.7160951573287834,False,81.20838808932142,1.767213597697216,False,False
411.68,3233,t3233,270,1000.0,60,2,6,0.6796216099344476,False,272.49309578921947,2.887055195934204,False,False
412.89,3242,t3242,120,75.0,43,4,7,0.7154620521611249,True,7.363220942242782,1.104372895933727,True,False
413.52,3246,t3246,300,250.0,81,5,4,0.6897905535292382,True,60.48914916098162,2.749862925351792,True,False
413.64,3248,t3248,270,200.0,38,0,6,0.657969386844612,False,45.89745695740106,2.6310677023819524,False,False
414.33,3256,t3256,120,75.0,31,1,5,0.6624705290034939,True,9.715779926657094,1.2068267920887068,True,False
415.57,3263,t3263,120,75.0,61,0,3,0.6555855093608435,False,33.23219931758267,2.672783728499796,False,True
415.64,3265,t3265,80,50.0,37,7,2,0.6528973486966668,True,4.7972474346218075,0.8310235923866106,True,False
415.78,3268,t3268,80,50.0,63,4,7,0.7167349929360843,True,3.4408945997937748,0.7661380674698716,True,False
415.84,3269,t3269,220,150.0,58,4,1,0.7065930222444906,True,30.935084647834223,2.1051344076685075,True,False
416.59,3274,t3274,300,1200.0,69,1,7,0.6579104024795731,False,383.1476495225304,2.8060642202062933,False,False
417.11,3277,t3277,220,150.0,99,4,1,0.7080433436177825,True,27.62040032650315,2.2792965604673974,True,False
417.89,3282,t3282,270,900.0,31,5,4,0.6915769242768353,False,236.83889531415704,2.516167260157069,False,False
418.78,3286,t3286,80,50.0,55,1,2,0.656660913079672,True,4.337465659062303,0.7842542076412974,True,False
419.06,3287,t3287,300,250.0,54,2,1,0.6897294212545128,False,88.9337987759864,3.2174318048796686,False,False
419.91,3295,t3295,300,250.0,58,7,5,0.694361457130807,False,76.62527249639773,2.7488773980476706,False,False
420.41,3298,t3298,80,50.0,41,1,5,0.6646517850900907,True,4.0874795659961825,0.7260893182831087,True,False
420.75,3302,t3302,120,75.0,21,4,7,0.7179824748955445,True,8.36340507996031,1.2984436488564433,True,False
421.31,3310,t3310,220,150.0,56,5,1,0.7159934315126818,True,32.59754064916263,2.0637649189585696,True,False
421.95,3314,t3314,220,900.0,50,2,5,0.6666474282916296,False,173.10887441580155,2.2248024083338955,False,False
422.07,3315,t3315,270,200.0,87,5,6,0.7018873968429232,True,43.99510347425031,2.6756984564145427,True,False
422.49,3316,t3316,80,50.0,46,5,1,0.7171042295490948,True,4.237166099847338,0.8015742645937947,True,False
423.46,3323,t3323,120,75.0,55,7,6,0.7361163131605032,True,8.74656945838573,1.259780472592662,True,False
424.42,3328,t3328,270,200.0,85,4,2,0.7247670589104714,True,45.56992593516666,2.4365087685066382,True,False
424.62,3334,t3334,270,200.0,72,5,6,0.7034318307242465,True,55.50716927805352,2.5596861213411057,True,False
424.85,3335,t3335,270,900.0,32,6,7,0.654754211211512,False,235.98395923593128,2.8871761730076555,False,False
426.03,3341,t3341,300,1200.0,26,1,2,0.6591098766362604,False,425.42242169025343,2.9835390002883,False,False
426.28,3344,t3344,120,75.0,68,1,5,0.6667894160549556,True,9.822586253783632,1.286229007540768,True,False
427.52,3350,t3350,300,250.0,94,0,2,0.6733180060634408,True,89.36327474653086,2.9065605351377926,True,False
427.63,3351,t3351,170,700.0,33,0,2,0.6754338277603538,False,113.1525123978283,1.6525739775494601,False,False
428.06,3352,t3352,270,900.0,28,1,2,0.655335860921717,False,276.87874907118857,2.624298354850107,False,False
428.53,3353,t3353,220,900.0,59,2,1,0.6853430146476043,False,195.88160134956144,1.983674823904823,False,False
428.61,3354,t3354,120,75.0,88,0,2,0.6713333330233285,True,9.033814644802781,1.1734308421450579,True,False
429.07,3357,t3357,300,1000.0,34,0,5,0.6541414792972204,False,359.56672453866054,2.8558736762566443,False,False
430.67,3366,t3366,300,250.0,30,5,6,0.7049453759279435,False,78.80343448812867,2.862156694729544,False,False
431.45,3376,t3376,120,75.0,31,5,1,0.7181928116247797,True,10.775612231020535,1.186103166443209,True,False
431.45,3375,t3375,270,200.0,75,6,7,0.6510673088054636,True,46.4222519915185,2.552717071930081,True,False
432.55,3379,t3379,300,250.0,68,3,6,0.7111814360003895,False,87.99196628625442,2.956727452674201,False,False
432.98,3386,t3386,170,100.0,89,0,6,0.6540666657743864,True,15.10780550302292,1.7537874314141624,True,False
433.45,3388,t3388,220,700.0,42,6,7,0.6536281444475361,False,129.76902714107956,2.4193185669776778,False,False
433.87,3393,t3393,80,50.0,86,7,2,0.6552700683894003,True,4.390590165782171,0.8386819017846623,True,False
433.99,3394,t3394,170,700.0,98,5,1,0.7192596220589508,False,109.30531770588696,1.7937036707726939,False,False
434.23,3396,t3396,300,250.0,92,6,1,0.6755145668765662,True,80.75377784855272,2.752552824680335,True,False
435.26,3405,t3405,80,50.0,36,6,1,0.6774349422057017,True,3.747271755804263,0.7681858290636624,True,False
435.93,3410,t3410,270,200.0,98,3,1,0.696175992432632,True,55.15169239862971,2.71477409582416,True,False
436.39,3415,t3415,120,75.0,86,7,2,0.6575953336882788,True,9.110646126718622,1.1706627279839719,True,False
437.64,3421,t3421,300,1000.0,39,7,6,0.736976168715475,False,260.24550659226037,3.0413974547342706,False,False
437.81,3425,t3425,220,150.0,32,5,6,0.7002546502275665,False,37.746233226166616,2.3909250524825123,False,False
438.49,3429,t3429,270,900.0,70,1,7,0.6540088610966482,False,217.01582363403855,2.8153069212134567,False,False
439.38,3433,t3433,220,150.0,55,1,6,0.6660137275359119,True,37.734457687900935,2.2549955713589176,True,False
439.76,3434,t3434,170,500.0,66,2,1,0.681044336172834,False,68.7199834614779,1.6180738578010672,False,False
440.19,3437,t3437,300,1200.0,89,3,1,0.6978346544021612,False,300.26396526584176,2.829231125832349,False,False
442.08,3449,t3449,220,700.0,56,3,1,0.6932861431322997,False,177.5503572557038,2.0917318922998915,False,False
442.21,3451,t3451,270,200.0,82,1,5,0.6688842944005231,True,58.25842847286972,2.478364309028833,True,False
442.65,3455,t3455,170,100.0,48,2,6,0.6752858444024253,False,14.908492542448027,1.8524224223377692,True,False
442.97,3458,t3458,300,1000.0,77,7,6,0.7316448271593473,False,325.4779426639527,2.7841807969526444,False,False
443.1,3461,t3461,220,900.0,25,3,1,0.6888286020878356,False,223.5629474733471,2.398350131746594,False,False
443.26,3463,t3463,80,50.0,85,5,1,0.7141310962844384,True,3.372162897957437,0.8496188031545199,True,False
444.37,3468,t3468,170,100.0,36,3,1,0.6844602118642608,True,19.984236824143956,1.6853030638275055,True,False
444.54,3470,t3470,220,900.0,57,3,2,0.7168389709181716,False,215.95378485621112,1.9891267541065354,False,False
444.8,3472,t3472,80,50.0,59,3,1,0.6863531894451573,True,3.6894020148103306,0.8404739021236856,True,False
445.13,3473,t3473,170,700.0,27,5,4,0.6871535676094803,False,135.45456433178677,1.57172732737109,False,False
445.21,3474,t3474,120,75.0,63,0,1,0.7339982327508289,True,8.428602949848791,1.1399576792880892,True,False
445.45,3477,t3477,300,250.0,86,4,7,0.7192050072158153,True,70.49954157633796,2.747163538683633,True,False
445.56,3479,t3479,170,500.0,80,1,5,0.6709372751791793,True,68.85286246416601,1.547777835725155,True,False
445.8,3481,t3481,270,200.0,31,3,2,0.71191037331799,False,46.11364290834602,2.6237288914727377,False,False
445.82,3482,t3482,270,200.0,73,1,5,0.6729491963422624,True,64.72971634624517,2.449792357623027,True,False
446.33,3485,t3485,270,900.0,87,5,1,0.7152791410254163,False,237.8947632569387,2.5216364007499052,False,False
446.55,3486,t3486,300,1000.0,83,6,2,0.6502139215680535,False,269.894307099225,2.886637893103343,False,False
447.07,3488,t3488,300,250.0,78,4,7,0.7204030888896809,False,78.6496783030242,3.1570342562717006,False,False
447.39,3489,t3489,120,75.0,22,5,6,0.695657739041197,True,9.204126373441223,1.2585514956338377,True,False
447.43,3492,t3492,120,75.0,96,0,6,0.6564159991255655,True,7.935224351981066,1.251086508754857,True,False
448.3,3498,t3498,270,200.0,23,2,5,0.6627226615439789,False,64.76118850259506,2.8232853250093766,False,False
448.45,3502,t3502,170,100.0,24,7,2,0.6598740936811799,True,15.638663448599322,1.6693960131497128,True,False
448.7,3503,t3503,120,75.0,84,5,6,0.6973267660785548,True,8.61800046831217,1.2171749578329918,True,False
448.85,3505,t3505,170,100.0,37,5,1,0.7102302248715747,True,17.91683139316725,1.7368388701036794,True,False
449.39,3507,t3507,170,700.0,40,0,2,0.6734888481810438,False,98.59605565261909,1.7489787459565902,False,False
449.49,3508,t3508,80,50.0,94,3,2,0.7070803476698121,True,3.5627360193270623,0.8209767493178192,True,False
449.51,3509,t3509,170,100.0,27,5,4,0.6828186780754725,True,17.29178972403982,1.5950531966015784,True,False
449.86,3511,t3511,170,100.0,57,3,6,0.7063659890985636,True,19.98066176931034,1.7383358298889302,True,False
450.45,3519,t3519,300,1000.0,61,5,1,0.7114562870408099,False,319.16909108374625,2.8769303267877397,False,False
450.92,3522,t3522,220,150.0,40,1,2,0.6516373255214645,True,27.30637359360011,2.0512239135646686,True,False
451.44,3525,t3525,170,700.0,57,3,2,0.7085209225345976,False,132.00802322986905,1.6295861628456505,False,False
451.88,3528,t3528,300,1000.0,99,0,1,0.7349004499139941,False,270.4893188839506,2.9054301296321867,False,False
452.16,3529,t3529,170,500.0,98,3,6,0.7078208511347742,True,96.42221382888283,1.818385093993404,True,False
452.57,3532,t3532,120,75.0,45,5,1,0.7064838279666604,True,10.043439701237014,1.1942560582072528,True,False
452.69,3533,t3533,270,1000.0,26,7,6,0.7264201124343422,False,323.3596315678944,2.685056721686932,False,False
453.0,3537,t3537,220,150.0,88,3,6,0.7092466159302605,True,37.038560447306395,2.2246168529331354,True,False
453.03,3538,t3538,300,250.0,24,1,6,0.6681241196518604,False,83.52262922137683,2.9111914461135266,False,False
453.75,3545,t3545,270,200.0,43,3,1,0.688208307474436,False,54.31593372580209,2.634285857956484,False,False
455.19,3559,t3559,220,700.0,98,0,2,0.6694272530356048,False,125.14759724409588,2.2877473103099093,False,False
455.42,3562,t3562,170,100.0,22,4,1,0.7094646585636087,True,18.631608932127076,1.5533221071711345,True,False
456.49,3570,t3570,80,50.0,91,3,1,0.6838523231431292,True,4.430982977173365,0.7373764986780905,True,False
456.57,3571,t3571,120,75.0,47,4,1,0.7108575472105184,True,7.838313537461352,1.2775266461093686,True,False
456.77,3572,t3572,220,150.0,96,4,2,0.7258538995504439,True,34.329442590727304,2.071020096135299,True,False
457.55,3576,t3576,300,1000.0,61,4,7,0.7154032089300691,False,323.3693889512408,2.9894582514234957,False,False
457.71,3578,t3578,170,100.0,75,4,1,0.7122225780844899,True,18.47176108107136,1.5887933078321834,True,False
457.88,3579,t3579,300,250.0,44,1,6,0.6640183039254898,False,86.26441258702484,3.0290872496916927,False,False
458.07,3580,t3580,270,200.0,87,4,1,0.7135603083409819,True,54.37189573415036,2.597786419881771,True,False
458.45,3585,t3585,300,1200.0,23,4,1,0.714871283992344,False,427.2197684134212,3.1661759693264533,False,False
458.61,3588,t3588,80,50.0,40,1,6,0.6599946045136468,True,4.489171743788512,0.8503337489730705,True,False
458.61,3589,t3589,270,200.0,27,2,6,0.6710367941810435,False,64.2581966376234,2.4722447457460053,False,False
459.78,3595,t3595,120,75.0,96,6,4,0.6539293764906624,True,9.232233883668465,1.1016212323425871,True,False
461.1,3608,t3608,220,700.0,86,3,6,0.7106438654298372,False,182.4352899237523,2.255112193563475,False,False
461.21,3609,t3609,80,50.0,24,1,6,0.6622253790900404,True,3.654245085566189,0.7964107895844671,True,False
461.94,3615,t3615,220,700.0,66,6,1,0.6793169100282542,False,145.38254052804567,2.234766727899213,False,False
462.03,3616,t3616,120,75.0,86,7,2,0.662107278474223,True,8.457532293739105,1.2415071210857531,True,False
462.22,3617,t3617,300,250.0,98,1,5,0.6749208790820839,True,69.51524133088587,2.809145215505968,True,False
463.07,3623,t3623,300,1000.0,63,7,6,0.7212998920038373,False,341.73564559488506,2.87376564441176,False,False
464.79,3633,t3633,170,100.0,82,5,6,0.6989624125751656,True,14.223254087839939,1.7133971634814495,True,False
464.88,3634,t3634,170,100.0,26,2,6,0.6668727249640893,True,19.643665023717862,1.6801068155084053,True,False
465.15,3635,t3635,170,100.0,20,5,4,0.6847444863321449,False,20.086863513295413,1.6788921004718118,False,False
465.44,3638,t3638,170,100.0,28,4,2,0.7269190033776168,True,18.706873573827888,1.795493747270758,True,False
465.97,3643,t3643,120,75.0,75,2,1,0.6768316312675592,True,7.928576825153464,1.3184663487812345,True,False
466.5,3649,t3649,220,900.0,76,2,5,0.6588763901312812,False,185.9110703927725,2.414372714317706,False,False
467.49,3652,t3652,170,100.0,35,4,2,0.7279628051282463,True,16.778954615710248,1.8423147336104193,True,False
467.69,3656,t3656,170,500.0,93,3,6,0.7058391699394223,True,72.55698384649882,1.559205624632826,True,False
468.41,3665,t3665,120,75.0,30,5,6,0.7005653461418441,True,9.998067075394992,1.3056625051876196,True,False
468.53,3668,t3668,300,250.0,83,0,6,0.6587183458097208,True,78.97623906219428,3.167142073846729,True,False
468.81,3669,t3669,170,700.0,37,3,1,0.6857574584984484,False,141.54419980193242,1.79730679357045,False,False
470.58,3682,t3682,80,50.0,85,7,2,0.6642957995714053,True,4.590610208591975,0.8103679300621336,True,False
471.01,3686,t3686,300,250.0,20,4,2,0.7289857308438631,False,73.55933977074035,2.7656422993164878,False,False
471.51,3689,t3689,80,50.0,97,2,1,0.6788771804603898,True,4.3187103804719795,0.8064771800615795,True,False
472.28,3694,t3694,270,200.0,45,4,1,0.709982040130679,False,64.05450426489986,2.92715254686586,False,False
472.74,3698,t3698,300,1000.0,48,4,1,0.7051905811462472,False,306.1814123880971,2.714365379049699,False,False
472.81,3699,t3699,80,50.0,77,5,6,0.702136221037189,True,3.6875606736040814,0.7228057862489302,True,False
473.12,3702,t3702,120,75.0,80,5,4,0.6804577784236838,True,9.210383977143717,1.1027092884403986,True,False
473.17,3703,t3703,80,50.0,60,5,4,0.682430804673392,True,3.324632860953064,0.7826043398687195,True,False
473.18,3704,t3704,120,75.0,97,7,2,0.6664405502466438,True,10.113672154008729,1.3040469289979588,True,False
473.87,3707,t3707,220,150.0,84,6,4,0.656432970779031,True,33.80460980378904,2.1640314146186,True,False
474.55,3710,t3710,170,100.0,50,4,2,0.7238141980451677,True,20.146262467263284,1.8317912382050148,True,False
474.88,3711,t3711,300,250.0,98,4,7,0.7105033265696495,True,79.30493398525888,2.868832333330558,True,False
476.58,3721,t3721,120,75.0,57,1,5,0.6768531281671089,True,7.281746750080861,1.2801866765855403,True,False
476.91,3725,t3725,170,500.0,22,1,2,0.654186760829217,False,97.39275102141755,1.7890070946818626,False,False
477.48,3728,t3728,120,75.0,31,1,5,0.6787467322704334,True,9.659642000982165,1.2487572789112855,True,False
478.01,3733,t3733,80,50.0,75,4,2,0.7249200959024461,False,3.882335130953104,0.8553539027571578,True,False
478.44,3739,t3739,80,50.0,56,6,7,0.6499637633767672,True,4.303844274248605,0.8058616407108584,True,False
480.37,3752,t3752,300,250.0,29,7,5,0.6898824098063726,False,61.47115448795927,2.7025103963737136,False,False
480.5,3753,t3753,220,150.0,22,2,6,0.6689659371314741,False,29.507665643393505,2.0429066471785053,False,False
480.71,3755,t3755,300,1000.0,74,0,1,0.729610622733896,False,278.3061858180764,2.9218847350995265,False,False
482.17,3769,t3769,220,900.0,23,3,1,0.6814504911466611,False,237.26287883196147,1.9996469856707633,False,False
483.22,3776,t3776,270,200.0,80,3,2,0.7037586859020876,True,60.24763850161366,2.4999300851531587,True,False
483.23,3778,t3778,170,700.0,28,0,1,0.7244265920974,False,132.32292940141863,1.859777471869243,False,False
484.3,3784,t3784,220,150.0,30,3,2,0.7052656940022276,True,26.656731916565846,2.135827850437088,True,False
485.92,3792,t3792,300,250.0,95,2,6,0.6648432850555114,True,83.93170917243056,3.046864803334444,True,False
486.12,3794,t3794,80,50.0,43,5,1,0.7077848180739937,True,3.2441880740502853,0.7348528570543273,True,False
486.17,3795,t3795,120,75.0,30,3,7,0.6803654604674992,True,7.833266688518279,1.2788225371120203,True,False
486.3,3798,t3798,270,200.0,20,3,2,0.7067425619403648,False,52.28572630617386,2.5071100243909314,False,False
486.49,3800,t3800,270,900.0,53,3,2,0.7020158925197394,False,251.49895882048892,2.9133890377473604,False,False
487.33,3806,t3806,300,250.0,87,5,1,0.7090597883791806,True,86.18156096197687,3.2979846088754057,True,False
489.79,3817,t3817,270,900.0,32,6,1,0.6749872384943558,False,233.67247566140716,2.8137415919844977,False,False
490.07,3820,t3820,170,100.0,85,5,6,0.7036756784346271,True,18.268589619568296,1.798351002099828,True,False
490.39,3821,t3821,120,75.0,28,5,6,0.7051843466841163,True,10.129442524580952,1.0842557703210522,True,False
491.03,3826,t3826,300,1200.0,74,7,6,0.7162820759819424,False,362.0248500747551,3.0344826240035805,False,False
492.52,3836,t3836,120,75.0,88,0,2,0.6654468897930744,True,8.381114543971492,1.2409818643313588,True,False
493.12,3843,t3843,170,100.0,75,2,5,0.6551070441468373,True,18.305151414567685,1.5381639364203943,True,False
493.19,3844,t3844,270,200.0,96,5,6,0.7066628415686158,True,53.03502468102798,2.898479148637127,True,False
493.55,3846,t3846,80,50.0,61,2,5,0.6575870850820824,True,3.9526166694446676,0.8034781062695378,True,False
493.64,3847,t3847,80,50.0,20,5,6,0.7081117665554253,True,3.954474551758387,0.827340907056842,True,False
493.66,3848,t3848,80,50.0,85,3,7,0.682188817924816,True,4.562746503979959,0.7592857338510726,True,False
494.32,3852,t3852,300,250.0,20,3,2,0.6973837564875265,False,68.12631482430801,3.27445412913195,False,False
494.75,3857,t3857,170,500.0,72,6,1,0.6707441603911354,False,97.43218297308165,1.8444315142426055,False,False
495.02,3860,t3860,80,50.0,87,3,2,0.6928442631759578,True,3.6320763550736026,0.756934952584943,True,False
498.29,3882,t3882,220,150.0,61,6,7,0.6525466699274137,True,35.175072200137954,2.2463476416090433,True,False
498.82,3886,t3886,170,700.0,41,5,4,0.684364370398106,False,141.55276074728525,1.8350612030304507,False,False
499.14,3887,t3887,300,250.0,70,3,7,0.6839757082329863,False,80.81981310175603,3.23351008362228,False,False
500.31,3894,t3894,170,100.0,88,5,6,0.7095317130424986,True,15.207751881481721,1.678216977307255,True,False
501.22,3901,t3901,170,100.0,67,4,2,0.7198298758025791,True,16.593477461695453,1.75499176986635,True,False
502.9,3910,t3910,170,100.0,67,7,2,0.6685424059083777,True,16.936375342598975,1.6179151594968504,True,False
503.01,3912,t3912,170,100.0,27,6,7,0.6550779183470473,False,15.104444529244986,1.588497259028093,True,False
504.27,3919,t3919,170,500.0,62,6,4,0.6588864931816322,False,73.34310565591312,1.7217638346868733,False,False
504.37,3921,t3921,300,250.0,42,6,4,0.6551169451361812,False,72.31094222923943,2.9599137217797873,False,False
504.44,3922,t3922,170,100.0,31,0,1,0.7193462420736338,False,13.958157806770181,1.5604583904488858,True,False
506.03,3926,t3926,220,150.0,46,3,6,0.7073045683588156,True,36.55873231014319,2.064927659752543,True,False
506.73,3930,t3930,170,100.0,87,5,6,0.7109232605998305,True,17.418506494086042,1.5530574218220061,True,False
506.85,3931,t3931,120,75.0,34,6,7,0.6513845417982881,True,7.597936399991008,1.1306214601355904,True,False
507.13,3934,t3934,220,150.0,85,1,6,0.6644115381749064,False,32.337565072842686,1.994992410041636,True,False
507.9,3940,t3940,220,150.0,76,5,4,0.6800852648083257,True,32.5270388926019,1.9942646556797177,True,False
508.02,3941,t3941,270,200.0,91,6,7,0.6539390327805042,True,45.928436871095,2.7477244527783804,True,False
509.14,3947,t3947,220,150.0,81,5,1,0.7103092592782637,True,33.92243947407269,2.301905824263809,True,False
509.19,3948,t3948,220,900.0,80,5,1,0.711533740759365,False,194.0703370705171,2.366929937552132,False,False
509.77,3950,t3950,220,900.0,93,3,6,0.7087406588098212,False,200.97993220365748,2.2397060045520076,False,False
510.94,3958,t3958,300,1000.0,72,4,7,0.7118754418564385,False,302.6686574323021,3.295895876372989,False,False
511.87,3964,t3964,270,1000.0,84,1,6,0.6603799740780748,False,276.2876263745297,2.7759075078025353,False,False
511.99,3965,t3965,300,1000.0,63,0,1,0.714367499050343,False,275.452215898726,3.0045015267556403,False,False
512.8,3971,t3971,170,100.0,97,2,1,0.6808818186693638,True,18.91621336941253,1.807095402734859,True,False
513.09,3974,t3974,270,200.0,80,3,7,0.6795528607349932,True,51.37050098670119,2.669709220365868,True,False
513.28,3975,t3975,80,50.0,70,5,6,0.7122869772060156,True,3.2900213919650434,0.8464228279428099,True,False
513.69,3978,t3978,300,250.0,35,4,7,0.7070461148374915,False,74.297860506868,2.709126068486418,False,False
513.84,3979,t3979,220,900.0,58,1,6,0.65642904126318,False,189.21106118665392,2.4195241084655064,False,False
514.63,3984,t3984,220,900.0,77,6,7,0.656442433943076,False,183.10699474532504,2.106233527920705,False,False
516.34,3993,t3993,300,250.0,55,5,1,0.7065597326108445,False,65.09731732148775,2.7600599946024404,False,False
516.56,3999,t3999,120,75.0,40,5,6,0.7136234194800771,True,8.054377971121108,1.2103145478546027,True,False
517.19,4003,t4003,270,1000.0,85,0,1,0.7094883308875181,False,286.040782667464,2.9647239824241196,False,False
517.95,4007,t4007,300,1200.0,84,3,6,0.7039740274518066,False,393.8394742434101,2.724681774314684,False,False
518.3,4010,t4010,300,250.0,59,6,4,0.6514227880516396,False,81.32239668708714,2.8947724226711653,False,False
518.73,4013,t4013,270,900.0,57,1,6,0.652557127104583,False,216.2496798965944,2.824335974517049,False,False
518.86,4015,t4015,170,700.0,33,6,5,0.6480195286806688,False,105.50907032578023,1.5378669064557842,False,False
519.78,4021,t4021,220,900.0,33,1,2,0.6505112074308145,False,176.29897410564607,2.2460998325726185,False,False
519.82,4024,t4024,120,75.0,61,0,6,0.660974645560193,False,7.459028559664824,1.3145623415486432,True,False
520.37,4028,t4028,220,700.0,95,2,1,0.6828463641141583,False,160.17486262673552,2.2089431336243095,False,False
520.56,4031,t4031,170,500.0,77,7,2,0.6706022244568767,False,89.51095850295424,1.7635586127967289,False,False
520.66,4032,t4032,170,700.0,57,6,1,0.6665859438499794,False,106.32369871617264,1.860310034496117,False,False
520.77,4034,t4034,220,700.0,21,6,7,0.6527217670823963,False,163.3439597035395,2.273321248672107,False,False
521.3,4037,t4037,170,700.0,60,4,7,0.7023133743589235,False,133.44450831600656,1.6610917939633474,False,False
521.8,4043,t4043,120,75.0,81,0,6,0.6570118193156559,True,8.512785882053738,1.1470394605112955,True,False
521.89,4044,t4044,120,75.0,85,4,2,0.7210154601047093,True,10.543330274301159,1.1130571090999961,True,False
522.16,4045,t4045,300,1000.0,51,3,7,0.68139247018696,False,314.4709304206211,3.121194235691892,False,False
522.2,4046,t4046,120,75.0,62,6,4,0.6478025141087885,True,9.76507516953337,1.107977412082373,True,False
522.69,4048,t4048,170,500.0,88,7,2,0.6664468466344059,True,74.3508718019691,1.5591220911531827,True,False
522.7,4049,t4049,300,250.0,47,5,1,0.7016852046252943,False,74.2715537439668,2.7379280329381754,False,False
523.75,4057,t4057,220,150.0,78,6,7,0.6490755135589301,True,39.37919490694209,2.368837350040356,True,False
524.04,4058,t4058,80,50.0,42,6,7,0.6516761851059333,True,3.9823078378452976,0.8648785553533218,True,False
524.04,4059,t4059,170,100.0,61,6,4,0.6504286456447945,True,17.773026135208546,1.6276784032953542,True,False
525.06,4068,t4068,170,100.0,81,3,6,0.6993027287209522,True,19.68419436450738,1.7194511358367965,True,False
525.66,4069,t4069,170,100.0,91,3,2,0.6945695597306204,True,16.482436331181233,1.7168555640196055,True,False
525.83,4072,t4072,300,250.0,22,2,6,0.6669770860210679,False,71.93203293025424,3.2435738544839476,False,False
526.06,4073,t4073,220,150.0,63,7,2,0.6685485763683844,True,33.65112542187316,2.193484167326613,True,False
526.26,4074,t4074,270,200.0,67,5,1,0.6969081671994551,True,46.43004144180643,2.8119183035619444,True,False
527.15,4084,t4084,120,75.0,33,5,4,0.6820657413303409,True,9.141198672536344,1.219761284889331,True,False
529.54,4097,t4097,220,150.0,95,4,2,0.722177332720797,True,29.056921923147893,2.3249188105471124,True,False
530.03,4101,t4101,120,75.0,95,7,2,0.6706082715076834,True,8.415180816812743,1.302879348663102,True,False
530.61,4104,t4104,300,1200.0,48,0,6,0.6593022495960094,False,358.8783915828657,3.229534497811716,False,False
530.65,4106,t4106,270,200.0,54,2,1,0.678597618650057,True,53.084453975968124,2.9379468410303895,True,False
531.16,4110,t4110,80,50.0,75,6,4,0.6530022545500805,True,3.987083742475999,0.8637080775558641,True,False
531.59,4115,t4115,170,100.0,64,5,4,0.684006608321916,True,19.244884334944672,1.7854601224421147,True,False
531.87,4119,t4119,270,200.0,97,1,5,0.6806024642916914,True,56.8755092593584,2.838633765418916,True,False
532.78,4128,t4128,80,50.0,34,4,5,0.6982845571007424,True,4.349143857363867,0.7665650117982615,True,False
534.48,4139,t4139,120,75.0,25,3,2,0.6962603503541899,True,9.911228143889701,1.2733858216525171,True,False
534.62,4140,t4140,80,50.0,84,6,7,0.6542248432219965,True,3.765070892786211,0.7542039485084651,True,False
534.82,4143,t4143,80,50.0,25,4,1,0.7004949513415042,True,4.750224828271563,0.729152272603839,True,False
535.31,4148,t4148,300,250.0,32,7,6,0.7113646162804853,False,82.16672618266821,2.9037065478546795,False,False
535.78,4149,t4149,80,50.0,70,7,5,0.685492943428427,True,3.318191888459038,0.8179831487721437,True,False
536.06,4153,t4153,300,1200.0,88,4,1,0.7020672341328559,False,336.30132387087855,3.039867772486442,False,False
536.38,4156,t4156,120,75.0,51,5,1,0.6984006705221327,True,8.951483022976875,1.2918494625824994,True,False
536.72,4159,t4159,300,1000.0,40,6,4,0.6555243912772607,False,262.6539655721936,3.0597854063936296,False,False
536.77,4160,t4160,120,75.0,29,4,7,0.6976752886899269,True,8.844420329189433,1.2512819883576445,True,False
537.25,4165,t4165,170,100.0,99,4,2,0.7233159678845629,True,17.478106910811398,1.5784318969445266,True,False
537.52,4166,t4166,300,250.0,78,7,2,0.6726267727441964,False,87.12604010916569,2.894235450313586,False,False
537.92,4168,t4168,170,100.0,33,7,6,0.7065455057730575,True,20.305249830058234,1.7417467943358649,True,False
538.08,4170,t4170,270,900.0,88,6,1,0.6625108916396464,False,230.75326536166153,2.758656519522909,False,False
538.55,4178,t4178,80,50.0,68,0,6,0.6553728712707559,True,4.712134284703713,0.723033139675792,True,False
538.94,4186,t4186,120,75.0,83,4,2,0.7244318303450534,True,8.83291587270278,1.1815420627893058,True,False
539.13,4189,t4189,170,500.0,46,1,6,0.6487626512291581,False,82.72227378470635,1.8612844350301492,False,False
539.2,4191,t4191,220,150.0,62,6,4,0.6518220852698974,True,30.869138417612753,2.3073144755555677,True,False
539.25,4192,t4192,300,250.0,33,4,7,0.6993039647343102,False,70.85777754156621,2.9085630165085115,False,False
539.47,4193,t4193,170,100.0,48,1,7,0.6501853505413819,True,18.760376221515298,1.821153071814651,True,False
539.57,4194,t4194,80,50.0,67,1,5,0.6824210816725241,True,4.714464465120443,0.819750574091081,True,False
540.04,4197,t4197,300,250.0,55,2,1,0.6806078480952377,False,70.42368345942472,3.1759598353592966,False,False
540.29,4199,t4199,80,50.0,35,1,2,0.64690916510038,True,4.337198795356143,0.8117538839152334,True,False
540.52,4201,t4201,220,150.0,88,3,6,0.700898855964715,True,36.97635111852043,2.2146706677399632,True,False
540.59,4202,t4202,300,250.0,92,0,6,0.6576960805120075,True,70.74659319788032,2.8736931893846487,True,False
540.76,4205,t4205,170,100.0,28,4,5,0.6999010477769094,True,14.565584993194253,1.6611514594264458,True,False
542.62,4219,t4219,80,50.0,85,4,1,0.6974340712683806,True,3.2561258618263564,0.7867827641083142,True,False
543.54,4226,t4226,220,150.0,36,3,2,0.6979173251652879,True,26.421797999882273,2.0444073580546442,True,False
543.78,4229,t4229,170,100.0,50,6,7,0.6567225281757384,True,19.815532512392046,1.5983658532789695,True,False
543.83,4230,t4230,220,150.0,23,5,4,0.6859086579736594,False,37.35530252727712,2.2512750817003817,False,False
545.84,4245,t4245,80,50.0,25,1,5,0.6842033267057404,True,3.4272699917141702,0.7345955504073971,True,False
546.13,4252,t4252,170,500.0,57,2,1,0.6764038729515147,False,75.23444781595582,1.581402034121751,False,False
546.22,4254,t4254,270,1000.0,22,7,6,0.7079967774757782,False,319.79117297948255,2.878394374762993,False,False
546.67,4258,t4258,300,250.0,38,5,4,0.681598666632368,False,71.47804866898711,3.1801251350606767,False,False
547.64,4265,t4265,270,200.0,31,0,2,0.6677201338153947,False,62.26268193127135,2.435080881097308,False,False
548.2,4269,t4269,270,200.0,22,6,7,0.6591702594304054,False,62.24758543024768,2.5450709738541617,False,False
549.51,4279,t4279,270,200.0,61,2,6,0.6628942109673132,True,51.007756215971604,2.8153098165265713,True,False
549.81,4282,t4282,220,700.0,54,0,2,0.6637739129572687,False,142.0695469243004,2.410660399387479,False,False
550.25,4285,t4285,120,75.0,27,6,7,0.6553950360599791,True,9.952740708975474,1.0976516696371004,True,False
551.26,4290,t4290,220,150.0,99,2,5,0.6600175251986226,False,27.612918878422096,2.2584326729449855,True,False
551.59,4291,t4291,220,150.0,65,4,5,0.7014852086395531,True,29.646902168285852,2.400019859310088,True,False
551.61,4293,t4293,120,75.0,98,6,7,0.6578693171569613,True,7.444888559582875,1.217771939978923,True,False
551.98,4296,t4296,120,75.0,37,7,2,0.6684309039559791,True,10.298204599022712,1.0917980092876212,True,False
553.42,4307,t4307,270,200.0,34,4,2,0.7255253755563341,False,53.361670124024194,2.852073799516169,False,False
553.77,4309,t4309,300,1200.0,23,4,2,0.7204230498633893,False,398.7334674957656,2.8352380434708007,False,False
554.96,4322,t4322,270,200.0,59,7,6,0.7032450237444444,False,64.23812459632934,2.906647521557541,False,False
555.32,4325,t4325,80,50.0,67,6,4,0.6543678253826811,True,4.325253363336679,0.8746956805091056,True,False
555.69,4328,t4328,270,900.0,51,4,2,0.7154227706843034,False,229.96304513926304,2.739163118906242,False,False
556.28,4333,t4333,270,1000.0,42,5,1,0.6998633237783567,False,268.1601768722271,2.5883864462525366,False,False
556.37,4336,t4336,220,150.0,21,1,7,0.652612310197221,False,35.43682932179369,2.0188564476211615,False,False
556.61,4337,t4337,220,900.0,69,2,5,0.6562253565128319,False,172.26061680776525,2.011932884142768,False,False
556.63,4338,t4338,120,75.0,31,2,1,0.6722839773106662,True,10.15377344934602,1.179588089204921,True,False
556.64,4339,t4339,270,200.0,56,0,6,0.659972825568434,False,59.11024750516364,2.573306500544633,False,False
557.36,4343,t4343,80,50.0,60,3,6,0.7024630606636025,True,3.4010091114914873,0.8010467609966349,True,False
557.38,4344,t4344,300,250.0,97,6,1,0.6585173404735202,True,65.12363308276156,2.7976179898169136,True,False
557.55,4345,t4345,170,100.0,27,2,1,0.6744204795826347,True,16.050608424459984,1.8193193902467482,True,False
557.89,4347,t4347,170,100.0,85,5,6,0.7149331329086575,True,14.618897450168655,1.8181472451119427,True,False
558.44,4351,t4351,220,150.0,55,1,7,0.6488167306599432,True,31.57989908516261,2.234252955188241,True,False
559.09,4356,t4356,120,75.0,87,2,5,0.6525090312007572,True,8.307845362888376,1.252919343432778,True,False
560.73,4371,t4371,170,100.0,93,5,1,0.6951227239694563,True,18.77560052251687,1.7528496632467911,True,False
560.78,4373,t4373,170,100.0,34,7,6,0.6985883050877374,True,16.652942333420967,1.5421613062487638,True,False
561.03,4375,t4375,170,100.0,89,5,4,0.6773748751179025,True,20.29950509611052,1.5613497335169584,True,False
563.1,4387,t4387,220,150.0,71,4,1,0.6990675716611948,True,31.08803638436182,2.136825887377208,True,False
563.23,4388,t4388,270,200.0,66,0,2,0.6599066165163051,True,63.71441611717913,2.899188416834806,True,False
563.96,4391,t4391,170,100.0,72,0,6,0.656030035723732,True,16.82475874896692,1.5300402606846686,True,False
564.09,4393,t4393,220,150.0,31,6,1,0.6607776603307164,False,38.21750497464534,2.16027505932353,False,False
564.83,4398,t4398,170,100.0,99,3,2,0.6995411604801639,False,18.49695650116911,1.6683712477480934,True,False
564.98,4400,t4400,170,100.0,28,0,1,0.7047067460879496,True,18.779445910484526,1.738574632118928,True,False
565.27,4401,t4401,170,700.0,66,0,2,0.6622906660041609,False,123.4615636803594,1.6291985295156004,False,False
565.37,4404,t4404,270,200.0,90,4,2,0.7105224970887991,True,45.190948424251744,2.7334698079680524,True,False
565.88,4410,t4410,120,75.0,81,1,2,0.6495531636165542,True,10.092576701745823,1.2589115150070902,True,False
565.92,4411,t4411,300,250.0,29,1,5,0.6859499268382921,False,60.71799857313294,2.886715792979802,False,False
566.39,4413,t4413,170,100.0,99,2,6,0.6650669934146335,True,18.077394324288985,1.5458705419510201,True,False
567.06,4417,t4417,300,1200.0,54,2,6,0.6671963202130075,False,365.0733592728781,3.211390910175819,False,False
567.45,4420,t4420,170,100.0,34,0,2,0.6584530345022593,True,17.454037544548704,1.7582943310373391,True,False
567.85,4424,t4424,80,50.0,68,6,4,0.6568626506932094,True,3.4477201816760608,0.7848051747814409,True,False
569.24,4436,t4436,220,150.0,24,3,2,0.6949585190887425,False,33.68983491015344,2.0146897391703433,False,False
569.54,4438,t4438,170,500.0,68,6,7,0.660294112632004,False,92.58898956250013,1.7140932455560245,False,False
569.72,4441,t4441,120,75.0,44,0,1,0.7061947929843724,True,9.675371360618037,1.313121778380904,True,False
570.16,4442,t4442,220,150.0,81,4,2,0.7118942289652049,True,35.580069526473565,2.2204236265666983,True,False
570.32,4445,t4445,300,1000.0,50,3,6,0.7039959812685123,False,347.05578554914763,2.9230597793064685,False,False
570.85,4447,t4447,270,1000.0,64,5,4,0.6794095594337263,False,243.41513893995975,2.925627445106237,False,False
570.9,4448,t4448,300,1000.0,73,5,4,0.6752295500632336,False,258.8542918404608,3.1528124735699734,False,False
570.96,4449,t4449,270,900.0,84,6,4,0.659307579497527,False,260.94212381658093,2.437328698940585,False,False
570.98,4450,t4450,300,250.0,95,3,1,0.6772296631419098,True,64.3469973805768,3.0046462983101474,True,False
571.87,4461,t4461,220,150.0,57,5,1,0.6966509361567338,True,28.86099496405245,2.2815872283120457,True,False
572.0,4462,t4462,270,900.0,93,6,4,0.6555296097257582,False,248.920948371216,2.4778606594232784,False,False
572.05,4463,t4463,170,100.0,90,4,2,0.7132385262040827,True,17.839799450690773,1.802100005634226,True,False
572.62,4472,t4472,270,1000.0,56,4,1,0.7006684020461528,False,233.48341669297236,2.8070791884604787,False,False
572.75,4475,t4475,170,500.0,64,1,7,0.651271062713411,False,79.98158232600989,1.547391181116945,False,False
573.85,4484,t4484,120,75.0,67,1,2,0.6521442821624049,True,9.935639423173702,1.1860639826552855,True,False
574.55,4489,t4489,80,50.0,41,4,2,0.7145559374981828,True,3.948041990175044,0.7330982935471848,True,False
575.28,4496,t4496,170,100.0,21,7,5,0.6873652663780403,False,15.589031675439708,1.7771629180155837,True,False
575.97,4504,t4504,270,200.0,53,6,7,0.6564964121975457,False,59.03180971893334,2.634968680012381,False,False
576.08,4505,t4505,270,200.0,70,5,1,0.6981485841002658,True,57.414613542551116,2.7672897208272382,True,False
577.11,4509,t4509,120,75.0,20,3,1,0.6792672516972534,True,10.154121689534085,1.2726257723354073,True,False
577.22,4510,t4510,80,50.0,42,2,5,0.6550410323949237,True,3.466233884016985,0.7680147495009679,True,False
577.98,4518,t4518,270,200.0,83,6,1,0.6568187737907688,True,49.16712871455704,2.952114642184223,True,False
578.08,4519,t4519,300,250.0,28,4,2,0.715847000566401,False,70.06607655774849,3.067428996000533,False,False
578.09,4520,t4520,120,75.0,78,6,1,0.65911306498162,True,10.300902253148667,1.2016376992464601,True,False
578.66,4525,t4525,300,1000.0,31,3,1,0.6812640884814901,False,285.44905741384247,3.244339723514513,False,False
579.08,4527,t4527,270,200.0,30,7,6,0.7001987208041645,False,49.161336448409706,2.6306052598007197,False,False
579.19,4528,t4528,270,1000.0,70,5,6,0.7162166520686661,False,284.77261504477957,2.7554467831070006,False,False
580.44,4540,t4540,220,150.0,42,5,4,0.6711331408801507,True,36.69697892034493,2.3266705928181217,True,False
580.92,4546,t4546,300,250.0,40,5,1,0.6996162790849272,False,74.44115726500938,3.1237213561900123,False,False
581.0,4547,t4547,300,1200.0,91,2,5,0.6575223935652071,False,384.1005413763349,2.7287568716487707,False,False
581.04,4548,t4548,220,900.0,96,4,1,0.6960632158234116,False,201.9080965009376,2.381804507269338,False,False
582.06,4556,t4556,220,900.0,74,6,7,0.6527746657717767,False,236.58911888484272,2.097494895589714,False,False
583.16,4563,t4563,170,100.0,74,6,4,0.651827199349425,True,13.888841201325869,1.8103400028999852,True,False
583.17,4564,t4564,220,150.0,91,4,2,0.7109382423732549,True,34.01558298011136,2.3395640486019653,True,False
584.55,4572,t4572,220,700.0,52,0,2,0.6608661556303961,False,176.05698927341282,2.341884293867839,False,False
584.85,4574,t4574,300,250.0,30,6,1,0.6613614703486544,False,72.25673521162416,3.2408988226599633,False,False
585.08,4577,t4577,300,250.0,34,3,6,0.6993242434613239,False,88.38039758024271,2.8127672274421913,False,False
585.38,4579,t4579,220,150.0,30,4,5,0.7030376862849438,False,33.25308717578535,2.2899406558257107,False,False
585.39,4580,t4580,220,900.0,49,7,5,0.6830261428686613,False,236.43424651146415,2.398142159218923,False,False
586.86,4590,t4590,220,150.0,67,4,7,0.6947260672578058,True,26.904715968638598,2.186939278997389,True,False
586.88,4591,t4591,220,700.0,82,6,4,0.6543728371806182,False,137.84610415532495,2.2246346696751487,False,False
587.37,4596,t4596,270,200.0,71,4,5,0.6983851143774268,True,51.87562516250846,2.6876223299925805,True,False
588.16,4600,t4600,220,700.0,24,4,5,0.69999959390806,False,157.74367466203245,2.0722208078503845,False,False
588.52,4602,t4602,270,1000.0,46,0,2,0.65705701433597,False,254.68802994220073,2.8536984124883666,False,False
589.23,4605,t4605,80,50.0,44,6,7,0.649127354274523,True,4.132761902449381,0.8709359003025243,True,False
589.58,4609,t4609,270,200.0,24,4,7,0.6964137277308315,False,55.877518872625345,2.75812245472332,False,False
589.68,4610,t4610,170,700.0,82,2,1,0.6765142518091639,False,115.68679273782641,1.8456489970567544,False,False
590.2,4614,t4614,300,250.0,82,5,1,0.6948806201698954,True,63.97576626169737,2.8681208632018906,True,False
590.7,4618,t4618,300,1000.0,58,2,6,0.6631090604754141,False,307.0681112670024,2.8943386604163033,False,False
591.6,4625,t4625,300,250.0,86,1,7,0.6475023081258094,True,61.50339859158662,3.1424223793984583,True,False
592.43,4629,t4629,270,200.0,30,2,6,0.6591035459325724,False,64.48733751291361,2.6237822501790102,False,False
592.78,4630,t4630,120,75.0,58,0,2,0.6533240558674324,True,7.425813393903,1.2302937031605545,True,False
593.0,4634,t4634,170,700.0,60,0,6,0.6583401016759239,False,120.55854439889912,1.6499638995109627,False,False
593.39,4639,t4639,120,75.0,67,5,6,0.7113005008454746,True,9.812139709236103,1.0825508293458173,True,False
593.99,4641,t4641,270,1000.0,69,6,4,0.6506935622551877,False,273.80088717895876,2.8418635685686966,False,False
596.09,4653,t4653,300,1200.0,39,7,6,0.695602928206263,False,335.8943428822001,3.1648042427779814,False,False
596.78,4667,t4667,170,100.0,40,2,6,0.6551781416805876,True,14.868349651082646,1.609761715770453,True,False
597.3,4672,t4672,80,50.0,79,2,1,0.6723921485911624,True,3.437798594398064,0.7491484008455576,True,False
597.3,4671,t4671,220,150.0,37,3,6,0.6947459404102793,False,37.55280910040554,2.035739062797429,False,False
597.58,4678,t4678,270,1000.0,62,6,7,0.6517269890072143,False,232.14581976544565,2.4437624597544048,False,False
597.88,4680,t4680,270,200.0,65,1,2,0.6546835783373387,True,50.779440177180234,2.5882391729991494,True,False
598.93,4688,t4688,220,150.0,89,1,5,0.681487594968193,False,26.674018352256542,2.2393460383447485,True,False
599.54,4691,t4691,270,200.0,21,4,5,0.6954077838480807,False,52.34984592602958,2.468486401801172,False,False
599.93,4696,t4696,220,150.0,56,6,1,0.657390907608348,True,29.744725617528044,2.14218170398558,True,False
600.01,4699,t4699,300,1200.0,97,3,1,0.6770469885300422,False,382.0415059419135,3.221657348262932,False,False
600.4,4702,t4702,120,75.0,29,0,2,0.6558397565682655,True,8.75160451422444,1.2835340757850482,True,False
600.95,4706,t4706,80,50.0,89,3,2,0.6904675305251495,True,3.4013414283569183,0.8611904160973808,True,False
600.95,4707,t4707,270,200.0,50,4,2,0.7123016593439716,True,44.66932505273966,2.710144566158321,True,False
602.44,4720,t4720,270,200.0,83,4,1,0.6915501333251252,True,62.603744338309816,2.700327459789251,True,False
603.05,4724,t4724,270,200.0,52,1,2,0.6571720885887737,False,60.95726973122216,2.902899179851106,False,False
603.66,4730,t4730,300,250.0,71,1,5,0.6771145097354958,False,80.76257553640492,3.0370389494098107,False,False
603.95,4731,t4731,120,75.0,74,7,6,0.6910990514603196,True,8.761745640363868,1.1978283868691768,True,False
605.78,4738,t4738,220,900.0,51,0,1,0.7076530789428668,False,220.99788846268092,2.1922417057211927,False,False
605.94,4739,t4739,220,900.0,26,4,7,0.6918936349943968,False,218.57996365369496,2.088263737016064,False,False
606.18,4740,t4740,120,75.0,23,6,1,0.6596737561228477,True,8.621355196479609,1.2754385136534976,True,False
606.21,4742,t4742,170,700.0,27,4,2,0.7136378079752739,False,114.96811024049893,1.8447588396773098,False,False
606.21,4741,t4741,80,50.0,50,0,2,0.658305143255082,True,4.378844303749697,0.7657001334105881,True,False
606.34,4743,t4743,170,100.0,21,2,1,0.6745264874375209,True,15.68486190926922,1.7496965314090263,True,False
606.44,4744,t4744,300,250.0,80,1,5,0.6728288862074526,True,69.92922913536192,3.1665562254463433,True,False
607.06,4751,t4751,170,100.0,55,2,1,0.6766181395069523,True,15.895669058767824,1.7992954143992546,True,False
607.38,4755,t4755,120,75.0,98,4,2,0.7087732336339502,True,10.112596879407524,1.3188814985745763,True,False
608.41,4767,t4767,170,100.0,33,4,1,0.6933013124768045,True,19.34893278602969,1.7236297899584248,True,False
608.71,4770,t4770,270,200.0,30,0,6,0.6544299663090721,False,64.68544885993809,2.5335447817972483,False,False
608.75,4771,t4771,270,1000.0,22,6,4,0.6470878728282657,False,268.5659174082244,2.543220658283538,False,False
608.75,4772,t4772,170,700.0,69,1,5,0.6748029751499701,False,119.38327613621739,1.8124233196918407,False,False
608.85,4774,t4774,300,250.0,66,5,6,0.7126566726467469,True,61.3830989721096,3.2937373068905673,True,False
609.17,4779,t4779,300,250.0,54,3,2,0.6922403617328283,False,88.19486178329065,3.0499056549806367,False,False
609.75,4783,t4783,300,1000.0,42,7,5,0.6787738018294699,False,263.52218301858153,3.167912902314804,False,False
610.15,4788,t4788,80,50.0,31,3,2,0.6878037363163536,True,3.6840058844674357,0.8578827759968886,True,False
610.82,4794,t4794,170,500.0,55,6,7,0.6481006310452518,False,77.3413161032839,1.7236312139517482,False,False
612.91,4819,t4819,270,900.0,59,0,6,0.6505980336495574,False,291.5265445118151,2.5452966177153415,False,False
613.31,4821,t4821,80,50.0,22,4,2,0.7101799507794531,True,4.111878833063649,0.7215150148554762,True,False
613.41,4822,t4822,300,250.0,55,2,1,0.6786679585349952,False,81.2344100188716,3.083223334272791,False,False
613.54,4824,t4824,170,100.0,67,5,1,0.696413674433164,True,13.7207345494877,1.552572763362302,True,False
614.26,4828,t4828,80,50.0,80,7,5,0.6746065076110622,True,3.641322706458346,0.7730522412775997,True,False
614.57,4832,t4832,300,250.0,61,1,7,0.64998292862996,False,85.09840581292207,3.0044933766056277,False,False
614.76,4836,t4836,80,50.0,34,7,6,0.692859252249295,True,3.4265756116432744,0.7533778392743028,True,False
615.41,4842,t4842,270,900.0,86,7,6,0.694584249022491,False,251.40642974807022,2.739505105232862,False,False
615.54,4843,t4843,120,75.0,29,6,7,0.6445468002425286,True,8.672440653969336,1.2195904061131084,True,False
615.84,4844,t4844,270,1000.0,43,3,2,0.6896298434082083,False,285.8844219293815,2.768101709723709,False,False
616.44,4847,t4847,170,100.0,87,2,5,0.6537801275120848,True,14.635501013470618,1.8467261377271182,True,False
616.61,4848,t4848,300,1200.0,28,3,2,0.685245428358226,False,298.46549756672937,2.8719064843202773,False,False
616.97,4852,t4852,80,50.0,30,1,5,0.6705635823136374,True,3.660028783429386,0.7975109570767441,True,False
618.92,4871,t4871,170,500.0,59,6,2,0.6464663098033591,False,99.42327041373437,1.7973238079570355,False,False
619.04,4874,t4874,80,50.0,35,5,1,0.6979160676111674,True,4.554933983765034,0.7538620346078304,True,False
619.29,4877,t4877,220,700.0,32,6,5,0.6444673199252372,False,132.76342466560033,2.3628457986491145,False,False
619.64,4880,t4880,220,150.0,95,6,7,0.6472380460558598,True,33.71286194562298,2.376066077668581,True,False
620.11,4884,t4884,170,700.0,38,2,1,0.674502781182477,False,97.58958247217707,1.5431948499205188,False,False
621.24,4894,t4894,80,50.0,94,5,6,0.7139857210119939,True,4.071913909207595,0.7420019825890987,True,False
621.64,4896,t4896,300,1200.0,49,2,1,0.6704209073770092,False,342.098082846175,3.0396950532769704,False,False
622.34,4902,t4902,170,100.0,41,6,1,0.6619109476670574,True,13.603165106502853,1.7302495518525525,True,False
622.38,4903,t4903,220,150.0,44,4,5,0.6909078099893009,True,31.444929896501616,2.0202575086012753,True,False
622.52,4904,t4904,220,150.0,88,6,7,0.6498754669529244,True,29.80577397032585,2.242667237599776,True,False
623.11,4909,t4909,270,1000.0,29,2,5,0.656286706780025,False,295.7555715719549,2.7369892304762704,False,False
623.49,4914,t4914,80,50.0,86,1,5,0.6725829773340314,True,3.2250227978001225,0.7440518551561186,True,False
624.19,4918,t4918,80,50.0,87,2,1,0.6664206710476509,True,3.3726621847835974,0.7956548834483252,True,False
624.37,4921,t4921,120,75.0,55,5,4,0.6732926598807295,True,7.214351516219455,1.226208632683891,True,False
624.94,4930,t4930,300,1000.0,57,0,5,0.6503153163779427,False,309.7903924106648,3.1528449967615453,False,False
626.02,4935,t4935,270,200.0,42,6,1,0.6641033953803829,False,55.574415577709395,2.600690490915609,False,False
626.23,4936,t4936,270,900.0,41,0,1,0.7029081991821913,False,258.9940410371389,2.7455395433939778,False,False
626.88,4941,t4941,220,150.0,92,3,7,0.6770212874498874,True,34.37900276012744,2.263908707740558,True,False
627.25,4949,t4949,300,250.0,77,1,5,0.6745619844540174,True,74.14760743228307,2.924035348600561,True,False
627.97,4954,t4954,220,900.0,58,7,6,0.690100745860223,False,180.88837662567167,2.32413390931465,False,False
628.17,4955,t4955,220,900.0,20,1,7,0.6462399367240275,False,170.5733834017974,2.1363775067819293,False,False
629.54,4965,t4965,300,1200.0,34,7,2,0.6704929525435263,False,370.1461397629646,3.1497862909343377,False,False
629.63,4966,t4966,270,200.0,37,0,6,0.6468427396432329,False,57.50084460324023,2.930380252831955,False,False
630.44,4972,t4972,220,150.0,67,0,2,0.6607212222081623,True,38.73539766750228,2.3728455468867886,True,False
630.49,4973,t4973,170,100.0,98,2,1,0.6686744394448797,True,20.12652892577303,1.6250317466153565,True,False
630.51,4974,t4974,220,150.0,28,0,5,0.6465656767170506,False,28.178080058737322,2.248712297873062,False,False
630.93,4977,t4977,220,150.0,66,5,4,0.6754089885012967,True,35.08290122276129,2.1838865066883644,True,False
631.24,4978,t4978,170,100.0,74,1,6,0.6450440648712416,True,15.797144799606755,1.7141975920417127,True,False
631.71,4980,t4980,270,200.0,84,4,1,0.6950174680454503,True,54.99614656581156,2.668160889764367,True,False
631.74,4982,t4982,220,900.0,59,2,1,0.670883132474164,False,168.47220911088004,2.0649766446640725,False,False
631.74,4981,t4981,80,50.0,37,1,2,0.65343682863518,True,4.283716640668642,0.8338180915891406,True,False
631.79,4983,t4983,300,250.0,96,6,1,0.660077994139442,True,68.7907605755489,3.2032711947185204,True,False
631.88,4984,t4984,120,75.0,49,4,1,0.696699300502723,True,8.147613800039355,1.2696433061987857,True,False
632.1,4985,t4985,170,100.0,75,6,1,0.6623071009233198,True,19.755995911326515,1.5748466572142428,True,False
632.67,4989,t4989,80,50.0,97,7,2,0.6663397601593223,True,4.128140567398566,0.855170463282982,True,False
633.25,4991,t4991,170,500.0,60,2,6,0.6575052455136425,False,99.8253979351107,1.5617828219779786,False,False
634.83,5001,t5001,120,75.0,29,4,2,0.7115585335820458,True,7.301856257215576,1.1635295085607944,True,False
635.68,5005,t5005,270,200.0,85,4,5,0.6926718356076966,True,59.898550642452584,2.6456422260163595,True,False
636.76,5018,t5018,120,75.0,22,6,7,0.6524601394320477,True,7.874760941217286,1.294249657368495,True,False
636.88,5019,t5019,270,200.0,64,0,1,0.6982582170167293,True,63.56304313218787,2.5720172789691738,True,False
637.38,5022,t5022,220,150.0,72,3,6,0.6902592034202556,True,35.316352672193794,2.100952520817136,True,False
637.46,5023,t5023,300,250.0,86,2,1,0.6668736516428625,True,74.65169957645284,2.9750873819743306,True,False
638.46,5031,t5031,80,50.0,49,6,1,0.66449162557152,True,4.643162250331216,0.8421599260266469,True,False
638.65,5034,t5034,300,250.0,21,7,6,0.6857069127612003,False,75.37546894584518,2.8242416694175567,False,False
638.69,5035,t5035,270,1000.0,43,5,1,0.6993884129256108,False,293.12347662176717,2.6368833209203264,False,False
639.77,5042,t5042,120,75.0,89,5,1,0.6946573113337653,True,8.677692584377422,1.1036619740499947,True,False
639.8,5043,t5043,220,900.0,56,2,5,0.6525691544626063,False,207.31932913030974,2.2544456761161014,False,False
640.07,5045,t5045,300,250.0,31,2,5,0.648925953191536,False,80.34720269286439,2.8354673975506777,False,False
640.22,5047,t5047,220,700.0,28,1,5,0.6765014114316038,False,168.68912631102472,2.2502963739107034,False,False
640.35,5048,t5048,270,1000.0,23,0,2,0.6630889795821808,False,245.52042456926702,2.6210924498139683,False,False
640.52,5050,t5050,220,700.0,90,4,5,0.6944005807137245,False,169.95997803903492,2.2004292103965133,False,False
642.2,5059,t5059,220,700.0,52,7,2,0.6684436316228025,False,145.95463175317985,2.267886038215916,False,False
643.67,5071,t5071,80,50.0,64,6,4,0.6435542971898823,True,4.007674795652392,0.7331036691820004,True,False
644.85,5076,t5076,220,700.0,35,0,2,0.659235381808719,False,173.17636389763737,1.9844776170266225,False,False
645.29,5081,t5081,220,700.0,38,1,5,0.6722280498696384,False,161.84010554685935,2.12001209128703,False,False
645.92,5090,t5090,80,50.0,90,2,1,0.6691183604281871,True,3.6330015421605273,0.7515700517770102,True,False
646.81,5098,t5098,300,1200.0,52,6,4,0.6462653930642664,False,300.44307282855397,3.258440191957937,False,False
646.88,5099,t5099,300,250.0,39,6,1,0.6666324597267563,False,64.30236911429877,3.126134792713234,False,False
647.4,5106,t5106,120,75.0,78,4,1,0.6983474963108505,True,8.72701084750247,1.2787483552441645,True,False
647.5,5107,t5107,80,50.0,49,1,6,0.6475738502404834,True,3.7391172113075726,0.8142599711600067,True,False
647.75,5112,t5112,170,500.0,31,0,2,0.6554588559907265,False,75.36650838796601,1.8597576591698821,False,False
648.27,5115,t5115,270,200.0,64,5,6,0.7152881884099357,True,54.262216519859436,2.4355846337938587,True,False
648.27,5116,t5116,170,100.0,81,3,7,0.6789115283675564,True,14.560394506625148,1.6348699142933527,True,False
648.3,5117,t5117,80,50.0,85,6,7,0.6549931184615886,True,4.049359830258552,0.8539605437713554,True,False
649.67,5128,t5128,300,250.0,38,3,6,0.6920362011700322,False,87.8518889985066,3.2901605999378623,False,False
649.73,5129,t5129,220,150.0,96,3,2,0.6809487016092434,True,38.80824070198216,2.3762868231755894,True,False
650.13,5135,t5135,80,50.0,49,6,7,0.6574754379105386,True,4.3842751649668035,0.7645119391089216,True,False
650.4,5139,t5139,300,250.0,27,5,6,0.7165646064599188,False,61.911090135859425,3.143212335827241,False,False
650.45,5140,t5140,300,250.0,43,4,2,0.7129095447285867,False,69.49141168491315,2.742775393792611,False,False
651.26,5144,t5144,300,250.0,67,4,2,0.7080595356521967,False,83.17774124614658,3.2320938043919103,False,False
651.61,5148,t5148,170,100.0,82,6,1,0.6625564771988879,True,18.369319447239867,1.766843629283654,True,False
653.38,5160,t5160,170,100.0,62,0,2,0.6517578606890938,False,17.486483572746252,1.8352990793294877,True,False
653.92,5163,t5163,220,150.0,79,2,5,0.645355615945887,True,35.72765192696266,2.416583081303367,True,False
654.23,5165,t5165,300,250.0,77,6,7,0.6599081109705097,False,85.70548383532596,3.061085083113573,False,False
654.67,5168,t5168,270,200.0,45,5,4,0.6774829905494526,False,45.26409270117139,2.934345571016201,False,False
655.41,5170,t5170,170,100.0,41,4,2,0.7033065267573347,False,19.588705627743867,1.6448557347895199,True,False
655.86,5174,t5174,80,50.0,68,3,2,0.6829119093952402,True,4.773324353862593,0.8765325671320735,True,False
658.08,5182,t5182,300,1000.0,67,7,6,0.6814009563241582,False,295.80245070048176,2.9837388983820228,False,False
658.08,5183,t5183,220,900.0,28,3,7,0.6807639644668719,False,231.2801975755625,2.020316042523478,False,False
658.54,5186,t5186,300,250.0,58,6,2,0.6427936502739585,False,78.78640178096735,3.1119302312286923,False,False
659.56,5195,t5195,270,200.0,54,2,1,0.6713181750378051,False,55.73268543780197,2.890155262577295,False,False
659.87,5198,t5198,220,150.0,72,2,5,0.6480306854451511,True,36.170672776553175,2.3300938839992855,True,False
660.11,5199,t5199,170,100.0,97,6,1,0.6647360143215767,True,14.653954467396566,1.5678669676704522,True,False
660.68,5201,t5201,270,200.0,79,2,1,0.6672999933552309,True,49.326936113432424,2.672237215631286,True,False
661.23,5207,t5207,270,200.0,80,2,5,0.65065225355443,False,64.4693836000161,2.451977951233841,True,False
662.55,5211,t5211,220,900.0,45,2,5,0.6470473903015231,False,166.4007311766998,2.401754078597741,False,False
662.73,5216,t5216,300,250.0,26,3,2,0.6848358530255173,False,66.2082123649962,2.9608902730738254,False,False
662.73,5215,t5215,120,75.0,42,6,4,0.642748267021163,True,10.363910382028195,1.0918825768898441,True,False
662.9,5217,t5217,300,1000.0,25,3,2,0.6805473177831888,False,322.53588294070715,2.7447720862808183,False,False
663.13,5222,t5222,120,75.0,79,2,6,0.6536118072700363,True,10.112363590653773,1.1459609828522423,True,False
663.48,5225,t5225,170,100.0,21,3,2,0.6763445532457067,True,17.179458397415086,1.860157952945944,True,False
663.66,5226,t5226,300,1000.0,38,5,4,0.6733415125566453,False,266.26284527446296,3.2190119203378207,False,False
663.76,5227,t5227,270,900.0,30,1,2,0.6559502738806583,False,207.29236606230438,2.641937060756371,False,False
664.02,5230,t5230,170,100.0,93,1,2,0.6522394502212269,True,19.079557126379598,1.7285990523527648,True,False
664.56,5236,t5236,300,250.0,88,0,2,0.6481308852934937,True,75.18687857137691,3.2696243392894835,True,False
665.8,5244,t5244,270,200.0,61,0,1,0.6998752344945766,True,55.25952763161021,2.5172432911826386,True,False
666.02,5245,t5245,170,100.0,21,4,1,0.6999627282028152,True,18.10557827132033,1.8512663281098647,True,False
666.8,5250,t5250,270,1000.0,93,2,1,0.669536175306308,False,232.66276921675248,2.519211444566083,False,False
666.85,5252,t5252,220,150.0,49,5,6,0.7116414961489024,True,30.473675646719208,2.1547228696138294,True,False
667.26,5259,t5259,270,1000.0,75,6,7,0.6561181305692813,False,221.7159533137618,2.734768985260464,False,False
669.04,5277,t5277,170,100.0,75,2,5,0.6435146243136746,True,17.500137024814716,1.6479662238208526,True,False
670.01,5282,t5282,300,1200.0,63,5,1,0.6961948317737566,False,292.86903554520734,3.0224499130055023,False,False
670.13,5284,t5284,270,200.0,69,0,2,0.6507504494058056,True,58.56693765014101,2.476822401243476,True,False
670.23,5286,t5286,300,250.0,54,1,5,0.6680401555389123,False,77.26134176725402,2.9237193984258187,False,False
670.79,5290,t5290,120,75.0,93,1,2,0.6547768430349842,True,10.024352198132048,1.264557748402074,True,False
671.2,5293,t5293,220,900.0,32,4,2,0.6986485780403698,False,192.91058590969342,1.9955402184254905,False,False
671.66,5300,t5300,300,250.0,71,2,6,0.6559702377913023,True,66.18095601326604,2.755304511767986,True,False
671.77,5304,t5304,300,250.0,40,6,1,0.666871960701812,False,66.85432980915418,3.105380269897741,False,False
671.81,5305,t5305,170,100.0,35,7,5,0.6766965592770229,False,19.635020401298103,1.8206916784440326,True,False
671.87,5306,t5306,300,1000.0,76,5,1,0.6915276018049482,False,307.1055934606517,2.922564986893241,False,False
673.05,5312,t5312,300,250.0,43,4,1,0.7015456554569408,False,61.49206871391261,3.1125573287800297,False,False
673.33,5314,t5314,300,250.0,68,1,5,0.6639360190948006,False,84.38002012435246,3.2469877827244638,False,False
676.29,5332,t5332,120,75.0,57,3,7,0.6764053518442011,True,10.569595042732564,1.241084176033001,True,False
676.3,5333,t5333,220,900.0,80,5,4,0.6692828641236942,False,186.5018804484997,2.27842765677647,False,False
676.77,5337,t5337,80,50.0,67,4,5,0.6899207509176318,True,3.888682250680065,0.7369000852413576,True,False
678.01,5345,t5345,120,75.0,99,6,4,0.6454754834989215,True,9.205768358569241,1.31744790745118,True,False
678.35,5348,t5348,270,900.0,96,5,1,0.686953716435516,False,245.37879336056596,2.463263107217306,False,False
678.73,5350,t5350,300,250.0,49,7,2,0.6643314256570131,False,77.44663604834179,2.760481416899598,False,False
678.82,5351,t5351,220,150.0,24,3,2,0.6783998439989744,False,33.95614808182008,2.309027012644933,False,False
678.92,5352,t5352,300,250.0,49,2,1,0.6655536336183637,False,64.99704741387967,3.1370168620191388,False,False
678.98,5354,t5354,80,50.0,52,5,1,0.6824713087734723,True,3.6205351638789374,0.7821346793299799,True,False
679.06,5357,t5357,270,200.0,57,7,6,0.6771811190158569,False,43.29241615635295,2.8461631047039364,True,False
679.22,5359,t5359,220,900.0,83,2,5,0.6462265136455828,False,202.04096483583348,2.2805506708116985,False,False
681.07,5371,t5371,270,1000.0,98,4,5,0.6917045177174611,False,306.441531044112,2.672416418569832,False,False
681.41,5376,t5376,300,250.0,45,4,2,0.6940837882977443,False,80.63508668804906,2.9057101206238913,False,False
681.45,5377,t5377,220,900.0,25,3,2,0.6742400289371767,False,229.41035442201087,2.271935847343916,False,False
681.52,5379,t5379,270,200.0,51,1,6,0.6500530399023404,True,45.553460758840544,2.5199068244279768,True,False
681.62,5381,t5381,120,75.0,88,3,6,0.6876036589648135,True,8.188897795866692,1.2076275970200483,True,False
681.9,5382,t5382,120,75.0,71,3,1,0.6729142305776231,True,8.11071793422279,1.2964488681772564,True,False
682.3,5385,t5385,170,100.0,65,2,1,0.6616507427641782,True,18.02057599243213,1.749574451222465,True,False
682.99,5391,t5391,170,100.0,37,7,2,0.6603014638105396,True,14.657350603647311,1.6793251298724603,True,False
683.53,5394,t5394,170,100.0,28,3,7,0.6783079114739838,True,19.23866851749396,1.8487678416980684,True,False
685.72,5405,t5405,220,150.0,66,5,7,0.669159321879785,True,26.707428925256504,2.2627510278781964,True,False
686.13,5407,t5407,300,1200.0,84,6,7,0.6524039497760775,False,302.7505253311844,3.000897112019892,False,False
687.18,5412,t5412,170,100.0,22,0,2,0.6533176222358713,True,18.257708961115963,1.6479584411474077,True,False
687.48,5414,t5414,170,100.0,71,4,7,0.6874639441126907,True,13.855911804508292,1.7493558722679547,True,False
687.81,5418,t5418,270,200.0,63,4,1,0.6969229241659839,False,56.552208297932204,2.684293646425311,True,False
688.1,5421,t5421,270,200.0,40,5,1,0.6842525492646695,False,61.00123784549199,2.83761792976952,False,False
688.68,5426,t5426,270,200.0,79,7,2,0.6625261012009954,True,49.885987661989674,2.5783691351191433,True,False
689.55,5436,t5436,220,150.0,52,0,1,0.7014599116228668,True,27.727448616390706,2.387001138683635,True,False
689.57,5437,t5437,80,50.0,41,7,2,0.6647062458436422,True,4.683552025445587,0.8162077647890595,True,False
689.65,5438,t5438,300,250.0,52,3,6,0.6894337676036989,False,81.45766808479041,3.2210110169127697,False,False
690.33,5446,t5446,300,1000.0,33,5,6,0.7129908480441062,False,285.1296817377342,3.204941223856113,False,False
690.79,5453,t5453,170,700.0,30,6,4,0.6481481556471249,False,111.35078928248835,1.679562748155894,False,False
691.18,5456,t5456,80,50.0,22,1,5,0.6599139653795713,True,4.157799000354009,0.7909227333870611,True,False
691.39,5458,t5458,270,200.0,22,1,6,0.6524826457709603,False,58.503486434354414,2.460098914057832,False,False
691.5,5459,t5459,300,250.0,90,7,5,0.6725708099096642,True,74.12961481091351,3.010024519900922,True,False
691.63,5460,t5460,220,150.0,63,3,1,0.6750381277842524,True,29.06848969786038,2.0078816366843033,True,False
692.15,5464,t5464,300,250.0,51,5,1,0.6798241649460428,False,81.96641709938558,2.7238314229161937,False,False
692.34,5466,t5466,170,700.0,79,3,7,0.6801724199111708,False,105.21397953557992,1.6929350960667364,False,False
693.08,5472,t5472,120,75.0,59,4,1,0.6923926475008461,True,9.197569431371914,1.1903580908222229,True,False
693.15,5474,t5474,170,100.0,45,6,4,0.6445933743523642,True,19.11172646209117,1.8652116817252804,True,False
693.31,5477,t5477,270,200.0,89,1,2,0.6572634879924663,True,45.664110226791216,2.7576944363397136,True,False
693.38,5478,t5478,270,200.0,35,7,2,0.6668427875934361,False,47.992168560329006,2.643680547470216,False,False
693.88,5483,t5483,300,1200.0,91,7,6,0.6730456784537214,False,402.5570466179796,3.2749451340454074,False,False
693.99,5485,t5485,300,250.0,20,7,6,0.6689929467028289,False,67.6778541749008,2.7199729288704657,False,False
695.83,5500,t5500,300,250.0,35,2,1,0.6639999097270765,False,61.58567536681139,2.949960006424007,False,False
696.61,5502,t5502,170,500.0,31,6,1,0.6627911881544424,False,70.87952968748502,1.8042094842063552,False,False
696.7,5503,t5503,270,200.0,79,0,2,0.6558334516093357,True,64.72675243444593,2.793160983294958,True,False
696.9,5505,t5505,170,500.0,31,4,1,0.6941269763690109,False,99.15195722616602,1.841575743215956,False,False
697.18,5508,t5508,220,150.0,72,5,7,0.6713583172603711,True,34.60745971451168,2.1593374932414116,True,False
697.47,5512,t5512,300,250.0,90,0,2,0.6582989643953309,True,80.48989825641895,3.247147157018901,True,False
697.78,5513,t5513,220,150.0,70,7,5,0.6747015755296527,True,29.654472236194874,2.387513912221233,True,False
697.81,5514,t5514,300,250.0,68,2,5,0.642710165190853,False,81.43567393718338,3.0020855673661506,False,False
697.84,5516,t5516,270,200.0,90,5,1,0.6754843483137886,True,49.71452243753119,2.592618009741007,True,False
697.93,5518,t5518,120,75.0,31,6,4,0.6472836886834987,False,9.057413751507289,1.0805348266958212,True,False
698.55,5525,t5525,270,900.0,74,4,7,0.6892968470486186,False,211.87657467951564,2.909375104674146,False,False
700.1,5532,t5532,270,200.0,72,2,5,0.6392641437052178,True,63.66942027907119,2.9058706285194646,True,False
701.31,5545,t5545,220,150.0,40,4,2,0.6896102943499712,True,39.1041039297318,2.284639955570216,True,False
701.69,5547,t5547,120,75.0,74,6,4,0.6437461967280106,True,10.55601337028654,1.094096875751287,True,False
701.94,5548,t5548,220,150.0,59,2,5,0.6420610426492952,True,27.764801424062323,2.2409362515410653,True,False
702.18,5550,t5550,270,200.0,65,3,1,0.6771195470467493,True,60.4819223764724,2.7426191300049148,True,False
702.47,5553,t5553,270,900.0,79,5,7,0.6735133327333455,False,271.10044181300134,2.756649717444081,False,False
702.56,5554,t5554,80,50.0,39,0,6,0.6431625515170348,True,3.566305770925868,0.8452787330193008,True,False
702.76,5557,t5557,170,100.0,59,5,1,0.6774053280141795,True,18.363791732959484,1.8361634734420975,True,False
703.33,5561,t5561,80,50.0,29,4,5,0.6872786091812936,True,4.547032632195558,0.7888526492056714,True,False
703.54,5564,t5564,220,150.0,66,2,5,0.6448020036144911,True,32.42624723186474,2.0693325945854255,True,False
703.96,5566,t5566,300,1000.0,99,6,7,0.6487640525987378,False,280.3822403600642,3.2529542376396656,False,False
703.97,5567,t5567,300,1000.0,58,1,5,0.6621463527386465,False,252.54603510225195,3.1298730571793225,False,False
704.37,5568,t5568,300,250.0,60,6,7,0.6451969533649448,False,77.16484588228815,2.7690271676369536,False,False
704.71,5570,t5570,220,150.0,35,1,6,0.6486896595222077,False,37.054782924157045,2.1620953265701695,False,False
704.78,5572,t5572,170,100.0,47,1,5,0.6581600923505403,True,19.47461314181092,1.6412452899941667,True,False
705.7,5576,t5576,170,100.0,28,6,1,0.6587920310580201,True,17.338776328480918,1.8456766098131399,True,False
706.79,5584,t5584,170,100.0,72,5,1,0.6792878881205625,True,15.626335084743983,1.6115790943428894,True,False
706.95,5589,t5589,300,250.0,54,3,7,0.675825638179614,False,78.39969368904202,3.127259371663171,False,False
707.37,5593,t5593,220,150.0,42,1,6,0.6449725329984303,True,34.33466156610738,2.0229352183061042,True,False
707.92,5597,t5597,80,50.0,65,6,4,0.6464534546116322,True,3.986408476445587,0.8319023138991274,True,False
708.17,5598,t5598,270,900.0,41,0,2,0.6607151669256061,False,212.17311263090943,2.864433024384381,False,False
708.62,5601,t5601,80,50.0,75,4,5,0.6891152188158496,True,4.786079249571284,0.7717374023960228,True,False
710.9,5621,t5621,220,150.0,37,2,1,0.6601280933507168,False,39.23091087349272,2.093988023307648,False,False
712.54,5635,t5635,170,100.0,40,5,1,0.681132797024818,True,16.922706687813967,1.8161005437273692,True,False
713.16,5642,t5642,120,75.0,40,2,5,0.6474881453603831,True,10.33629859941481,1.1747154576705459,True,False
713.64,5647,t5647,220,900.0,75,1,2,0.6597004000507988,False,235.52986016977184,2.4107715046792686,False,False
715.4,5654,t5654,270,200.0,53,1,6,0.6475037490051283,False,57.0789996881865,2.850325962403189,False,False
716.53,5662,t5662,80,50.0,42,0,2,0.6569090454052757,True,3.6063082887111517,0.7369831168511188,True,False
716.89,5665,t5665,220,700.0,54,7,6,0.6650212695869541,False,184.50432968205894,2.419697935372758,False,False
717.43,5671,t5671,300,250.0,85,6,4,0.6491065673375813,True,71.104023087947,2.9255091249730696,True,False
718.15,5678,t5678,120,75.0,86,3,7,0.6715657920826884,True,9.142944102561785,1.1120303344787887,True,False
718.57,5683,t5683,300,250.0,33,7,5,0.6767897258372415,False,87.09127551872055,3.0940170362184043,False,False
719.37,5685,t5685,220,150.0,45,0,1,0.7030128952085913,True,38.2339059781654,1.9849312771160101,True,False
719.49,5687,t5687,270,1000.0,24,1,6,0.6438103406916924,False,218.6311777455317,2.704154696655123,False,False
720.63,5701,t5701,120,75.0,70,5,1,0.6829408077509883,False,7.77673829013993,1.2469334336855247,True,False
720.76,5702,t5702,170,500.0,82,4,5,0.6909150962577143,True,74.68225517695645,1.8353923920941049,True,False
721.43,5709,t5709,270,200.0,57,4,5,0.6926789761507419,False,62.38610231983219,2.9134023876844855,False,False
721.7,5711,t5711,300,250.0,66,1,5,0.6604275571701962,False,69.17053540047202,2.917955376302,False,False
722.03,5714,t5714,300,250.0,48,1,7,0.6425718046562136,False,72.12897289070406,3.0916347317956014,False,False
722.46,5716,t5716,270,200.0,78,3,6,0.6850532740698068,True,43.3625929578651,2.9276838264326286,True,False
722.61,5719,t5719,170,100.0,24,7,2,0.662762598508234,True,13.719391260706079,1.6971328283553047,True,False
723.85,5727,t5727,120,75.0,70,5,6,0.7081392129014058,True,8.054331519307844,1.3046356748700894,True,False
724.91,5735,t5735,170,100.0,23,4,5,0.6882335784459089,True,17.298224316534082,1.868225782652257,True,False
725.36,5736,t5736,300,1000.0,25,6,4,0.6517066178090115,False,342.6961008422498,3.2305114265352257,False,False
726.05,5742,t5742,80,50.0,47,1,5,0.656475672693459,True,4.2639914646627,0.8286938068560453,True,False
726.26,5743,t5743,120,75.0,74,3,6,0.6869343904065924,True,8.210499828926219,1.2300694676587658,True,False
727.29,5749,t5749,170,100.0,22,7,2,0.664938013204736,True,19.532855866139666,1.733600035532275,True,False
727.42,5751,t5751,170,500.0,41,5,7,0.6694512478968603,False,70.17275757627664,1.6526627933715492,False,False
727.64,5754,t5754,300,1200.0,96,2,6,0.6582814997021429,False,427.7130826913789,2.948318857364069,False,False
729.01,5762,t5762,270,200.0,97,2,6,0.6543725363747667,False,47.30280895136262,2.44748756515302,True,False
729.23,5763,t5763,120,75.0,35,5,6,0.7095586104615595,True,7.567466002727812,1.1024626927050445,True,False
729.31,5764,t5764,220,900.0,65,5,6,0.7109496200705101,False,166.78065896577831,2.0269108675262215,False,False
730.29,5770,t5770,300,250.0,61,0,2,0.659353046315352,False,88.25340071733474,2.7112661865930483,False,False
732.31,5784,t5784,170,100.0,58,7,2,0.6670699196073079,True,17.942475337093633,1.856233995068499,True,False
732.5,5787,t5787,220,150.0,81,5,6,0.7061388094872818,True,34.086109933302176,2.1050299639282097,True,False
733.04,5792,t5792,170,100.0,97,5,6,0.707598215115718,True,18.338199203882407,1.783545418507822,True,False
733.75,5802,t5802,80,50.0,41,3,7,0.6735651429077013,True,3.2082637159054603,0.7269052416537368,True,False
734.69,5809,t5809,270,900.0,29,0,6,0.6457299671533608,False,206.57659554278797,2.5126589246093407,False,False
735.37,5814,t5814,300,250.0,25,0,5,0.6428910298493762,False,61.30440623284277,3.183823414258973,False,False
735.43,5815,t5815,270,200.0,83,7,6,0.6611290260133967,True,62.11779035594139,2.53529351110481,True,False
735.97,5817,t5817,120,75.0,58,6,7,0.6417011961158278,True,9.317744718151756,1.1914699989619508,True,False
736.94,5826,t5826,120,75.0,58,0,2,0.6555741672072267,True,9.214544216219583,1.1001717553077348,True,False
737.9,5833,t5833,300,1000.0,57,1,2,0.6559145738679647,False,268.7596983808991,2.8654643923168654,False,False
739.23,5841,t5841,170,500.0,89,1,6,0.6401908005445253,True,71.25608195029461,1.869716547708782,True,False
740.14,5846,t5846,170,500.0,69,1,6,0.6428176512003013,False,83.25782362032389,1.696185773272252,False,False
740.51,5848,t5848,300,250.0,95,2,1,0.6563337133018843,True,84.06919939641652,2.7895220191939667,True,False
740.62,5849,t5849,300,250.0,85,1,6,0.639217964842962,False,80.76796071022079,3.1954233157275933,True,False
740.94,5852,t5852,170,700.0,65,0,6,0.6420720344769603,False,141.77358137507093,1.6969097536822155,False,False
740.97,5853,t5853,170,500.0,53,5,6,0.7090284326315855,False,76.94006552430497,1.7422736600090372,False,False
741.46,5857,t5857,220,700.0,64,4,5,0.6900510886951726,False,134.65781820518765,2.046353901356512,False,False
742.44,5862,t5862,300,1200.0,61,0,2,0.6580448656812641,False,411.4967507381658,3.06678465439722,False,False
742.61,5863,t5863,170,100.0,46,4,2,0.6914002702811536,True,14.990736428632449,1.6151359348098366,True,False
742.63,5864,t5864,120,75.0,45,5,1,0.6785386582626353,True,9.76424896515457,1.2778534077379053,True,False
743.14,5865,t5865,220,900.0,62,2,1,0.6587892208540284,False,186.36106412561946,2.2340837830126676,False,False
743.18,5866,t5866,220,150.0,55,7,5,0.6726621131386785,True,36.66910344077107,2.0281158772012873,True,False
743.84,5871,t5871,80,50.0,79,7,5,0.6747910526940868,True,4.4833333584676796,0.7976115203762505,True,False
745.21,5883,t5883,300,1200.0,37,5,1,0.6803985517640492,False,400.83462097805744,2.849229703752764,False,False
745.61,5885,t5885,270,200.0,98,4,5,0.6856582487394509,True,51.39238367177126,2.876675826564753,True,False
745.96,5887,t5887,170,700.0,95,3,6,0.6887778844166424,False,102.97155408457282,1.7938796433625392,False,False
746.08,5888,t5888,300,250.0,36,4,2,0.6931544466937124,False,77.42170386559619,3.16566547192551,False,False
746.66,5893,t5893,300,250.0,66,4,5,0.6875272655828437,False,73.59310796158276,3.021607217695614,False,False
748.06,5900,t5900,120,75.0,67,4,2,0.6886995395780199,True,7.548380873926288,1.3135858915279688,True,False
748.87,5905,t5905,220,150.0,78,2,6,0.650541752313938,True,35.930158089473075,2.153137933611941,True,False
749.78,5910,t5910,300,250.0,37,5,6,0.7042560457971355,False,84.65360869213741,3.1295255864629707,False,False
750.34,5915,t5915,170,100.0,33,1,2,0.6522044642087872,True,16.14126418102666,1.727743462994099,True,False
750.42,5916,t5916,220,150.0,25,3,1,0.6791593379239961,False,35.127951227279496,2.209873318065536,False,False
751.35,5923,t5923,120,75.0,23,4,1,0.6896526186598125,True,8.15790817663692,1.1928174264620783,True,False
752.0,5927,t5927,270,1000.0,35,1,5,0.6587768259062564,False,232.56835302405443,2.5980602346489485,False,False
752.13,5928,t5928,270,200.0,87,2,1,0.6550216182551297,True,59.212202383480395,2.8931134546279487,True,False
753.26,5933,t5933,300,250.0,88,3,6,0.6844105085464914,True,85.20650896454227,2.7553227116469605,True,False
753.28,5934,t5934,300,250.0,31,5,1,0.6760472473954349,False,67.90336136183137,3.228365447885279,False,False
753.53,5937,t5937,170,700.0,47,6,1,0.6610468571035265,False,124.9229402221219,1.7932910848197354,False,False
753.81,5940,t5940,300,250.0,69,7,5,0.6768774134583869,False,87.75611280721057,3.1263566646612366,False,False
754.36,5943,t5943,170,700.0,95,4,7,0.6849190919258281,False,140.3054674746323,1.7766674743729456,False,False
754.46,5945,t5945,120,75.0,70,2,6,0.652961583934326,False,8.400621164636057,1.1686684203938538,True,False
754.8,5948,t5948,80,50.0,98,4,1,0.6914417481047981,True,3.8111291928306055,0.81044548890339,True,False
755.18,5952,t5952,80,50.0,26,0,2,0.6542921501858207,True,3.3530682949980157,0.7833083508573235,True,False
755.2,5954,t5954,300,1200.0,33,1,7,0.638977035229756,False,372.2095248517664,2.7129597259690073,False,False
755.61,5960,t5960,120,75.0,95,0,2,0.6567884890002861,True,8.569435590893125,1.3024755111969697,True,False
756.5,5970,t5970,270,1000.0,31,5,6,0.6995791066993747,False,305.93841329713916,2.8712724198578057,False,False
756.63,5971,t5971,170,100.0,24,2,6,0.6491590189223061,True,16.094420137828322,1.718678335571233,True,False
757.0,5975,t5975,80,50.0,41,2,5,0.6501205642713573,True,3.683793946561501,0.8414693742987569,True,False
757.26,5980,t5980,300,1200.0,67,6,1,0.6570825866281226,False,322.4039513262636,3.2841999659658487,False,False
758.54,5990,t5990,220,150.0,91,2,5,0.6527003348041119,True,33.93313629027543,2.035617520453683,True,False
758.87,5992,t5992,300,250.0,42,0,5,0.6392898759190553,False,71.03620497478889,2.887448137229738,False,False
759.3,5995,t5995,220,150.0,55,6,7,0.644449354011693,True,31.36225658991076,2.077877202671433,True,False
759.49,5996,t5996,270,200.0,74,0,1,0.7045348191226014,True,48.639430980768786,2.933676442492968,True,False
759.58,5998,t5998,80,50.0,67,4,2,0.6905077306046413,True,3.281320968496838,0.8286890980947123,True,False
759.67,5999,t5999,300,250.0,66,4,5,0.6831849020893687,False,77.44152918475315,2.9026397187941497,False,False
759.89,6002,t6002,300,250.0,72,0,1,0.7060263045583312,True,69.84998232530793,2.7346261641207894,True,False
759.9,6003,t6003,270,200.0,90,1,2,0.6547425567427932,True,50.35728729422332,2.899907563362472,True,False
761.39,6015,t6015,270,200.0,71,4,7,0.6806288919054934,True,45.4702568450304,2.6054740573398685,True,False
761.8,6020,t6020,300,250.0,58,4,7,0.6825984958855653,False,81.9804414534733,3.1627858837977767,False,False
765.38,6045,t6045,300,1000.0,67,7,6,0.6634886273113106,False,319.74300319037206,3.1041156258339253,False,False
765.65,6049,t6049,80,50.0,47,0,2,0.659234901038462,True,3.5796922262725794,0.8089278901940224,True,False
765.69,6051,t6051,170,700.0,33,1,5,0.6548579560547979,False,142.46871718285442,1.6871362221950537,False,False
765.79,6052,t6052,170,500.0,35,6,7,0.647142548749641,False,73.4407788558191,1.7921181709463614,False,False
765.97,6056,t6056,300,250.0,94,4,2,0.6922797578107303,True,83.65369269172734,2.797613862813556,True,False
766.71,6061,t6061,300,1000.0,48,2,1,0.6575033677082088,False,340.08065814648745,3.087141467389041,False,False
767.0,6062,t6062,80,50.0,36,0,1,0.7074879602853463,True,4.361121208018619,0.7605245949790492,True,False
767.02,6063,t6063,170,500.0,25,3,6,0.6863044801937433,False,94.76148861995406,1.628828311211556,False,False
767.32,6067,t6067,270,200.0,81,0,2,0.6616323848358747,True,45.05256620745229,2.9005080487485464,True,False
767.52,6068,t6068,80,50.0,24,0,3,0.6386519809918084,False,13.072631668458126,2.2632368783699017,False,True
767.99,6070,t6070,270,200.0,21,7,6,0.6596270365832663,False,55.83029847232486,2.850589648231231,False,False
768.13,6072,t6072,220,150.0,73,7,2,0.6691591878818285,True,39.451423863221954,2.1625171172014728,True,False
768.68,6074,t6074,270,200.0,70,6,4,0.6480806672710131,True,61.86086762570341,2.8136350092185296,True,False
768.73,6075,t6075,120,75.0,61,1,2,0.6572298874261192,True,7.691595924291528,1.0970721026831252,True,False
768.86,6076,t6076,220,150.0,87,5,7,0.665470404757105,True,37.54649606314673,2.0918510023999484,True,False
769.04,6077,t6077,270,200.0,50,1,2,0.6596674714957788,False,53.200986667358706,2.5365164128725417,False,False
769.61,6084,t6084,220,900.0,68,0,1,0.7089203828978212,False,180.9140499566561,1.9991746396754557,False,False
769.84,6087,t6087,270,200.0,23,0,2,0.663981918957339,False,61.90724097163621,2.768493247429248,False,False
770.44,6095,t6095,300,1000.0,71,0,6,0.6384872604540878,False,332.33710382127475,3.0081825338409587,False,False
770.64,6097,t6097,300,250.0,77,2,1,0.6537614821722265,True,60.615784287140386,2.984487807468217,True,False
770.89,6098,t6098,270,200.0,56,7,2,0.6712066707908585,True,51.833539141874695,2.909757924122438,True,False
771.43,6100,t6100,270,200.0,42,0,1,0.7041501570580466,False,52.71221640960741,2.6397540117447003,False,False
771.9,6105,t6105,300,1000.0,75,3,7,0.675524506716214,False,254.0182786380353,3.1150542180849343,False,False
773.58,6119,t6119,170,100.0,89,4,5,0.6789293858657631,True,17.684043921090385,1.7892293819921836,True,False
774.27,6126,t6126,220,900.0,35,1,4,0.6370169218978919,False,222.46717958992403,2.2964333608947527,False,False
774.55,6128,t6128,220,150.0,28,6,1,0.6531976015622268,False,37.00895589983103,2.130279389969811,False,False
774.94,6132,t6132,170,100.0,49,4,5,0.6809329799666296,True,13.831616437334679,1.6217509244212522,True,False
774.96,6133,t6133,120,75.0,22,2,6,0.6516065052105265,True,8.319988623963319,1.294538732574463,True,False
775.14,6136,t6136,170,100.0,75,2,5,0.6552285099262115,True,19.310310467989268,1.6614927122788745,True,False
775.18,6137,t6137,270,200.0,24,2,5,0.6577061215458692,False,63.68295074572597,2.8267131509385792,False,False
775.27,6138,t6138,220,700.0,46,1,6,0.6356902722127694,False,146.84416078878135,2.1439489081251057,False,False
775.78,6141,t6141,300,250.0,37,3,7,0.6712706832485563,False,66.41601667810896,3.273146579604755,False,False
775.85,6143,t6143,80,50.0,25,1,7,0.6354541611918275,True,3.5466401127661658,0.8498227651552321,True,False
775.96,6145,t6145,170,100.0,37,7,2,0.6732132040417079,True,18.18373248347027,1.668135183280319,True,False
776.37,6148,t6148,300,1000.0,64,6,4,0.6507012357437746,False,267.3888690713449,2.757479425464676,False,False
776.72,6153,t6153,220,900.0,39,6,4,0.647095392847081,False,176.23359859224456,2.29843908801664,False,False
778.11,6161,t6161,80,50.0,36,2,6,0.6540050417729827,True,3.421709344738961,0.7861520861000932,True,False
779.98,6178,t6178,220,150.0,66,3,1,0.674984332983698,True,28.526339276663826,2.1290844443514,True,False
780.5,6181,t6181,80,50.0,35,5,6,0.6949957063835691,True,3.691751237525465,0.721215869459567,True,False
781.05,6186,t6186,300,250.0,43,4,2,0.6940163444726974,False,60.115179807521905,2.7762026224652834,False,False
781.13,6187,t6187,170,700.0,94,7,2,0.6751796066275405,False,116.80740366030973,1.6597419055957139,False,False
781.29,6188,t6188,220,150.0,57,4,5,0.6828965021854788,True,34.39284367813153,2.0882702738632433,True,False
781.88,6195,t6195,120,75.0,95,0,2,0.660110462396374,True,10.036535052884899,1.1639419686766597,True,False
782.12,6198,t6198,120,75.0,33,7,2,0.6709326811616564,True,8.682987285836091,1.1768846202414462,True,False
782.48,6202,t6202,220,900.0,40,0,2,0.6624904349666284,False,160.42076982314953,2.1125930446465815,False,False
782.86,6206,t6206,170,100.0,66,1,7,0.6381757446346575,True,17.53813453168671,1.6399435241908047,True,False
783.2,6210,t6210,220,700.0,78,5,1,0.6717829691141929,False,124.50769004733417,2.2771862705832957,False,False
785.07,6218,t6218,220,150.0,63,5,6,0.6966779740740795,True,31.733788850886015,1.9976314705269342,True,False
785.16,6220,t6220,170,700.0,37,4,1,0.6931950949608839,False,100.85760838303985,1.6032267196017882,False,False
785.37,6223,t6223,270,900.0,90,6,1,0.649390316197649,False,285.83285170484083,2.9428835697893465,False,False
785.38,6224,t6224,80,50.0,72,5,6,0.6983265964107798,True,4.679352061488893,0.7460747456257709,True,False
785.55,6225,t6225,80,50.0,56,3,2,0.6701634101766151,True,3.912234409133718,0.8324702016879055,True,False
785.86,6228,t6228,170,500.0,80,0,1,0.6994753357350676,False,91.49028022015494,1.7686965634411114,False,False
786.32,6231,t6231,120,75.0,38,4,2,0.6895441994014253,True,9.156814338462743,1.2913436242287575,True,False
786.64,6234,t6234,300,250.0,64,6,7,0.64360787959283,False,69.40674402011571,2.704807647239107,False,False
787.48,6239,t6239,170,100.0,99,4,2,0.6913354972315785,True,18.885007196206672,1.5418220498793718,True,False
787.85,6241,t6241,270,1000.0,35,5,1,0.6676039763985756,False,298.36976990323427,2.771651690551507,False,False
787.85,6242,t6242,120,75.0,47,5,4,0.6653053886594021,True,9.731671585591464,1.2614775083878154,True,False
788.11,6243,t6243,80,50.0,41,3,2,0.6723423237912646,True,3.302447461480252,0.7584454022701046,True,False
788.2,6244,t6244,270,200.0,51,4,5,0.6848207539599511,False,63.76153398358856,2.904560336223668,False,False
788.2,6245,t6245,170,100.0,32,1,7,0.6408428964086311,True,15.514204531667396,1.83700643334445,True,False
788.22,6246,t6246,80,50.0,81,4,1,0.688739374879848,True,3.5634520377520023,0.8400644180565995,True,False
788.36,6248,t6248,120,75.0,99,1,7,0.6434567051471252,True,8.039197931450989,1.2701483740260182,True,False
788.99,6253,t6253,120,75.0,20,1,5,0.6510174636003686,True,8.979647709879519,1.1402448280937996,True,False
788.99,6252,t6252,300,250.0,83,7,2,0.67294469420509,True,80.71665761309642,2.8194033496251993,True,False
789.48,6258,t6258,170,100.0,74,3,6,0.6819865724080504,True,15.880826124207266,1.5891593946921405,True,False
789.55,6259,t6259,270,200.0,59,1,7,0.6460182377108493,True,57.585308154095785,2.6304422414577724,True,False
790.91,6270,t6270,270,200.0,64,5,7,0.6677431784801448,True,48.09429067304199,2.7561425542091267,True,False
790.92,6271,t6271,270,200.0,91,0,2,0.6586488080854777,True,62.71908325411539,2.893330442435387,True,False
791.54,6275,t6275,270,1000.0,44,6,1,0.6456591765403626,False,217.23186461770567,2.498177859004773,False,False
792.21,6281,t6281,120,75.0,29,5,4,0.667581462704396,True,7.518741173755667,1.0802506163683956,True,False
792.85,6285,t6285,270,200.0,94,7,2,0.6749164669876547,True,51.94566886186203,2.572293004571901,True,False
792.89,6286,t6286,120,75.0,89,5,6,0.699942246300746,True,7.614265789184875,1.1802896512602432,True,False
793.32,6289,t6289,270,1000.0,78,2,1,0.6562684343469638,False,284.0932994232102,2.8622000507078225,False,False
793.49,6290,t6290,220,150.0,74,7,2,0.6768488043145683,True,33.20713611217807,2.2658662707510686,True,False
793.67,6293,t6293,170,100.0,82,5,6,0.7015255831929129,True,18.136060778551624,1.7311302270513762,True,False
794.53,6301,t6301,120,75.0,59,6,4,0.6435616668083212,True,8.723825325767647,1.1539774535143097,True,False
794.71,6306,t6306,120,75.0,90,0,2,0.66105801374195,True,8.177504405119377,1.2601362196586852,True,False
794.75,6307,t6307,220,150.0,94,7,2,0.6787424948949436,True,36.38164573501902,2.238034987920981,True,False
794.82,6308,t6308,170,100.0,98,7,5,0.6727480470074009,True,16.844301235736868,1.5976137169131852,True,False
795.16,6309,t6309,120,75.0,32,0,2,0.6634190352852928,True,7.748229555452277,1.258692902963752,True,False
795.43,6311,t6311,120,75.0,22,6,4,0.6462726152903365,True,9.157677272262001,1.1073721541349093,True,False
795.85,6315,t6315,170,700.0,99,7,2,0.6805983116637114,False,135.28887391422677,1.6874014828211878,False,False
796.72,6320,t6320,220,150.0,99,2,6,0.6563556076041898,False,38.385244811312894,2.4148465557104544,True,False
797.15,6325,t6325,170,100.0,39,4,1,0.6905467692004329,True,17.55985473738249,1.6851838644480008,True,False
797.68,6328,t6328,220,150.0,92,2,1,0.6525512474782064,True,31.82251938052152,2.005616758997342,True,False
798.28,6335,t6335,300,1000.0,79,3,6,0.6839290227780711,False,307.95357645278,2.7306924339248564,False,False
799.65,6345,t6345,170,700.0,38,4,5,0.680532520698934,False,135.95701180419542,1.639480193700033,False,False
799.67,6346,t6346,80,50.0,48,0,2,0.6657328363977687,True,3.67186335178013,0.7550629007943465,True,False
800.07,6350,t6350,300,250.0,60,6,1,0.6420026596762219,False,69.92290360438182,2.8843504246104077,False,False
800.13,6352,t6352,300,250.0,96,0,1,0.6948940108385481,True,61.501795133389734,3.0855530687009463,True,False
800.31,6355,t6355,220,150.0,75,4,1,0.692318015634606,True,37.94391486098062,2.374425835363839,True,False
800.33,6356,t6356,270,200.0,94,5,7,0.6699704967287236,True,43.73473156827029,2.961479518342951,True,False
800.38,6357,t6357,300,1000.0,25,5,6,0.7030772533472364,False,352.78817738022434,2.870092755033424,False,False
802.26,6366,t6366,220,150.0,78,5,6,0.6984238900984735,True,31.047936852536345,2.345211581924439,True,False
803.28,6377,t6377,170,500.0,39,4,1,0.6940538371400957,False,84.9170622984471,1.6990209607456268,False,False
803.63,6381,t6381,170,100.0,28,2,1,0.6550824043468241,True,20.35314420446134,1.612258236812454,True,False
804.09,6384,t6384,120,75.0,43,4,1,0.6895809422154756,True,10.72370345842633,1.1656823515591275,True,False
804.3,6388,t6388,170,700.0,48,3,6,0.6796586241406916,False,102.12089409317585,1.784017697857562,False,False
804.44,6390,t6390,220,900.0,29,1,7,0.648528539623299,False,178.13992901951468,2.346837749381815,False,False
805.46,6399,t6399,270,1000.0,56,6,5,0.6409861553449143,False,223.4411646831226,2.7118874647226074,False,False
805.58,6402,t6402,300,1000.0,80,2,1,0.6575629380780693,False,310.2747895718904,2.7893217659500458,False,False
805.92,6405,t6405,220,150.0,71,7,6,0.6558426776697829,True,28.944190236060113,2.0664686075063683,True,False
805.98,6407,t6407,300,250.0,59,2,1,0.6538198611346898,False,82.71663262941237,3.052525998624806,False,False
806.21,6409,t6409,300,1000.0,34,6,2,0.639194443935146,False,273.64316591677255,2.714785699172006,False,False
806.51,6415,t6415,220,150.0,87,3,2,0.6744776591336211,True,34.78564738782537,2.0505401526574207,True,False
806.76,6417,t6417,300,250.0,48,6,1,0.6384192731493642,False,69.23982339786116,3.1696708853912163,False,False
806.83,6418,t6418,300,250.0,37,4,2,0.6930909691051289,False,67.82188734700274,2.7694923769941826,False,False
806.98,6421,t6421,120,75.0,62,7,6,0.658308005934569,True,8.25232309719131,1.1129320608782536,True,False
807.15,6424,t6424,300,250.0,55,1,7,0.6448146354974997,False,60.112107264934124,2.856415670607668,False,False
807.4,6425,t6425,270,200.0,49,2,6,0.6524851621187726,False,50.7624450190008,2.6416078908358225,False,False
807.43,6427,t6427,270,200.0,94,2,6,0.6486921255430639,True,61.247440646661154,2.507196712576122,True,False
807.93,6428,t6428,270,900.0,31,5,7,0.6721532686123309,False,264.0791704705583,2.4977010479729156,False,False
809.1,6438,t6438,220,150.0,96,5,7,0.6681183850582662,True,36.27514387918673,2.1186832033690797,True,False
809.26,6440,t6440,300,250.0,41,6,4,0.6489293448027117,False,66.51326578391588,3.169911627153751,False,False
809.65,6443,t6443,300,1200.0,87,2,6,0.6511489496988693,False,360.50227553675927,3.2100588562360577,False,False
809.69,6444,t6444,80,50.0,94,6,5,0.6375746140561979,True,3.8328467642769137,0.7371438146401584,True,False
810.22,6451,t6451,80,50.0,37,4,2,0.6886373315412081,True,4.396278354964988,0.7335582313569864,True,False
811.0,6455,t6455,80,50.0,24,3,6,0.6754736334760595,True,4.547426141455095,0.7518540349105638,True,False
811.9,6462,t6462,170,100.0,71,0,1,0.6965783124399589,True,17.648749707254392,1.5377301719259118,True,False
811.93,6463,t6463,300,1200.0,51,4,7,0.6783547077860358,False,375.890977064848,2.844752145106741,False,False
812.11,6466,t6466,270,200.0,30,4,2,0.6904467667285658,False,49.54923735417604,2.5011694211783744,False,False
812.12,6467,t6467,220,700.0,81,3,2,0.6765702877691304,False,147.91128483868977,2.037382495147211,False,False
813.73,6480,t6480,170,500.0,53,3,2,0.6724470638319296,False,90.35932985628213,1.7463950573517109,False,False
813.96,6482,t6482,120,75.0,80,5,7,0.6703381991752827,False,9.949691514773363,1.1701886790429559,True,False
814.16,6483,t6483,220,150.0,97,4,5,0.6763300521031371,False,32.30290112523981,2.3634905096101617,True,False
814.34,6484,t6484,300,250.0,68,2,6,0.6473826373715585,False,68.28677987846272,2.839276904864828,False,False
815.08,6490,t6490,220,900.0,53,3,6,0.6775463426247202,False,177.45767745814385,2.072632491319258,False,False
815.5,6492,t6492,120,75.0,53,4,1,0.691371505189348,True,8.735242833132256,1.24275945194773,True,False
815.5,6491,t6491,220,700.0,89,2,1,0.6501516457301778,False,124.85706935870152,2.3401570504866958,False,False
815.68,6494,t6494,300,1000.0,40,0,4,0.6365721772793754,False,255.9271360839467,3.055708912798543,False,False
815.96,6497,t6497,170,700.0,87,1,2,0.6558823038840449,False,133.42872568079113,1.782787032338607,False,False
816.67,6501,t6501,220,150.0,80,2,1,0.646556794633756,True,29.240766310398534,2.0840151737459007,True,False
816.85,6503,t6503,220,900.0,60,2,1,0.6492078405592628,False,208.9598186234092,2.390794865427976,False,False
816.97,6504,t6504,80,50.0,34,3,2,0.6684063043734728,False,3.3099213905175215,0.8799404147164916,True,False
817.0,6508,t6508,80,50.0,50,4,1,0.6931262569037427,True,3.822738767502455,0.7826400020246144,True,False
817.82,6518,t6518,300,250.0,70,1,5,0.6534277809950279,False,76.3092238525238,3.1924539362433144,False,False
818.55,6526,t6526,300,1200.0,45,1,2,0.6521728396245458,False,335.66595451111425,2.973139333234478,False,False
818.58,6527,t6527,80,50.0,58,4,2,0.6860460132121763,False,4.358262288295741,0.8495535491792238,True,False
818.87,6529,t6529,300,1200.0,48,6,4,0.6453589397248393,False,311.6804099530683,3.0086414943639146,False,False
819.24,6532,t6532,270,200.0,48,2,1,0.6456318655662593,False,63.1976952037386,2.6802580703852477,False,False
819.3,6534,t6534,170,100.0,96,7,2,0.6762430120971038,True,14.974409181261572,1.5705730392414077,True,False
819.32,6535,t6535,300,250.0,85,1,5,0.6496158920417939,True,82.27712441177158,2.859282377798615,True,False
819.38,6536,t6536,220,150.0,77,6,4,0.6418599427485242,True,36.38438267607264,2.3534726717904926,True,False
819.95,6543,t6543,120,75.0,42,3,6,0.6734035975904076,True,9.765794515172288,1.1739566247614426,True,False
819.98,6544,t6544,170,500.0,63,3,1,0.6770668281422058,False,82.49142295283137,1.8064019934569129,False,False
820.02,6545,t6545,120,75.0,62,0,1,0.6982289280093416,True,7.8461928521503435,1.1477893759260627,True,False
820.43,6550,t6550,80,50.0,31,1,7,0.6411750094542165,True,3.833901417376464,0.7722561005781781,True,False
820.81,6551,t6551,170,700.0,71,5,4,0.6698120152684898,False,96.66877996883204,1.5641310031234106,False,False
822.34,6561,t6561,170,500.0,78,7,2,0.6781488185218284,False,86.13941993385232,1.6554820134671187,False,False
822.6,6562,t6562,300,1000.0,76,4,7,0.6741957954484968,False,330.90849179987947,3.111991983632829,False,False
824.31,6577,t6577,270,200.0,71,7,5,0.6748752678854347,True,50.959988575988945,2.7619397146166955,True,False
825.67,6586,t6586,300,1000.0,48,1,5,0.6520542408676248,False,326.2590472879623,3.241838792711298,False,False
826.45,6590,t6590,170,100.0,51,3,1,0.6729336733975435,True,17.61169829900524,1.656807623308057,True,False
827.13,6595,t6595,220,700.0,74,7,6,0.6607240276340595,False,158.02531913883428,2.06619988070028,False,False
827.86,6599,t6599,300,250.0,52,4,5,0.6722116328792561,False,83.05852165862098,3.1935744731063904,False,False
827.88,6600,t6600,170,500.0,76,3,6,0.6755177074567812,False,88.12277424488887,1.5545995652504132,False,False
828.12,6602,t6602,120,75.0,61,2,6,0.6436916512907941,True,9.17725812882247,1.1101073811906976,True,False
828.2,6603,t6603,120,75.0,24,6,4,0.6446049257117356,True,9.999705428503301,1.2707433812396918,True,False
829.45,6613,t6613,300,1000.0,27,5,6,0.7000375941146859,False,287.3864410770089,3.001095545649153,False,False
830.13,6619,t6619,300,250.0,40,5,7,0.6663396170099588,False,77.52261765664772,3.138046256969198,False,False
830.39,6624,t6624,300,250.0,78,5,1,0.6635085635372707,True,77.48106366888871,2.7010871155053486,True,False
830.6,6625,t6625,220,150.0,64,0,5,0.6357607450673409,True,35.426081481333476,1.9872386205163848,True,False
830.62,6626,t6626,120,75.0,37,0,1,0.6998465312673365,True,8.771276759758836,1.1338406422976575,True,False
830.9,6628,t6628,80,50.0,37,2,6,0.6462484849316449,True,3.6539974256370966,0.816954692531322,True,False
831.01,6631,t6631,220,150.0,57,6,7,0.6401439038191551,True,32.774799443037224,2.3224902347811147,True,False
831.75,6641,t6641,300,250.0,80,7,2,0.6738425088180585,True,77.11733336173255,2.7886073813849865,True,False
832.31,6647,t6647,170,700.0,61,7,2,0.675796325308364,False,142.50607771520595,1.6861192950901482,False,False
832.36,6648,t6648,120,75.0,84,0,2,0.6680003614879951,True,7.763312222079559,1.1358161929790809,True,False
832.82,6649,t6649,270,200.0,87,5,1,0.6656690589331921,True,59.88381932818084,2.5682347315779683,True,False
832.97,6650,t6650,170,700.0,75,6,7,0.6429232075609539,False,137.2682744489051,1.7870540785993558,False,False
833.17,6653,t6653,270,200.0,36,6,4,0.6472950090156827,False,63.03179356126216,2.4580947596356477,False,False
833.52,6659,t6659,170,100.0,31,3,1,0.6750571817477745,True,19.566994506248474,1.6690344176858383,True,False
833.93,6664,t6664,220,150.0,37,6,7,0.6394729252279167,False,37.882355500886185,2.1801590252743175,False,False
834.4,6667,t6667,170,100.0,48,4,2,0.6817332747661146,True,13.639524049694174,1.8172510519515246,True,False
834.93,6669,t6669,170,100.0,45,7,5,0.6769599443459079,True,15.082157861259688,1.767596191657587,True,False
834.94,6670,t6670,120,75.0,89,4,7,0.6701200613577089,True,10.642666560530964,1.1595491607201902,True,False
835.36,6672,t6672,300,250.0,43,5,1,0.6677863444211948,False,70.38253577204927,2.9125225813482265,False,False
835.99,6677,t6677,220,150.0,54,3,7,0.6671019362502519,True,27.737189510532794,2.084385740261508,True,False
836.62,6682,t6682,120,75.0,63,3,7,0.6691905641919135,True,7.58119044871803,1.1095378606492379,True,False
837.01,6685,t6685,120,75.0,99,5,6,0.695445024050574,True,9.371526726445277,1.196556476319451,True,False
837.11,6687,t6687,80,50.0,38,1,5,0.6482698227169389,True,4.1452011895066665,0.7857306563356496,True,False
837.39,6689,t6689,300,1000.0,91,5,1,0.6636872841994376,False,299.3322909874709,3.2212235625498327,False,False
837.68,6692,t6692,170,100.0,28,5,4,0.6658239567813019,False,19.31239529831304,1.8699550356836852,True,False
837.95,6695,t6695,270,200.0,45,7,2,0.6715370654688634,False,62.12303431500633,2.931764536256948,False,False
838.26,6698,t6698,270,200.0,83,3,1,0.6771382199310008,True,63.539898355858156,2.525945140262378,True,False
838.72,6703,t6703,270,200.0,64,7,5,0.6790029272771715,True,52.63230138297924,2.9086218177520786,True,False
838.9,6705,t6705,80,50.0,84,6,4,0.6437572906535508,True,3.5963632131443397,0.85269405763766,True,False
838.92,6706,t6706,220,150.0,62,5,3,0.6621387141422693,False,88.6163509503238,3.607200114782893,False,True
839.16,6707,t6707,300,250.0,20,3,7,0.6712374195747419,False,75.08892979124052,3.103852512335319,False,False
840.24,6712,t6712,120,75.0,96,0,1,0.7014317824601716,True,7.765451398162243,1.2826419387570196,True,False
840.32,6714,t6714,220,700.0,66,4,1,0.6948459135838497,False,139.84040718628538,2.33607367897049,False,False
840.55,6717,t6717,300,250.0,77,5,4,0.6619156594638577,True,69.10428952363974,2.793322813674669,True,False
840.83,6723,t6723,220,150.0,69,5,4,0.6642595280927623,True,32.42658015887077,2.0919269608860307,True,False
841.02,6725,t6725,170,500.0,66,3,6,0.6714155351258274,False,68.46122491019669,1.6321135601596621,False,False
842.03,6729,t6729,270,200.0,35,3,7,0.6670693378499137,False,58.273543231744654,2.759025876457449,False,False
842.14,6730,t6730,300,1000.0,77,3,2,0.6644463601041852,False,299.6780031583505,2.869740508258987,False,False
843.21,6734,t6734,300,1000.0,82,2,6,0.6487541818996786,False,260.2528180636161,3.185142296570154,False,False
843.24,6735,t6735,300,250.0,40,7,2,0.6673629908261528,False,65.80334419977706,3.012317292219975,False,False
843.96,6740,t6740,270,200.0,53,3,6,0.6673954062414927,False,58.56153801364223,2.5489126141265737,False,False
844.13,6741,t6741,170,100.0,36,4,2,0.6836807910889741,True,17.034769638699753,1.669010469529786,True,False
845.42,6757,t6757,220,150.0,60,7,2,0.6632723976762964,True,28.829490126817714,2.0218066257941603,True,False
845.82,6760,t6760,300,250.0,20,2,5,0.6539601809331336,False,63.522216558566136,2.8866678342722514,False,False
846.69,6769,t6769,300,250.0,39,6,4,0.6464643266586617,False,76.06285086834627,3.0473361099191614,False,False
847.79,6778,t6778,220,150.0,23,4,1,0.6903571771303546,False,32.78968746813909,2.196444306643474,False,False
847.8,6779,t6779,120,75.0,46,2,1,0.6421274100731159,False,9.162513328513384,1.303601250114147,True,False
848.55,6788,t6788,80,50.0,95,1,2,0.6485375646502367,True,4.396163001415292,0.8711848901878542,True,False
848.72,6790,t6790,120,75.0,65,1,7,0.6437821759317987,True,10.648715185870264,1.2372157374617607,True,False
849.67,6798,t6798,270,200.0,71,4,1,0.6859582154059293,False,50.40447498167282,2.527803781810459,True,False
850.81,6810,t6810,170,100.0,88,4,7,0.6722998419487364,True,20.02612777032215,1.5460305386353907,True,False
851.31,6815,t6815,220,150.0,93,2,6,0.6450357649283517,True,35.25471049508653,2.2218208961612205,True,False
852.16,6826,t6826,120,75.0,46,0,1,0.70298532862915,True,9.750516434667183,1.1794244000377498,True,False
852.75,6831,t6831,220,150.0,64,5,4,0.6665565193490889,True,37.3790011198813,2.2885742579696693,True,False
853.16,6835,t6835,80,50.0,77,2,6,0.6475657162964513,True,3.7447495870271608,0.8064828040489793,True,False
853.17,6836,t6836,80,50.0,48,1,2,0.6511489951754138,True,3.380554174088618,0.7511343641631375,True,False
855.12,6846,t6846,80,50.0,39,4,1,0.6816472329159925,True,4.489561304905011,0.818161867680198,True,False
855.89,6848,t6848,270,900.0,81,4,7,0.6744360269279436,False,286.16432982774813,2.585348722781459,False,False
858.97,6866,t6866,220,150.0,47,4,1,0.6835964700758544,True,39.479582368344424,2.008369980494401,True,False
858.98,6867,t6867,300,250.0,86,1,5,0.6507350929292669,True,73.54696966945438,3.1911829366947555,True,False
859.05,6868,t6868,220,150.0,31,4,2,0.6855893570853764,False,33.557874678325575,2.4019949544968164,False,False
859.26,6871,t6871,270,200.0,54,1,2,0.6537081970900874,False,57.894497040612436,2.5069533178379473,False,False
859.44,6874,t6874,270,1000.0,99,6,7,0.6360916485415401,False,255.35108480471158,2.8726282571738118,False,False
859.97,6880,t6880,300,250.0,30,4,2,0.6812857517618507,False,81.12900940002305,2.789127385052967,False,False
860.56,6887,t6887,300,250.0,79,0,2,0.670222536076417,True,62.78603728921155,2.907325980903839,True,False
861.48,6896,t6896,220,150.0,35,1,5,0.6531510577373482,True,33.62731860550565,2.1632603754125705,True,False
862.26,6903,t6903,300,250.0,77,2,5,0.6502891591326528,False,80.56835205303464,3.1000703735911133,False,False
862.3,6904,t6904,270,1000.0,64,5,4,0.668807570780289,False,311.06611091176626,2.9621717436200172,False,False
863.71,6913,t6913,170,100.0,35,7,5,0.6810050505498099,True,14.218759808413727,1.6428940916468633,True,False
863.74,6914,t6914,220,150.0,88,6,4,0.6429432219436703,True,38.579726027252754,2.349941509835484,True,False
863.78,6916,t6916,270,200.0,31,2,5,0.6466915577681815,False,56.70962628764445,2.905336252757031,False,False
864.19,6918,t6918,220,150.0,89,2,5,0.6431659084309997,True,34.43564578950615,2.342109419725923,True,False
864.34,6919,t6919,120,75.0,28,7,6,0.65691772889956,True,7.600191804065715,1.1327086050364266,True,False
864.71,6921,t6921,170,100.0,22,0,5,0.6384761968326608,True,18.077305978461077,1.6120302436043144,True,False
865.21,6925,t6925,170,100.0,77,3,6,0.6634556799348447,True,16.71914053206464,1.8640246704075896,True,False
865.95,6932,t6932,300,250.0,32,7,6,0.6593615561397507,False,69.24285122008413,2.976648016189197,False,False
866.03,6933,t6933,80,50.0,53,4,2,0.6770682185447955,True,4.722888733714878,0.7283818902723982,True,False
866.07,6934,t6934,170,100.0,41,7,6,0.6555825068351374,True,15.644135567859353,1.7330169320570965,True,False
866.19,6936,t6936,270,1000.0,20,6,2,0.6356672217231097,False,287.64581051131876,2.7181427835809253,False,False
867.64,6946,t6946,270,900.0,88,3,1,0.6791776373505626,False,270.1967517690874,2.4377364131282304,False,False
868.76,6954,t6954,270,200.0,84,5,6,0.6971183053877443,True,45.12741089202021,2.7379471420467287,True,False
869.38,6958,t6958,170,100.0,56,5,4,0.664839601182865,True,13.626053057996888,1.711183237308529,True,False
872.53,6974,t6974,80,50.0,98,1,5,0.6555187032492679,True,4.159564228712425,0.8731534148458803,True,False
872.78,6977,t6977,220,900.0,80,0,1,0.7045078038747488,False,176.8625190550847,2.3615035479015964,False,False
872.88,6978,t6978,120,75.0,59,6,4,0.6456665393229787,True,8.115542402747886,1.1239124235549198,True,False
877.35,7015,t7015,220,150.0,25,0,1,0.6998258296154357,False,32.83564003995573,2.0656844462989463,False,False
878.45,7019,t7019,300,1000.0,52,2,1,0.6386930436898355,False,321.1518270552998,2.789530412884951,False,False
878.61,7020,t7020,80,50.0,87,7,2,0.6654376163894372,True,3.836070655397015,0.7926576672324928,True,False
878.69,7021,t7021,120,75.0,20,6,4,0.648335390354701,True,8.41871253138864,1.2207351099404826,True,False
879.27,7026,t7026,270,200.0,46,3,6,0.6657687481543296,False,52.100363454452655,2.749936984820236,False,False
879.62,7030,t7030,220,150.0,81,7,6,0.6580530385166166,True,34.50606937667746,2.1660398431740178,True,False
881.82,7040,t7040,300,1000.0,46,1,5,0.6578389958509492,False,265.82175292132166,3.098569063230587,False,False
882.15,7046,t7046,270,900.0,37,1,5,0.6539388826005968,False,204.50223992624097,2.8641687563806912,False,False
882.37,7047,t7047,80,50.0,86,3,6,0.6618615550094248,True,3.856397991556304,0.8170877599775456,True,False
882.65,7048,t7048,300,1000.0,81,2,1,0.6353273646342206,False,255.3338029245967,2.882603029734782,False,False
882.87,7049,t7049,270,200.0,31,5,4,0.6671249909773894,False,50.48788193004367,2.937177808763243,False,False
883.23,7051,t7051,170,700.0,37,2,6,0.6500450686371889,False,114.79332833410406,1.6336771954356764,False,False
884.07,7061,t7061,120,75.0,80,6,4,0.6509508643657888,True,9.690078641654765,1.227278470233286,True,False
885.38,7068,t7068,120,75.0,65,6,1,0.6349075543530437,True,9.743465487141451,1.1087503820283655,True,False
885.57,7071,t7071,300,250.0,48,2,4,0.6327740008881603,False,73.42048411936977,3.2145384044977865,False,False
886.16,7077,t7077,220,150.0,34,2,6,0.6463008339311118,False,28.665020163988228,2.32117645385166,True,False
887.32,7085,t7085,170,100.0,59,6,5,0.6404053035932556,True,18.35749111426162,1.711038810428635,True,False
887.58,7087,t7087,300,1200.0,56,4,7,0.6703554882075665,False,381.5070703041986,3.1732914282451357,False,False
888.51,7093,t7093,270,200.0,40,1,2,0.6500422149664674,False,48.96151819669295,2.8604586765743014,False,False
888.62,7094,t7094,300,1000.0,20,4,5,0.6681755820398528,False,325.8891073629363,2.9997288788127587,False,False
889.13,7101,t7101,80,50.0,60,7,5,0.6829671313569955,True,4.131034948516454,0.839456927349489,True,False
890.21,7107,t7107,270,200.0,44,7,6,0.660474159564466,False,52.02530313921816,2.795129473280789,False,False
890.67,7110,t7110,270,200.0,78,7,6,0.6566728581913585,True,57.4891888682538,2.842606350645857,True,False
890.96,7113,t7113,270,200.0,72,2,6,0.6426314839191563,True,49.0478728006068,2.704811248400424,True,False
891.15,7115,t7115,220,150.0,58,0,2,0.6724002671730706,True,35.75141085523148,2.18619667746781,True,False
892.41,7120,t7120,220,150.0,84,3,6,0.6642065057274181,True,30.684472264236113,2.112810971012029,True,False
892.47,7121,t7121,220,150.0,71,4,2,0.6791090359920814,True,30.214398110183986,2.37337291713215,True,False
893.77,7132,t7132,80,50.0,40,6,4,0.6535140288966548,True,4.070034696886587,0.7905880910207345,True,False
893.8,7134,t7134,220,900.0,53,6,4,0.6560259301369035,False,184.8149409473795,2.341955136948658,False,False
893.99,7136,t7136,170,700.0,46,6,1,0.6376400699326493,False,104.4242189740296,1.8350975601841542,False,False
895.97,7149,t7149,300,250.0,98,6,5,0.6431793793395725,True,61.53039074219003,3.2655671841399085,True,False
896.04,7150,t7150,300,250.0,99,6,4,0.6523135933523473,True,89.21384763623317,2.9319933401098908,True,False
896.18,7152,t7152,220,150.0,75,4,2,0.6811090370904216,True,34.16904354516765,2.1205375806861757,True,False
896.57,7153,t7153,300,1200.0,48,6,4,0.6548495033034821,False,403.8587011420036,3.012381054465087,False,False
896.75,7155,t7155,220,700.0,22,2,1,0.632028999159718,False,144.33955228327824,2.3395814026280335,False,False
896.98,7157,t7157,120,75.0,45,3,1,0.6750022664217331,True,9.339405504949086,1.2608104920594385,True,False
897.65,7163,t7163,270,900.0,68,5,7,0.6624210064879414,False,219.47933434593202,2.5887142477023914,False,False
898.79,7167,t7167,220,150.0,36,2,4,0.6295267026885788,True,31.364495604773683,2.2400801165716766,True,False
898.84,7168,t7168,170,700.0,63,2,5,0.6458847720805615,False,120.8502205701247,1.6692759290056869,False,False
900.6,7177,t7177,170,100.0,41,1,5,0.6501167716152515,True,14.274167605324177,1.8255290737256478,True,False
900.67,7178,t7178,220,150.0,20,3,1,0.6770844029114803,False,29.01549287563004,2.33620289446266,False,False
901.02,7181,t7181,170,700.0,60,2,4,0.6325183504529891,False,137.44186158057232,1.535157442182349,False,False
904.22,7198,t7198,270,200.0,83,6,4,0.6511606950555943,True,61.19913881272054,2.6661340091064116,True,False
904.77,7200,t7200,300,250.0,28,0,1,0.6952374948413088,False,62.3215474444933,3.0860602275927507,False,False
904.79,7201,t7201,220,900.0,80,1,7,0.6463371990798293,False,225.23923704950153,2.2040512725972503,False,False
905.04,7203,t7203,170,100.0,60,0,2,0.6745344436477909,True,16.802778479168406,1.660632285876927,True,False
906.41,7215,t7215,300,1200.0,73,2,6,0.6452095209074399,False,308.9628204377726,3.26153532349756,False,False
906.83,7220,t7220,120,75.0,42,1,7,0.6426671217648995,True,7.925491701212276,1.2604491650988185,True,False
906.92,7221,t7221,220,150.0,31,0,5,0.6411373395626742,False,38.23909317346448,1.9983858528720249,False,False
907.02,7223,t7223,270,900.0,55,0,1,0.6907409267626644,False,194.8898902579037,2.5356148452754486,False,False
907.55,7228,t7228,120,75.0,42,1,5,0.6525451028496132,True,7.57902130356179,1.1106687059204505,True,False
907.69,7231,t7231,300,250.0,86,0,2,0.676625936593017,True,72.03523195825176,2.7596817839203043,True,False
909.46,7247,t7247,170,700.0,40,5,6,0.6987581210981713,False,139.6305293621626,1.7388061682297655,False,False
910.97,7256,t7256,120,75.0,23,5,6,0.6941911404943897,True,8.635771850535152,1.1336874363969476,True,False
912.26,7268,t7268,270,1000.0,64,0,5,0.6375712594380873,False,242.0876663768276,2.5737725445849513,False,False
912.76,7270,t7270,80,50.0,43,7,2,0.6675595307283151,True,3.607630827965273,0.7372248681399785,True,False
914.22,7284,t7284,170,100.0,35,2,5,0.6423752584571322,True,13.788834542048978,1.68615627798353,True,False
915.17,7289,t7289,120,75.0,95,5,4,0.6631906729760235,True,7.496654485098226,1.1326794593012084,True,False
915.21,7290,t7290,170,100.0,22,6,4,0.6537196629726642,True,17.52181911775965,1.7334855540114047,True,False
915.87,7294,t7294,120,75.0,73,0,1,0.686334290045593,True,7.479037653593958,1.106832763007157,True,False
916.4,7298,t7298,170,100.0,98,3,1,0.6729508966714325,True,20.291910522275263,1.6289670504293239,True,False
916.61,7300,t7300,170,100.0,32,7,6,0.6591215828457132,True,15.819013271049622,1.5673197049373733,True,False
916.67,7301,t7301,80,50.0,51,5,1,0.6596702051821156,True,3.5554039805153086,0.7542691913857885,True,False
916.8,7304,t7304,120,75.0,67,6,5,0.6458979735709628,True,10.660331827575945,1.1647035152589171,True,False
916.89,7305,t7305,80,50.0,22,3,6,0.6665045574310516,True,4.598671910565797,0.8217893169407221,True,False
917.12,7307,t7307,300,250.0,39,1,2,0.6464495524853199,False,74.97208482459732,2.999656750158884,False,False
918.06,7316,t7316,120,75.0,32,7,6,0.6615213330069808,True,7.305591780941013,1.194712450123865,True,False
918.49,7321,t7321,220,900.0,30,1,7,0.6452444459962682,False,226.61286936050118,2.1677799303961676,False,False
919.14,7330,t7330,270,900.0,90,1,5,0.6549248674592876,False,271.7047311002362,2.4365093603620447,False,False
919.36,7333,t7333,270,900.0,70,2,6,0.6415619971559577,False,207.1531147941518,2.55299895722466,False,False
919.48,7335,t7335,120,75.0,42,4,7,0.666356560261597,True,7.230312034913965,1.2046915557805453,True,False
919.8,7337,t7337,220,150.0,48,4,2,0.6830690381667949,True,31.83274315730432,2.1775864695646563,True,False
921.92,7353,t7353,300,250.0,39,3,7,0.6629846177595822,False,67.58533819857912,2.9737117906207926,False,False
922.16,7359,t7359,120,75.0,58,2,6,0.6379874238795052,True,9.456415247034036,1.1311361853583235,True,False
922.53,7361,t7361,170,700.0,52,3,6,0.6687566481006123,False,140.36762295131862,1.7662334730214697,False,False
922.59,7363,t7363,170,500.0,87,3,1,0.6750740605561857,True,86.64946712878772,1.7637378142995097,True,False
924.88,7375,t7375,300,1000.0,93,4,7,0.6686116108745469,False,253.8241916121713,3.0938484456639825,False,False
926.78,7395,t7395,170,100.0,75,4,1,0.6855067224925192,True,20.13920756933321,1.8432043587123403,True,False
927.41,7402,t7402,170,100.0,78,6,5,0.6485621959177253,False,16.30585391263369,1.8674570108639217,True,False
927.92,7405,t7405,170,100.0,93,2,4,0.6292761652621112,True,18.44065136300093,1.6341463125662214,True,False
928.39,7408,t7408,80,50.0,59,5,4,0.6655090413346848,True,4.465264093454825,0.8598286482461159,True,False
928.57,7409,t7409,170,100.0,28,4,1,0.6873787698608506,True,20.141516182852722,1.8516483699603572,True,False
928.69,7411,t7411,270,200.0,33,2,5,0.6451099351061713,False,47.678081540826724,2.496246597889205,False,False
928.93,7414,t7414,220,150.0,58,1,5,0.6510830367767685,True,31.359424479626167,2.1131588936215335,True,False
929.25,7417,t7417,220,900.0,24,4,2,0.6849898392216408,False,165.59282915179512,2.196592476410314,False,False
931.23,7427,t7427,270,200.0,95,4,2,0.68069822425539,True,64.5058974820147,2.6522627991779313,True,False
931.3,7428,t7428,270,200.0,75,4,7,0.6646475604752377,True,45.296020061822645,2.743672002885633,True,False
931.43,7430,t7430,220,150.0,68,1,7,0.6415962237430094,True,38.77181493020862,2.052676415719044,True,False
931.46,7431,t7431,170,500.0,81,3,2,0.6605656147202833,False,90.29571350386563,1.7991775031800725,False,False
931.81,7434,t7434,170,700.0,90,4,2,0.6826664415884639,False,139.6970420633819,1.7878545455081045,False,False
932.94,7439,t7439,220,150.0,49,6,5,0.6449991338175526,True,28.31233187040007,2.313530270755175,True,False
933.16,7442,t7442,300,1000.0,26,5,4,0.667781042326173,False,300.86905840433485,2.9928345930509663,False,False
933.21,7443,t7443,270,1000.0,89,4,7,0.6669367910839148,False,241.25544107244107,2.9562739158674085,False,False
933.88,7449,t7449,80,50.0,80,3,7,0.6589815920710572,True,4.563707153363948,0.8567267846432698,True,False
934.48,7451,t7451,270,200.0,89,6,4,0.6562274515313927,True,57.36304304542568,2.7401759243568073,True,False
935.59,7457,t7457,80,50.0,68,4,2,0.6784212945748764,False,3.732957234476755,0.8717286326067198,True,False
935.64,7458,t7458,270,200.0,94,3,6,0.6647896969567819,True,55.28521935321954,2.7703619865447515,True,False
935.68,7459,t7459,170,500.0,40,2,6,0.6406583420685817,False,89.09482225016858,1.6734019152061905,False,False
935.98,7462,t7462,270,200.0,53,2,4,0.6322728237750507,False,63.110423710789455,2.5520265852707547,False,False
936.19,7466,t7466,120,75.0,92,6,4,0.6586850843189468,False,10.614755005380443,1.0872689250727947,True,False
936.38,7468,t7468,270,200.0,70,5,6,0.6958894995026838,True,53.56319777424829,2.4645279661756874,True,False
936.53,7469,t7469,170,100.0,78,1,7,0.644194965934816,True,18.44926323234473,1.5608631998817148,True,False
936.76,7472,t7472,270,1000.0,70,0,1,0.6881897860628629,False,298.047361995112,2.953463165006222,False,False
936.94,7473,t7473,170,100.0,91,3,1,0.6771547611632438,True,15.074023736794226,1.778607854289425,True,False
937.76,7477,t7477,270,1000.0,83,2,4,0.6290355491177315,False,235.54876778241373,2.532931112821256,False,False
938.78,7484,t7484,270,1000.0,66,2,5,0.6416159182222297,False,289.99234195127895,2.4306506341912435,False,False
938.99,7486,t7486,120,75.0,87,0,1,0.6838341721597875,True,9.771540506535647,1.149560506477532,True,False
939.09,7488,t7488,300,250.0,89,4,5,0.6642202522172376,True,85.60001584547,3.0952217801246116,True,False
940.01,7495,t7495,300,250.0,80,7,2,0.6696390067804154,False,85.41342589540213,3.092475171116111,False,False
940.75,7499,t7499,120,75.0,37,4,1,0.6892133762818154,True,9.432751691285837,1.0894337357551642,True,False
941.13,7502,t7502,220,150.0,51,0,2,0.6786755996793384,True,30.906571810967876,2.363874046312965,True,False
941.88,7504,t7504,120,75.0,76,1,7,0.6467417332827863,True,9.394577362845443,1.254476299365863,True,False
942.17,7506,t7506,220,150.0,44,4,2,0.6742610505015607,True,34.415617596878576,2.044252272805389,True,False
943.18,7515,t7515,80,50.0,54,3,6,0.667076084835828,True,3.2466192760875447,0.7481302465985307,True,False
943.21,7516,t7516,80,50.0,33,0,6,0.6349741819116727,True,4.273078690511083,0.8546435213360035,True,False
943.4,7517,t7517,220,150.0,81,6,4,0.6549195644507496,True,34.5708598315247,2.2646232108196203,True,False
943.67,7518,t7518,300,250.0,24,7,5,0.6848899705480375,False,74.80801057036882,3.284068718508011,False,False
944.65,7524,t7524,220,700.0,80,5,6,0.6975538913308118,False,141.42668187835125,2.190400501609934,False,False
944.8,7527,t7527,270,200.0,28,6,4,0.6574033549799164,False,44.43427302479073,2.900134771765615,False,False
945.44,7534,t7534,220,900.0,78,0,2,0.6806842695039336,False,167.02761993284906,2.0168802521865454,False,False
945.59,7535,t7535,220,900.0,51,7,5,0.6806003529552586,False,191.85229749524396,1.9942309191292291,False,False
945.67,7536,t7536,220,150.0,70,4,2,0.6763580113097113,True,37.8241158011913,2.4040541768432657,True,False
945.82,7538,t7538,120,75.0,80,6,4,0.6536634696984999,True,8.043389809248744,1.1421370110762545,True,False
946.09,7542,t7542,220,150.0,42,2,5,0.6381917816759669,True,32.442863262037015,2.016330701459143,True,False
946.79,7547,t7547,300,1000.0,90,2,1,0.6287966009947054,False,268.75976766643424,3.0110813210189793,False,False
947.04,7551,t7551,220,150.0,68,5,4,0.6638336032978313,True,30.645509394695615,2.0568430887168825,True,False
947.6,7552,t7552,300,250.0,98,5,1,0.6619074677451399,True,85.67186354055201,3.1138165227652372,True,False
947.66,7553,t7553,220,900.0,98,0,2,0.6764787659320367,False,205.19534139644958,2.15524760861789,False,False
948.44,7555,t7555,270,200.0,84,4,1,0.691011290574361,True,46.47305198374887,2.6746253420516224,True,False
949.03,7559,t7559,220,150.0,45,0,1,0.6857396705347736,True,29.405425778015037,2.173272355204312,True,False
949.53,7563,t7563,270,200.0,40,5,6,0.6930109953223774,False,58.43713198961018,2.8466104207656877,False,False
949.78,7567,t7567,220,150.0,56,2,6,0.6371018418938769,True,27.050884334325566,2.331216109845166,True,False
950.4,7571,t7571,220,150.0,23,3,1,0.6791938477581608,False,29.113342211566625,2.1411824700168878,False,False
950.6,7575,t7575,120,75.0,80,1,2,0.6429287432537953,True,8.759876765702666,1.1185384895375006,True,False
950.65,7576,t7576,300,250.0,40,5,1,0.6640999850569037,False,72.07103784374037,2.7846865321864747,False,False
950.7,7580,t7580,300,250.0,24,0,6,0.6377053649401059,False,87.24205799045569,2.7190093045537425,False,False
950.88,7582,t7582,80,50.0,95,2,4,0.6258630199535588,True,4.4430054154467955,0.7971143599364363,True,False
950.9,7584,t7584,270,200.0,81,0,6,0.6342079243079705,True,60.366037049891716,2.9028796671543335,True,False
951.44,7585,t7585,300,250.0,21,5,6,0.6885589572341118,False,72.71666848683748,2.992181758128318,False,False
951.86,7588,t7588,300,250.0,47,1,2,0.6456523502069013,False,87.47706133175598,2.782540032293025,False,False
951.98,7590,t7590,120,75.0,77,7,2,0.6655028933114738,True,7.56360917718448,1.2939215086230866,True,False
952.15,7591,t7591,220,150.0,70,0,1,0.6876070589422599,True,28.889790423458468,2.3425399991266826,True,False
952.55,7596,t7596,300,250.0,34,0,2,0.6723573724315778,False,70.74303657517038,2.8784878683398967,False,False
953.14,7599,t7599,270,200.0,97,1,2,0.6421474850209451,True,45.201095279451934,2.8080911773931554,True,False
953.28,7603,t7603,300,1200.0,53,3,1,0.6750181526211793,False,388.6689868272911,2.750086065118197,False,False
953.4,7606,t7606,300,1200.0,55,5,1,0.6600746520224323,False,303.59766937104587,3.2628159930803085,False,False
954.04,7609,t7609,270,900.0,23,6,1,0.6341439352006631,False,259.6609143785768,2.5814518236427246,False,False
954.42,7613,t7613,220,150.0,47,2,6,0.639790471722666,True,30.451095487674724,2.0470120284175746,True,False
954.46,7615,t7615,170,100.0,81,1,7,0.6492375652837973,True,17.094148084343217,1.575606529013023,True,False
954.68,7621,t7621,120,75.0,78,7,5,0.6763965277143352,True,10.637127604107887,1.1615209408416665,True,False
955.02,7625,t7625,170,500.0,79,5,6,0.6841959599076114,False,99.81307334024794,1.6821356609736122,False,False
955.04,7626,t7626,220,150.0,86,0,2,0.668318406801128,True,35.45579853775268,2.37417818332113,True,False
955.11,7627,t7627,220,150.0,53,5,4,0.6661391130500566,True,36.90099057235858,2.351689582184605,True,False
955.3,7628,t7628,80,50.0,53,6,4,0.6561723821227118,True,3.8045106014978205,0.8781636360421627,True,False
956.41,7638,t7638,80,50.0,32,7,6,0.6638730881650229,True,3.5134111033058235,0.7806306374405109,True,False
957.12,7646,t7646,270,1000.0,90,0,6,0.6369544324884777,False,272.6750680016262,2.473776917871579,False,False
957.63,7649,t7649,170,700.0,32,1,5,0.6534920427078997,False,126.27870199108621,1.5890374563028875,False,False
957.63,7648,t7648,80,50.0,78,0,1,0.6894370995815965,True,3.5057715068079736,0.7825613992065472,True,False
957.71,7650,t7650,220,150.0,28,6,5,0.6476813329593835,False,37.67086266786549,2.1492677011052477,False,False
958.1,7654,t7654,80,50.0,54,6,5,0.6441358881183775,True,4.115698724469801,0.8353371298793031,True,False
958.37,7655,t7655,300,1200.0,65,5,7,0.6585807681763644,False,295.3354600393947,2.9343747063171515,False,False
958.8,7660,t7660,170,700.0,65,7,6,0.6661778082199042,False,118.54261532456071,1.682708430190913,False,False
958.92,7661,t7661,220,150.0,44,2,4,0.6289279413726693,True,36.529456730254,2.353801060242634,True,False
959.47,7664,t7664,300,250.0,76,3,1,0.6709259713869375,True,75.27484709933073,2.7231287202904473,True,False
959.64,7666,t7666,220,700.0,46,3,1,0.6730896337773806,False,123.69757785354905,2.342309656561014,False,False
960.07,7668,t7668,300,250.0,73,6,7,0.6327779973888911,False,80.94812298808404,3.060276464457556,False,False
960.33,7671,t7671,220,900.0,50,5,6,0.679920222527641,False,171.6043781053596,2.216361057006021,False,False
960.67,7672,t7672,270,1000.0,67,3,7,0.6612326268963027,False,251.5266777616879,2.945913878851641,False,False
961.56,7676,t7676,120,75.0,47,1,7,0.651683480644788,True,10.468213773851666,1.241950296608988,True,False
961.73,7681,t7681,300,250.0,62,1,2,0.6448867171387079,False,70.07737890925281,2.8780452262584713,False,False
962.63,7683,t7683,170,100.0,32,6,4,0.6586311162984394,True,14.776285286211348,1.6254991013529516,True,False
963.74,7691,t7691,270,200.0,72,1,5,0.6496788685204085,True,58.39759747814449,2.9591674570378426,True,False
964.51,7698,t7698,270,200.0,93,3,7,0.6572646410250432,True,59.63207461275753,2.634530632926089,True,False
964.87,7700,t7700,80,50.0,84,5,4,0.6683985126072373,True,4.615869967697832,0.8426861635542351,True,False
965.13,7702,t7702,170,500.0,52,7,5,0.6784507789782303,False,72.05086936966615,1.8495518997582816,False,False
965.16,7703,t7703,80,50.0,41,4,1,0.6927732465810555,True,3.458833831744671,0.8513279122124798,True,False
966.15,7712,t7712,120,75.0,37,2,5,0.6410101278606294,True,7.807738274069765,1.288635977937042,True,False
966.3,7713,t7713,270,200.0,93,5,4,0.6706127241732743,True,55.09917951915549,2.752196646339933,True,False
966.98,7717,t7717,270,1000.0,81,1,2,0.6413971646141157,False,265.16589779423435,2.4846466741451185,False,False
967.83,7722,t7722,170,700.0,80,6,2,0.6322105439553142,False,122.27241288753709,1.669717908152663,False,False
967.96,7724,t7724,80,50.0,56,5,6,0.6757299998952699,True,3.426087727616059,0.8568260867896176,True,False
968.05,7725,t7725,220,150.0,74,6,4,0.6610406757906523,True,29.556145684433663,2.28608462830304,True,False
968.39,7726,t7726,170,500.0,31,7,2,0.667623502111911,False,97.04428798866687,1.8592353617219022,False,False
968.48,7729,t7729,170,100.0,70,6,4,0.6634020440930212,True,14.056823655576848,1.868810782170969,True,False
968.6,7731,t7731,120,75.0,71,0,2,0.6705342204832873,True,9.402699522458244,1.2261841115191356,True,False
968.71,7732,t7732,300,1200.0,63,4,2,0.678413032901699,False,415.5513287840005,3.2198089465676705,False,False
968.72,7733,t7733,80,50.0,37,1,7,0.6540804776985588,True,3.272498813140274,0.86428400171489,True,False
969.17,7735,t7735,300,1000.0,59,5,4,0.6727826515079905,False,340.72202040228404,2.8938155629136872,False,False
969.55,7738,t7738,220,900.0,40,4,5,0.6665180289910747,False,221.52650826099895,2.338939558155248,False,False
969.57,7739,t7739,220,700.0,30,1,5,0.652115957816667,False,179.6270896430625,2.0778781793102348,False,False
970.67,7744,t7744,300,250.0,38,0,5,0.6340765009159922,False,82.71189862586132,2.7803241447765643,False,False
970.88,7745,t7745,170,100.0,79,2,6,0.6424253289548792,True,15.214661860765734,1.6865856124744147,True,False
970.98,7747,t7747,220,150.0,92,6,1,0.6307177231633164,True,29.802711239231,2.0701166765390675,True,False
971.03,7748,t7748,220,150.0,73,2,6,0.6450074890424484,True,36.57399228286244,2.2534231737141392,True,False
971.62,7751,t7751,170,700.0,85,0,1,0.6912305394081464,False,134.20596477317017,1.821264401277206,False,False
971.75,7753,t7753,220,150.0,54,6,5,0.6468353521741919,True,28.007472854853845,1.9913747346178141,True,False
972.17,7755,t7755,80,50.0,88,7,6,0.6622624338736881,True,4.559371625420483,0.7309913870466205,True,False
972.77,7760,t7760,220,150.0,44,1,7,0.6564295348112544,True,27.826507456539822,2.23584498022864,True,False
975.02,7775,t7775,270,200.0,72,2,5,0.6437721071215986,True,57.682547307082764,2.9054021345721357,True,False
976.01,7782,t7782,220,150.0,29,3,6,0.6693167449572933,False,31.75809730037176,2.037041040366364,False,False
976.1,7784,t7784,170,100.0,54,5,1,0.6561298256486504,True,17.35492349068789,1.6428566487984382,True,False
976.48,7786,t7786,120,75.0,22,4,2,0.6742529540618468,False,8.569988824010153,1.2885820298632424,True,False
976.77,7789,t7789,80,50.0,48,0,6,0.6334720105053748,True,3.3911697627936555,0.8797291312674848,True,False
979.1,7800,t7800,220,150.0,47,5,6,0.6777975817155463,True,36.05267353334997,2.1113796950431345,True,False
979.19,7801,t7801,220,150.0,54,1,7,0.658731610781696,True,35.35037707892239,2.2721097323982873,True,False
980.27,7809,t7809,120,75.0,64,7,6,0.664599367014396,True,7.812196499136803,1.1048579333457216,True,False
980.43,7811,t7811,170,100.0,47,7,2,0.6635276987363394,False,19.78348652455771,1.6256029760534758,True,False
981.18,7814,t7814,220,150.0,97,6,5,0.6494808269488899,True,34.080765364295985,2.2680580606128933,True,False
981.26,7816,t7816,80,50.0,74,3,7,0.6595500148712091,True,3.329286702820612,0.7438253325221715,True,False
982.77,7826,t7826,220,150.0,35,0,6,0.636233236961934,False,38.77783101467794,2.344743994472541,False,False
982.91,7827,t7827,270,1000.0,70,3,7,0.6617896812404516,False,233.89277615338355,2.8940657376952177,False,False
983.1,7831,t7831,120,75.0,41,4,2,0.6701760767987917,True,10.452421734891992,1.3056054328799824,True,False
983.49,7834,t7834,220,150.0,84,0,1,0.6868141104381652,True,35.562247482908454,2.168701726453785,True,False
984.46,7839,t7839,120,75.0,68,7,2,0.6595138114282794,True,8.694737921343169,1.0839578603393112,True,False
984.6,7840,t7840,270,200.0,67,6,5,0.6520733922280938,True,57.297323869283225,2.9421489151053457,True,False
985.91,7845,t7845,170,700.0,41,2,4,0.6319315643633977,False,128.65721150392528,1.6431567573705292,False,False
986.39,7850,t7850,270,200.0,24,3,1,0.6690360229200149,False,54.35445575075118,2.8253082487976586,False,False
987.05,7852,t7852,170,100.0,45,1,5,0.6483303053270003,True,17.33911985337247,1.7690107192104643,True,False
987.78,7858,t7858,170,500.0,46,3,6,0.6653385918763293,False,87.07102004437017,1.7553457710947995,False,False
989.69,7873,t7873,220,150.0,50,3,7,0.6578105542823093,True,32.039980307660755,2.273170653327072,True,False
991.26,7883,t7883,170,100.0,78,7,5,0.6742899452168475,True,16.72487891081137,1.59087502106996,True,False
991.36,7884,t7884,220,150.0,89,3,7,0.6600850098633296,True,27.195041686061625,2.224602480713144,True,False
992.71,7895,t7895,270,1000.0,30,7,5,0.6763863281306924,False,220.69452773256705,2.7519207367794545,False,False
993.26,7898,t7898,300,250.0,71,2,4,0.6287011148943117,False,82.14670489200014,3.284172442001536,False,False
993.6,7900,t7900,80,50.0,38,5,6,0.6798238118994172,True,3.4906981744642103,0.7533806227974025,True,False
994.75,7911,t7911,220,150.0,55,2,5,0.6464788467973485,True,29.600846117737063,2.007279363179199,True,False
994.84,7912,t7912,170,100.0,56,5,6,0.6818095174796107,True,19.73138743358373,1.7496951564553889,True,False
994.95,7914,t7914,170,100.0,34,2,6,0.6475380059282662,True,18.286258565888083,1.6590786305284437,True,False
995.31,7918,t7918,170,700.0,95,4,2,0.6723547370809976,False,132.86290972780787,1.8541828798613267,False,False
995.53,7921,t7921,300,1200.0,44,3,7,0.6623139763327298,False,392.2614378971759,2.9918368005013063,False,False
996.01,7924,t7924,170,500.0,86,4,1,0.6944999634676162,False,95.52350289526701,1.6356209473155021,False,False
997.39,7930,t7930,120,75.0,25,4,1,0.6900181460164457,True,10.220716586130779,1.3139538730790246,True,False
997.44,7931,t7931,300,1000.0,94,1,7,0.6609876452327287,False,252.00204688996828,3.0329249981162576,False,False
997.52,7932,t7932,300,1000.0,72,5,1,0.6584378958023439,False,279.0143346103369,3.2690586993960182,False,False
997.73,7936,t7936,270,1000.0,71,0,2,0.6727057178918033,False,216.8938855935194,2.6448953663622734,False,False
998.53,7945,t7945,120,75.0,51,1,5,0.650794365887127,True,8.273782269450235,1.2558383486286866,True,False
998.71,7946,t7946,120,75.0,73,2,5,0.6491314516795833,True,7.9037741059162085,1.1962917391450627,True,False
998.78,7947,t7947,300,250.0,28,5,4,0.6687351802960125,False,83.86113299127771,3.228047029326323,False,False
998.81,7948,t7948,170,500.0,80,5,7,0.654817334631019,True,68.55863759488136,1.7707616743457737,True,False
998.91,7949,t7949,170,100.0,22,6,1,0.6335340353667168,True,14.942138764916573,1.7219754604230963,True,False
999.75,7955,t7955,120,75.0,89,4,7,0.6630062370804183,True,9.850677040599713,1.2810104308299473,True,False
999.95,7958,t7958,170,700.0,95,2,1,0.6256288507929931,False,96.35260648757213,1.555624708422971,False,False
1001.85,7969,t7969,300,250.0,95,2,5,0.6517310044641734,True,80.69386068605188,3.2672362422342127,True,False
1002.11,7975,t7975,270,200.0,56,6,5,0.6546141062017138,True,45.3613804447062,2.5194015562289995,True,False
1002.3,7976,t7976,220,150.0,27,2,5,0.6542785661930718,False,34.909787045559625,2.3691210973583887,False,False
1002.53,7981,t7981,120,75.0,63,3,1,0.6650634842797963,True,9.625144721548734,1.2488091394527863,True,False
1004.65,7997,t7997,220,150.0,45,3,6,0.6614400018569845,True,37.21847249079681,2.004801075540276,True,False
1006.52,8010,t8010,300,1000.0,36,0,4,0.6330974004004546,False,352.66760330955447,2.7868591125187,False,False
1006.94,8013,t8013,220,150.0,78,0,1,0.6886600100475838,True,36.0425314177029,2.0665727844332547,True,False
1007.94,8018,t8018,220,700.0,57,5,4,0.6647686585082742,False,169.77670415059953,2.342834120983855,False,False
1008.33,8020,t8020,220,150.0,62,5,4,0.6608814671562905,True,34.07529607508558,2.4150038354438985,True,False
1009.79,8028,t8028,170,500.0,57,7,2,0.6617542018663803,False,88.39520213655325,1.8196390748383486,False,False
1009.86,8029,t8029,220,900.0,37,7,5,0.6722667833862603,False,211.8594521635682,2.234309129817901,False,False
1009.98,8030,t8030,270,200.0,91,4,1,0.6917999649142986,True,55.87436493838287,2.5952311891142705,True,False
1010.61,8034,t8034,170,500.0,68,0,6,0.632765238889362,False,81.01624088359462,1.5721352075580792,False,False
1010.63,8035,t8035,270,900.0,93,3,7,0.6583243634727419,False,272.8203014177436,2.5325999369368724,False,False
1011.12,8039,t8039,270,1000.0,23,2,5,0.6506011766873921,False,265.8688291007934,2.964706757718686,False,False
1011.62,8046,t8046,220,900.0,58,6,5,0.6571040058958614,False,171.60982090015534,2.318061667332033,False,False
1012.1,8048,t8048,170,100.0,82,0,5,0.6306516375643391,True,14.453190711544197,1.6340662327738062,True,False
1012.65,8054,t8054,170,100.0,42,0,1,0.690468991664814,True,19.643943446637635,1.6592494842995138,True,False
1013.67,8058,t8058,120,75.0,28,2,6,0.6500179124763674,True,10.6734953134706,1.2130149389715854,True,False
1014.19,8064,t8064,170,100.0,88,0,2,0.6686597853521491,True,17.97435594037621,1.6413394171040248,True,False
1014.51,8066,t8066,170,100.0,47,2,6,0.6524482208935068,True,19.671213311501667,1.577584164621389,True,False
1015.14,8069,t8069,170,700.0,37,2,4,0.6255352744146072,False,119.49771584723284,1.5653139942849577,False,False
1015.3,8072,t8072,80,50.0,67,3,4,0.656923471660415,False,4.519891206365045,0.8676525466777426,True,False
1015.6,8076,t8076,80,50.0,92,0,2,0.6708687714632879,True,3.9858474786790072,0.7637982314029284,True,False
1016.85,8083,t8083,300,250.0,33,3,2,0.6567624842440595,False,76.56652179807911,3.088440614008891,False,False
1016.98,8086,t8086,170,700.0,35,4,1,0.6935461474341945,False,107.13219693948763,1.7241170762875546,False,False
1018.33,8094,t8094,120,75.0,83,4,7,0.6653282941569918,True,10.171429435365438,1.1899416921489445,True,False
1019.17,8099,t8099,120,75.0,76,7,6,0.66688956149229,True,10.225665823730443,1.2131248699124737,True,False
1019.18,8100,t8100,220,150.0,80,5,6,0.6837555089482003,True,27.58907857331379,2.1825795824949754,True,False
1019.56,8103,t8103,270,200.0,75,6,1,0.6362940213260492,True,55.998322125139815,2.6671670866797847,True,False
1020.0,8109,t8109,220,150.0,31,6,5,0.6533701075961259,False,36.34953642123714,2.0835755414831394,False,False
1020.98,8116,t8116,170,700.0,94,3,6,0.6637933836380266,False,131.53482237231958,1.6478984528500462,False,False
1021.91,8121,t8121,80,50.0,24,3,6,0.6599256977834479,True,3.867412353854414,0.750499173465801,True,False
1022.32,8124,t8124,300,250.0,85,3,6,0.6623093656459608,True,61.248732322605775,2.8313024154796897,True,False
1022.9,8129,t8129,170,100.0,39,2,1,0.6225244555953151,True,19.889983456655386,1.7917036995602438,True,False
1024.4,8136,t8136,80,50.0,21,7,6,0.669133952080626,True,3.2864022211852757,0.749667177076971,True,False
1025.0,8138,t8138,220,900.0,65,3,6,0.6646453601512233,False,216.16249006481442,2.1462478061790002,False,False
1025.38,8143,t8143,220,900.0,48,2,5,0.6469973349718262,False,223.92969767960477,2.324845016803193,False,False
1025.47,8145,t8145,220,900.0,93,3,1,0.6673443964123823,False,204.9848238923099,2.2524668576443743,False,False
1026.04,8147,t8147,300,1200.0,36,2,1,0.6256561483015907,False,306.3342996157546,3.0557904897221455,False,False
1026.12,8149,t8149,220,700.0,59,2,6,0.6548299231423033,False,179.71046926389425,2.208574103213688,False,False
1026.2,8151,t8151,300,1200.0,91,7,2,0.6577757844957194,False,404.72015391770964,2.9712141265463243,False,False
1027.03,8158,t8158,120,75.0,79,1,5,0.6532091452360511,True,9.414543905697775,1.167470162033818,True,False
1027.5,8161,t8161,220,150.0,68,5,6,0.6856625805874181,True,28.99892943169876,2.192994785442095,True,False
1028.92,8171,t8171,300,250.0,26,4,1,0.6890834063036924,False,85.26388006369109,3.2309732356482073,False,False
1029.36,8174,t8174,220,150.0,38,5,4,0.6632460196313464,True,29.73310801436771,2.3154060091900055,True,False
1029.69,8178,t8178,270,1000.0,56,2,5,0.6434655700905715,False,267.55360097537863,2.964351887460932,False,False
1029.89,8180,t8180,170,100.0,55,2,5,0.6400044405069418,True,15.92430925340402,1.861114079682556,True,False
1029.93,8182,t8182,300,250.0,29,5,7,0.6573031697565804,False,74.49926423371474,3.2420133552028254,False,False
1031.91,8196,t8196,300,250.0,26,5,4,0.6655632810569013,False,60.78060183293815,2.876383545284032,False,False
1032.81,8200,t8200,170,100.0,45,7,5,0.6682296295367169,True,17.036078782887568,1.6028327399017355,True,False
1033.19,8203,t8203,220,150.0,40,4,7,0.6676039100920338,True,38.93037770630344,1.983144994448565,True,False
1033.62,8206,t8206,80,50.0,96,7,2,0.6538769354724717,True,3.5246626827358165,0.8619958668351562,True,False
1034.97,8213,t8213,80,50.0,23,3,6,0.6607606347663807,True,3.270407125474793,0.8022761800638382,True,False
1035.09,8214,t8214,270,900.0,39,7,6,0.6713334548571953,False,221.28050415945506,2.8963777274273537,False,False
1036.41,8223,t8223,270,1000.0,36,4,1,0.6847099199958003,False,227.28907125280648,2.9582133229201375,False,False
1036.67,8225,t8225,80,50.0,47,2,1,0.6225512071537406,True,4.212932311214813,0.8325467454192277,True,False
1036.9,8227,t8227,220,150.0,95,0,2,0.673033577852204,True,30.821853839894906,1.9831932035794102,True,False
1037.14,8229,t8229,300,1200.0,54,0,1,0.6922417936496994,False,360.79479046387326,3.092044921096396,False,False
1037.88,8237,t8237,80,50.0,68,6,1,0.6389988075661949,True,4.514276212847406,0.780193831977436,True,False
1038.04,8238,t8238,170,100.0,36,0,2,0.6751550881133418,True,14.484990610936448,1.6467651594491324,True,False
1038.23,8241,t8241,300,250.0,43,6,4,0.6657161850293426,False,79.64456237625409,3.152013339801548,False,False
1038.87,8242,t8242,300,250.0,88,7,2,0.6562300634296889,True,74.27634464114537,2.7166863679968145,True,False
1039.17,8246,t8246,220,700.0,48,4,7,0.6698340137083749,False,179.81674851382883,2.015842641424813,False,False
1039.34,8247,t8247,220,900.0,91,5,4,0.6616601972539452,False,234.56858797857137,2.039762755444231,False,False
1039.63,8251,t8251,270,200.0,58,3,1,0.6634056903023163,True,47.205404633291785,2.476212087454662,True,False
1040.28,8254,t8254,170,100.0,49,4,7,0.6658455152523892,True,14.791912188498054,1.673657083415434,True,False
1040.53,8255,t8255,80,50.0,80,7,5,0.6704472187641645,True,3.5381718981515697,0.8734814338669035,True,False
1041.34,8260,t8260,270,200.0,55,5,1,0.6545258045529637,False,55.88735020464929,2.6727983928289714,False,False
1042.18,8267,t8267,220,900.0,76,2,1,0.6256823648288475,False,169.0341585842154,2.381137721263579,False,False
1042.4,8268,t8268,120,75.0,57,6,4,0.6618100431469375,True,9.73170476332433,1.1565348009869614,True,False
1042.49,8270,t8270,170,500.0,79,5,4,0.657835175127048,False,83.92934003008175,1.6689891776432415,False,False
1043.74,8279,t8279,270,200.0,42,6,5,0.6497108872623852,False,54.04925696667761,2.7951284378208303,False,False
1043.82,8280,t8280,80,50.0,94,2,1,0.6225768993504525,True,3.6311312786331187,0.8097865123910886,True,False
1044.47,8284,t8284,300,1200.0,93,6,4,0.6641560241021806,False,308.72677402570247,2.877120968299958,False,False
1045.11,8288,t8288,170,500.0,43,5,6,0.6875315107938517,False,80.81930051239601,1.7525025049392553,False,False
1045.45,8291,t8291,80,50.0,40,2,5,0.6427865335149848,True,4.053253088238026,0.8351389045758618,True,False
1045.52,8292,t8292,170,100.0,70,3,7,0.6544145428699536,True,17.152542336355214,1.5733240533998791,True,False
1046.26,8300,t8300,170,700.0,20,2,1,0.6257075431816252,False,134.98903519003792,1.5848583405336953,False,False
1046.26,8299,t8299,300,250.0,72,0,5,0.633469271479719,True,65.35122911537596,3.1922828368184497,True,False
1047.31,8306,t8306,300,250.0,94,3,6,0.663127603889235,True,66.02399270003278,2.8476682798696067,True,False
1047.57,8309,t8309,170,700.0,98,5,4,0.6540866534426889,False,112.22933728995639,1.7183838345770075,False,False
1049.17,8319,t8319,220,700.0,59,1,2,0.6379774031400152,False,138.585600080823,2.404419350514917,False,False
1050.28,8323,t8323,220,700.0,79,6,4,0.6602810854383188,False,142.1553886716509,2.3618328762917544,False,False
1052.42,8336,t8336,170,100.0,61,7,5,0.6726204562070629,True,15.195010938854743,1.5649368856401134,True,False
1052.44,8337,t8337,300,250.0,74,6,4,0.6564836455477342,False,66.76309322093425,3.2138189951931047,True,False
1052.73,8341,t8341,220,150.0,22,4,2,0.6683158241575594,False,27.201709194367247,2.0778572122826335,False,False
1052.79,8342,t8342,80,50.0,39,3,7,0.6567569186792213,True,4.607559016449287,0.7751336235318192,True,False
1053.41,8344,t8344,270,200.0,72,6,1,0.6416494980815376,True,61.999004070146334,2.825849172487575,True,False
1054.02,8349,t8349,170,100.0,63,6,5,0.6461248513353194,True,19.127516146801547,1.5644026330741443,True,False
1054.26,8350,t8350,270,1000.0,30,4,2,0.6643576894925901,False,323.69939761957573,2.7803058058904173,False,False
1054.3,8351,t8351,300,1200.0,97,7,5,0.6747502289011035,False,378.8220936354313,3.2562889588880184,False,False
1054.51,8352,t8352,120,75.0,64,2,1,0.6226015741361746,True,10.155924568046544,1.1477497700690906,True,False
1054.67,8355,t8355,270,200.0,79,3,6,0.6654472336296321,True,43.84743604278286,2.7848282414163625,True,False
1054.83,8358,t8358,80,50.0,97,4,5,0.662595850229435,True,4.341402148292789,0.8519175119243706,True,False
1055.09,8360,t8360,270,200.0,99,7,5,0.6706634061412633,True,49.5805923513766,2.8015977546629998,True,False
1055.54,8364,t8364,300,250.0,85,1,2,0.6346260368953967,True,65.77081658507288,2.981948525460533,True,False
1055.85,8369,t8369,300,250.0,46,1,5,0.6555756289979967,False,77.41920538954865,2.850129100136882,False,False
1056.2,8373,t8373,300,250.0,81,0,5,0.6362305527167913,True,69.2066547858018,2.8001481586011185,True,False
1056.6,8375,t8375,220,900.0,75,6,1,0.6442471747865736,False,175.68087653141342,2.26554050599388,False,False
1056.78,8376,t8376,80,50.0,34,0,2,0.6772341681692567,True,4.761607135976531,0.8594095251795562,True,False
1057.43,8380,t8380,120,75.0,85,7,2,0.6585361288277618,True,9.759071173501557,1.246292937133047,True,False
1057.71,8383,t8383,300,250.0,41,7,6,0.6673149675782332,False,63.05380521049935,3.16540320855454,False,False
1059.0,8390,t8390,220,900.0,26,0,2,0.6792716666240534,False,207.2266789759265,2.273218402809345,False,False
1059.53,8396,t8396,170,100.0,62,5,7,0.6535652881796306,True,18.967857561838414,1.7185008874626024,True,False
1059.82,8398,t8398,170,100.0,86,0,2,0.6750944151097541,True,13.677497936948141,1.5346784248355396,True,False
1060.73,8407,t8407,170,500.0,76,7,2,0.6607960729178732,False,95.14129988836748,1.5478900728768716,False,False
1061.07,8409,t8409,300,250.0,22,2,5,0.645512984662867,False,62.67395572241788,2.7849635946998976,False,False
1061.34,8410,t8410,220,700.0,35,1,5,0.6517207830847035,False,182.42977271815096,1.9919620580328004,False,False
1061.58,8413,t8413,270,1000.0,71,4,1,0.6804239034140661,False,269.88473365994867,2.685106439452205,False,False
1061.74,8416,t8416,170,500.0,97,2,1,0.6257317244716328,True,94.16896595724033,1.7213449443542177,True,False
1062.67,8423,t8423,220,150.0,75,0,1,0.6878051395948873,True,28.329492385141304,2.0233290523624996,True,False
1062.76,8425,t8425,270,900.0,66,0,1,0.6896312186211714,False,287.9133988116541,2.783642362727288,False,False
1062.78,8426,t8426,80,50.0,98,6,5,0.6487845361267948,True,4.4663053728427915,0.7452648195791116,True,False
1064.64,8439,t8439,120,75.0,57,0,1,0.6852467760669297,True,7.739985248739635,1.1670476229835214,True,False
1064.89,8441,t8441,300,250.0,84,6,5,0.6513910272224407,False,70.36900053458362,2.901925898607517,True,False
1066.12,8451,t8451,270,200.0,20,0,5,0.6389366083291221,False,48.982896062809,2.6778406201584484,False,False
1066.29,8452,t8452,120,75.0,58,5,6,0.6831890623961564,True,10.237248259368618,1.1511147847965588,True,False
1066.45,8454,t8454,300,250.0,80,7,2,0.6568368181261824,False,86.11503347749247,3.2162703040239546,False,False
1067.21,8460,t8460,220,150.0,91,4,1,0.6762236071639666,True,38.94078829011492,2.4061300793576104,True,False
1067.65,8466,t8466,270,200.0,23,5,6,0.6851074629664151,False,43.39918481268327,2.8749131954452354,False,False
1067.78,8468,t8468,300,250.0,43,0,1,0.687124022363773,False,73.99923251481756,2.7201166095901663,False,False
1067.86,8470,t8470,220,900.0,62,5,6,0.6808134955252686,False,194.37201748068276,2.193143984547669,False,False
1068.26,8474,t8474,270,1000.0,27,3,6,0.6677204707752212,False,233.6381099880862,2.878213410091344,False,False
1068.47,8476,t8476,80,50.0,58,1,7,0.6570245589947409,True,3.3925098242097493,0.7445981958713304,True,False
1068.6,8478,t8478,170,700.0,55,6,5,0.6477713884961737,False,135.86968191784692,1.8289069538365856,False,False
1068.88,8481,t8481,270,200.0,68,6,4,0.6527621544549613,True,44.17203768118699,2.8262027645279604,True,False
1069.37,8486,t8486,300,250.0,70,0,1,0.6827897237346793,False,85.73339274483519,2.8380844758316908,False,False
1069.54,8489,t8489,120,75.0,83,6,5,0.644224142544432,True,7.225519432914038,1.209449831595621,True,False
1069.91,8492,t8492,80,50.0,88,3,7,0.6590524469723035,True,4.7519101651707025,0.7519700093020218,True,False
1070.3,8496,t8496,300,250.0,62,5,2,0.6513835194764025,False,75.03986944145957,3.0917546079743303,False,False
1071.14,8499,t8499,80,50.0,52,4,1,0.6782813168388692,True,4.518701599295165,0.8338213435868035,True,False
1071.49,8503,t8503,220,150.0,88,2,6,0.6509899913461239,True,28.419454743118386,2.152998821885015,True,False
1071.74,8506,t8506,170,100.0,74,4,5,0.6649261150430281,True,15.731551538463766,1.651734059706404,True,False
1072.08,8508,t8508,170,500.0,93,5,7,0.6560761642342198,True,82.20451490222476,1.687223750166166,True,False
1072.28,8509,t8509,270,200.0,37,2,1,0.628799271800382,False,44.917084250915536,2.8199016041424843,False,False
1072.97,8513,t8513,80,50.0,91,4,1,0.6802978723202736,True,3.5264051264430005,0.7418562570838344,True,False
1073.47,8517,t8517,220,900.0,35,2,6,0.653400858185868,False,231.77910220003116,1.9849284371389535,False,False
1074.1,8522,t8522,80,50.0,29,5,1,0.6506919551285711,True,4.129253195700554,0.829436051319061,True,False
1074.3,8523,t8523,120,75.0,30,0,2,0.6771747086257409,True,8.59638451387589,1.3014150791171726,True,False
1074.61,8525,t8525,170,500.0,53,4,1,0.6822740966920499,False,81.32133754732327,1.7188817018863591,False,False
1074.92,8528,t8528,300,250.0,94,4,7,0.6681107867655233,True,80.60414654305154,3.171318600525242,True,False
1074.97,8530,t8530,270,1000.0,54,0,5,0.6354145428292063,False,269.0841108929505,2.5293292935784946,False,False
1076.46,8537,t8537,220,150.0,56,6,4,0.6552890931840439,True,36.10215324914981,2.1370232457447647,True,False
1077.16,8541,t8541,170,100.0,91,4,1,0.6780367965763908,True,17.275510805236664,1.7803521537725544,True,False
1077.92,8546,t8546,80,50.0,47,6,1,0.6406188979575087,True,3.725289045951792,0.8167343817966399,True,False
1078.6,8550,t8550,300,250.0,77,6,4,0.6577654931385449,True,75.49884037642799,2.7882245544284023,True,False
1078.72,8552,t8552,80,50.0,40,5,7,0.6585368227677172,True,4.750696530329189,0.7927733423400375,True,False
1080.31,8565,t8565,270,900.0,97,6,5,0.6469218415117252,False,221.1807979964793,2.720011809174134,False,False
1080.78,8568,t8568,220,900.0,88,1,7,0.6593147344815127,False,208.46359876116264,2.3405876793017293,False,False
1080.84,8570,t8570,300,250.0,51,2,6,0.6495895076888173,False,84.359245951471,3.02993935153924,False,False
1081.66,8573,t8573,80,50.0,84,0,5,0.6319629186392889,True,3.5739301314039014,0.7938575544746849,True,False
1081.67,8574,t8574,300,1200.0,49,4,7,0.6703307528483946,False,384.9314780180433,2.8908453259593,False,False
1082.02,8576,t8576,300,1000.0,77,5,7,0.6609482681305446,False,303.1790199148264,3.205165867972321,False,False
1082.65,8582,t8582,120,75.0,66,7,2,0.6529567484303255,False,10.482021252579061,1.2308411113699933,True,False
1082.79,8583,t8583,170,700.0,20,3,6,0.6637742431778987,False,134.57626615229492,1.703606208150484,False,False
1083.23,8585,t8585,120,75.0,95,3,6,0.6599069401325225,True,8.458511630594298,1.1756430093343864,True,False
1083.38,8588,t8588,170,500.0,69,6,5,0.6433915864996725,False,83.96683338597472,1.7379507980823514,False,False
1083.97,8590,t8590,220,150.0,60,0,2,0.6792133962714079,True,38.09019690495749,1.9856751468210885,True,False
1083.99,8591,t8591,220,150.0,49,5,1,0.6531087826926664,True,36.52227610885849,2.2280463475057743,True,False
1084.42,8596,t8596,300,1000.0,85,5,7,0.6571374845861156,False,327.18929803821544,2.7048044371043733,False,False
1085.38,8603,t8603,270,200.0,31,7,1,0.6497688056447889,False,60.16077037707618,2.8293898649103157,False,False
1085.49,8604,t8604,220,900.0,72,6,5,0.639931936587861,False,176.46296606289783,2.39441950909676,False,False
1086.24,8612,t8612,300,1200.0,74,3,7,0.6613020646995241,False,419.4539301029636,2.8342400371322185,False,False
1086.6,8615,t8615,270,200.0,32,0,5,0.6347543269331698,False,46.91010478601751,2.688934803109584,False,False
1087.63,8622,t8622,270,200.0,92,2,1,0.6256314681825562,True,64.26960784187523,2.632747825969902,True,False
1087.67,8623,t8623,300,1200.0,69,4,7,0.6663323196096085,False,401.0306955344834,3.195363463329757,False,False
1088.32,8628,t8628,170,100.0,72,1,5,0.647943034089676,True,19.13830391593322,1.8023361982894655,True,False
1088.39,8629,t8629,300,250.0,59,4,5,0.6672097745603494,False,76.2872319553242,2.73493585579508,False,False
1088.65,8631,t8631,300,250.0,78,5,7,0.6534029167125751,True,61.21086210562717,2.873681804811238,True,False
1088.7,8632,t8632,300,250.0,30,2,1,0.628701020637087,False,81.9769616631215,2.934947514976427,False,False
1089.78,8642,t8642,270,900.0,55,4,1,0.6800582424630447,False,250.51738774558942,2.4891013761484766,False,False
1089.97,8645,t8645,170,100.0,95,0,5,0.631315907061173,True,16.841220167140214,1.80931955807475,True,False
1091.86,8657,t8657,300,1000.0,65,0,5,0.6341202555866162,False,335.848957274636,2.966110629158559,False,False
1092.85,8665,t8665,80,50.0,74,2,1,0.625535182042527,True,3.2180980481159445,0.8412555895028053,True,False
1093.47,8668,t8668,170,100.0,98,2,5,0.6420109067877914,True,15.888197208031364,1.595084973335279,True,False
1094.52,8675,t8675,170,100.0,75,6,4,0.6601923650939557,True,19.20242532504048,1.8567865442608922,True,False
1094.76,8678,t8678,220,700.0,96,3,6,0.6622909831480538,False,137.24938314620837,2.2604278123707275,False,False
1096.64,8686,t8686,270,1000.0,71,5,1,0.6554772737054798,False,274.1166370383015,2.828384905298581,False,False
1096.7,8687,t8687,220,700.0,85,7,6,0.6633768500448504,False,155.25633877962517,2.304985031451544,False,False
1096.9,8688,t8688,220,700.0,49,5,7,0.6559170401965054,False,146.74032931359227,2.384105687407214,False,False
1097.1,8689,t8689,270,200.0,85,4,7,0.6624138550355981,True,64.04824961590656,2.8963146116158356,True,False
1097.47,8694,t8694,120,75.0,35,1,7,0.6553851064585491,True,9.208366356444483,1.2187185118495036,True,False
1097.8,8696,t8696,80,50.0,25,3,6,0.6584533453032746,True,4.288637791200344,0.8121972478430419,True,False
1098.31,8698,t8698,170,700.0,41,3,1,0.665719758314452,False,101.5689403743482,1.721132773034541,False,False
1098.68,8700,t8700,220,150.0,40,4,1,0.6758652594319657,True,28.409460448165625,2.2166618473607724,True,False
1100.12,8715,t8715,120,75.0,45,4,5,0.6632737608873241,True,8.95280437727168,1.1368398523126753,True,False
1100.73,8722,t8722,270,200.0,58,4,5,0.6655904674877595,True,57.11285175961882,2.6618236955212247,True,False
1100.74,8723,t8723,220,150.0,81,6,4,0.6625706996102585,True,30.97764184761477,2.250293840277925,True,False
1101.07,8725,t8725,170,100.0,95,6,4,0.6649014674362351,True,13.893352691065482,1.6425117237264055,True,False
1101.12,8727,t8727,220,150.0,21,6,4,0.6671856199056923,False,30.653534114910503,2.0677199354063807,False,False
1101.53,8730,t8730,170,100.0,90,5,6,0.6766054074329451,True,18.268484014506114,1.5852334730077484,True,False
1101.73,8732,t8732,300,250.0,74,2,1,0.6286066602198582,True,62.531970510984266,2.832731894089774,True,False
1101.81,8735,t8735,300,1200.0,40,1,5,0.6504148400745492,False,343.58996379287277,2.956104407000823,False,False
1102.18,8739,t8739,270,200.0,51,5,7,0.6522068812107572,False,54.572886621345305,2.5777045097344384,False,False
1103.38,8746,t8746,80,50.0,53,3,7,0.6573326900722002,True,4.065933172707957,0.7726992889400217,True,False
1103.47,8748,t8748,80,50.0,56,0,1,0.6785421110781676,True,4.662629983153737,0.7974660296917886,True,False
1104.25,8756,t8756,300,1000.0,50,4,5,0.6678608399561862,False,273.4627192190696,2.9843944171335615,False,False
1104.34,8757,t8757,80,50.0,54,3,1,0.6618135449663447,True,4.041987601920663,0.7747779160380679,True,False
1105.06,8763,t8763,220,900.0,87,7,2,0.6491542801283856,False,192.05705765153724,2.1061519969983,False,False
1105.14,8766,t8766,170,500.0,74,5,6,0.678655481102468,True,70.76589755397823,1.7822127909659073,True,False
1107.24,8778,t8778,220,150.0,53,3,7,0.6596167029374229,True,31.88515443553928,2.194875661771221,True,False
1108.02,8784,t8784,300,1000.0,67,4,5,0.6639118049752443,False,320.5414318944266,3.0585633234844782,False,False
1108.06,8785,t8785,300,250.0,50,5,1,0.6516243948980368,False,73.39866305510841,2.9303813467364623,False,False
1108.16,8786,t8786,170,700.0,94,4,2,0.6604787175209201,False,115.00237443474309,1.805730742686962,False,False
1108.72,8790,t8790,300,1000.0,90,2,6,0.6458543842017076,False,254.58979375877104,3.0768456324651674,False,False
1110.07,8796,t8796,220,700.0,33,6,1,0.6432371866650252,False,152.21703746478147,2.2549405491583445,False,False
1110.17,8797,t8797,170,100.0,43,2,1,0.631616708833643,True,14.135188487204434,1.6650375684276792,True,False
1110.34,8799,t8799,220,700.0,28,5,4,0.650413102192017,False,133.20447763742018,1.9926300150999725,False,False
1110.49,8801,t8801,220,700.0,96,1,2,0.6375156979756705,False,158.6448147774232,2.1234181575374493,False,False
1110.58,8803,t8803,80,50.0,66,0,2,0.6812113101641616,True,3.529654350547777,0.7668980104072,True,False
1110.91,8805,t8805,220,150.0,91,5,6,0.6806645532986004,True,39.11845397467385,2.309947857458084,True,False
1111.34,8810,t8810,170,100.0,20,1,7,0.6577080709960448,True,16.52498898089878,1.634881313045701,True,False
1111.58,8813,t8813,220,150.0,38,5,1,0.6478485736667428,True,29.25318006101137,2.388861381773123,True,False
1112.47,8821,t8821,300,1000.0,38,1,7,0.6599845762427906,False,249.52518587306292,3.02489015263075,False,False
1113.24,8825,t8825,80,50.0,82,7,5,0.6728323198366198,True,4.664765415950837,0.8595845833835091,True,False
1113.24,8824,t8824,80,50.0,25,6,4,0.6632500893257602,True,4.059014138240708,0.8138183372507763,True,False
1113.34,8826,t8826,170,700.0,89,5,6,0.6826334440508103,False,112.45646473241095,1.8691539633481147,False,False
1113.34,8827,t8827,120,75.0,91,4,7,0.6647477597530681,True,10.453547290261968,1.2442716509172949,True,False
1113.75,8829,t8829,300,250.0,35,3,1,0.6641594558851996,False,67.51389019937632,2.8771642370096107,False,False
1113.78,8830,t8830,170,100.0,73,7,1,0.6460300961985598,True,19.48148637281125,1.8258039748986599,True,False
1114.54,8833,t8833,120,75.0,56,1,2,0.6341735658343389,True,10.191909049161737,1.2076645153759824,True,False
1114.59,8835,t8835,80,50.0,80,6,5,0.6365414796742855,False,3.740473339256544,0.8446221801672293,True,False
1115.18,8840,t8840,300,1000.0,93,0,5,0.6306945171415507,False,244.84593364580235,3.1633125476501402,False,False
1116.02,8843,t8843,220,700.0,31,2,1,0.6345665564751519,False,183.37721754502735,2.088216600130028,False,False
1116.91,8849,t8849,300,250.0,77,6,1,0.6396291095983914,False,81.6374155313064,3.2702979486906245,False,False
1117.06,8850,t8850,120,75.0,22,6,4,0.6655672693574268,True,9.116747369284417,1.1037807374756639,True,False
1117.26,8852,t8852,220,150.0,65,2,5,0.6447528704702173,True,34.20205563220753,2.3979563099367622,True,False
1119.28,8862,t8862,220,900.0,66,2,1,0.6312834071638307,False,201.1930119839823,2.1046304626968118,False,False
1119.86,8865,t8865,220,150.0,58,6,4,0.6678381057884601,True,36.94471772758726,2.022674189475706,True,False
1120.02,8866,t8866,170,700.0,84,3,7,0.6618550355453411,False,116.30322297282055,1.8542716823385923,False,False
1120.25,8868,t8868,220,700.0,28,6,1,0.6360931940730902,False,137.25829243351785,2.383528707183788,False,False
1120.84,8870,t8870,220,150.0,88,3,6,0.660866460215391,True,34.07433875435692,2.110223781597573,True,False
1121.57,8873,t8873,170,100.0,46,3,6,0.663231312829265,True,16.631092834846985,1.6812012121037065,True,False
1121.93,8877,t8877,220,150.0,57,4,7,0.6670349863761885,True,37.1562677049847,2.198670046625707,True,False
1122.79,8883,t8883,220,900.0,55,5,6,0.6783889569879759,False,181.54348387856825,2.362599167094268,False,False
1123.11,8886,t8886,80,50.0,70,5,7,0.6485709254047238,True,4.506938235856666,0.7823444327476741,True,False
1123.12,8887,t8887,220,150.0,60,4,6,0.6601631872257633,True,37.98484180376082,2.3419778402917193,True,False
1123.17,8888,t8888,170,100.0,43,6,1,0.6326279968582951,True,19.246656739250003,1.5636819862285973,True,False
1123.63,8891,t8891,300,1000.0,24,4,7,0.6692764684668465,False,254.29022119217208,2.8572066868932993,False,False
1123.66,8892,t8892,220,700.0,72,0,2,0.6831692657790601,False,180.2315862420639,2.33220235109191,False,False
1124.75,8898,t8898,270,200.0,71,4,6,0.6625421052994298,True,64.78401292789505,2.4842268512750896,True,False
1126.04,8908,t8908,80,50.0,65,5,7,0.6511816887148112,False,4.299585149724397,0.7230543637226563,True,False
1126.16,8909,t8909,270,1000.0,38,5,2,0.6477640309050564,False,299.28954374489996,2.5433726063212125,False,False
1126.4,8913,t8913,120,75.0,78,0,2,0.6789140622816607,True,10.158567905966795,1.3158644586020503,True,False
1126.69,8915,t8915,300,1200.0,80,2,1,0.6280659208387359,False,381.8171733426323,3.2385827213733736,False,False
1126.86,8917,t8917,220,700.0,35,5,6,0.6742293596663981,False,182.84701213404128,2.306950998882857,False,False
1126.9,8918,t8918,80,50.0,29,5,6,0.670152954291252,True,3.6717182749931125,0.8147566250313063,True,False
1127.63,8928,t8928,220,150.0,56,7,1,0.6485401609412552,True,32.98074428807133,2.2235574314318485,True,False
1127.7,8929,t8929,120,75.0,97,7,5,0.6749578552580692,True,8.932735322300129,1.2421933640519525,True,False
1127.82,8931,t8931,270,900.0,34,2,5,0.647439994878995,False,248.36531833607677,2.713329272514873,False,False
1128.24,8935,t8935,300,250.0,85,1,7,0.6560415513846014,True,84.26002907897696,2.926714228374383,True,False
1128.4,8936,t8936,170,100.0,88,1,2,0.637072276335834,True,17.050952500286282,1.6690283760714175,True,False
1128.9,8937,t8937,170,100.0,53,5,3,0.6477201216776057,False,62.20521764840955,2.917204596155979,False,True
1129.35,8941,t8941,80,50.0,98,1,7,0.6583513870235761,True,4.019853342468379,0.8628267600114864,True,False
1130.2,8951,t8951,170,700.0,53,1,5,0.6466632099397248,False,98.0584693851482,1.5426687625947775,False,False
1131.47,8962,t8962,300,1200.0,95,0,2,0.6809179628542094,False,395.9954072365739,2.8463377433432866,False,False
1132.2,8968,t8968,220,900.0,35,3,7,0.657874601501101,False,189.06999017686496,2.176638413488771,False,False
1133.68,8981,t8981,80,50.0,52,4,6,0.664873445011623,True,4.348280737364388,0.7562773516970065,True,False
1135.82,8993,t8993,80,50.0,38,7,5,0.6770408799710896,True,4.515954393804034,0.7491297722326208,True,False
1136.81,9000,t9000,270,1000.0,68,6,1,0.6354061035877958,False,318.2700232093468,2.70926150909758,False,False
1137.2,9002,t9002,80,50.0,38,7,1,0.6510000243890969,True,4.438920067626118,0.7463376051414734,True,False
1138.24,9012,t9012,170,100.0,31,3,6,0.6655488683908615,True,16.922801056572343,1.8485162047137662,True,False
1138.3,9014,t9014,80,50.0,41,7,1,0.6534106905679816,True,3.3588250934706814,0.7686570527842391,True,False
1138.41,9015,t9015,300,1200.0,25,3,7,0.6539737761377457,False,417.53435618025003,2.739097770406695,False,False
1138.45,9016,t9016,220,150.0,44,0,1,0.680553450674786,True,30.02121060797797,2.1093563887766043,True,False
1138.98,9022,t9022,220,900.0,39,3,6,0.6678200728412261,False,181.98979843684967,2.3509607093327696,False,False
1139.23,9025,t9025,170,500.0,95,3,1,0.6602844485856775,True,84.53295273574325,1.604493744128174,True,False
1141.0,9039,t9039,220,900.0,24,6,4,0.6700635254908728,False,237.23129959292837,2.3532821097282675,False,False
1141.01,9040,t9040,300,1000.0,22,7,1,0.6557731434232886,False,302.98137284744706,2.805646604874021,False,False
1141.78,9048,t9048,270,900.0,71,7,5,0.6790822441898497,False,227.6076107027446,2.673749314366211,False,False
1142.08,9051,t9051,120,75.0,67,6,1,0.6319546481827065,False,9.136243085123398,1.2598909600394848,True,False
1142.3,9052,t9052,300,250.0,68,2,1,0.624912784240143,False,87.61140619407963,2.730479984595404,False,False
1142.44,9056,t9056,270,900.0,38,1,7,0.6606150259497712,False,210.22403686587143,2.4460956474864073,False,False
1142.68,9058,t9058,170,500.0,67,6,4,0.666070436799237,False,88.47335509027741,1.5485592319588302,False,False
1142.79,9060,t9060,300,250.0,38,3,4,0.6531931840453885,False,84.43424125892446,2.8921952214833357,False,False
1144.0,9071,t9071,300,250.0,23,1,7,0.6566593920974425,False,78.03823174762596,2.9335141798068154,False,False
1144.04,9072,t9072,270,200.0,51,0,4,0.6296921190591122,False,54.03298891142058,2.6249218058514256,False,False
1145.41,9086,t9086,170,500.0,26,7,5,0.6749087811242346,False,88.0938324557015,1.7337513974846546,False,False
1146.3,9091,t9091,270,200.0,97,1,7,0.6527828709221603,True,55.94304045416792,2.55817949916048,True,False
1146.77,9093,t9093,80,50.0,77,5,7,0.6475662367586968,True,4.472367471590268,0.7929481731263426,True,False
1147.87,9099,t9099,170,700.0,24,5,7,0.6501970938417047,False,133.54934799130257,1.5657103074883552,False,False
1147.96,9100,t9100,300,1200.0,40,4,6,0.6671581579295723,False,394.9725944323434,2.8602419765783385,False,False
1148.02,9102,t9102,270,200.0,26,0,6,0.6293666007782414,False,60.3357467195931,2.703982130195161,False,False
1149.05,9109,t9109,300,250.0,26,5,4,0.6468130219663585,False,70.00019272791907,2.73997082670842,False,False
1149.78,9115,t9115,220,150.0,80,3,2,0.6530354163773601,True,35.28719118508029,2.2276242625308336,True,False
1150.98,9123,t9123,170,100.0,82,1,5,0.642986612407597,True,18.718346804339937,1.7567020899340648,True,False
1151.06,9124,t9124,300,250.0,85,1,7,0.6551578801703838,True,74.54321033713407,3.1384336449371077,True,False
1151.46,9128,t9128,120,75.0,66,5,1,0.6503222688600746,True,10.682391104625585,1.1565163530966365,True,False
1152.04,9132,t9132,170,100.0,53,3,1,0.6626609414321457,False,13.738313751121753,1.6503972199049817,True,False
1152.87,9138,t9138,270,200.0,70,3,6,0.6638718532025834,True,47.44588816624922,2.667267388611935,True,False
1153.16,9140,t9140,170,500.0,77,2,6,0.6421939631843402,False,99.62971372796294,1.6620920004702928,False,False
1153.32,9143,t9143,170,700.0,36,2,4,0.6224327507444969,False,131.36797819021245,1.7231093597748293,False,False
1153.4,9144,t9144,170,100.0,78,2,6,0.63860675058732,True,14.04055152087702,1.829965168944747,True,False
1153.78,9149,t9149,300,1000.0,54,4,1,0.6779301360615082,False,342.1091069394739,2.921056518182345,False,False
1154.19,9153,t9153,170,100.0,37,0,2,0.676707785415307,True,14.214991682672881,1.665228643032521,True,False
1155.13,9159,t9159,300,250.0,48,5,1,0.6527464901495398,False,82.81701969775345,3.0583342169093166,False,False
1155.52,9165,t9165,170,100.0,95,5,1,0.6489482270132155,True,16.67523012185115,1.625678271898746,True,False
1157.65,9185,t9185,170,100.0,34,5,7,0.6466013337830524,True,16.358241055324367,1.7518680859629625,True,False
1159.2,9191,t9191,170,100.0,49,6,7,0.6295306192592951,True,15.963424852546359,1.659885216404962,True,False
1159.4,9192,t9192,300,1200.0,26,4,7,0.6652991209156914,False,424.1523557477523,3.032713607174321,False,False
1159.55,9195,t9195,220,150.0,53,0,5,0.6273372934653862,True,30.267500497653483,2.291732243267014,True,False
1160.68,9199,t9199,270,1000.0,74,5,6,0.6723320770236088,False,287.27581426224316,2.9017801613023644,False,False
1160.94,9201,t9201,170,500.0,49,7,1,0.6519143472214896,False,98.59504749153075,1.7576045353883067,False,False
1161.48,9209,t9209,220,150.0,27,4,6,0.6632231765891627,False,34.11652083642806,2.3095512676450265,False,False
1162.1,9213,t9213,170,700.0,65,6,4,0.6621572098814342,False,129.61813058065397,1.8626290896096689,False,False
1162.18,9214,t9214,220,900.0,52,0,2,0.6787558115251827,False,165.04218859342635,2.276829991574456,False,False
1163.26,9222,t9222,120,75.0,36,7,5,0.6708187873199317,True,10.752910816186445,1.110355293862565,True,False
1163.85,9226,t9226,300,1200.0,60,4,5,0.6600417506939212,False,288.0676767468229,2.8674600183862298,False,False
1164.36,9233,t9233,300,250.0,40,0,5,0.6302212142627451,False,74.63914009847144,3.2334188284074754,False,False
1164.4,9234,t9234,80,50.0,60,6,7,0.632522188692291,True,4.701642113578594,0.7827087167094007,True,False
1164.88,9236,t9236,300,1200.0,87,4,6,0.6593668948755613,False,421.340294642769,3.127182099281244,False,False
1165.31,9237,t9237,300,1200.0,78,3,1,0.6588159044216846,False,295.3241857525046,2.8580482034128036,False,False
1165.41,9239,t9239,120,75.0,27,5,1,0.651399929139618,True,10.695585516469844,1.3024772087014662,True,False
1165.84,9242,t9242,120,75.0,45,4,2,0.6566773249886836,True,7.700486811870299,1.1020716784777067,True,False
1166.39,9245,t9245,170,700.0,68,4,7,0.6614013203155594,False,98.66879705747405,1.8013903062757992,False,False
1166.41,9246,t9246,220,150.0,93,2,5,0.6438993767995967,True,31.18581877874653,2.1589654708152946,True,False
1166.98,9248,t9248,300,1000.0,92,1,2,0.6399130126272992,False,273.97614809945253,3.0846251132147176,False,False
1167.06,9249,t9249,170,100.0,85,4,1,0.6737797151584598,True,16.043330638617345,1.7233368606579893,True,False
1167.26,9251,t9251,80,50.0,58,3,2,0.6555568898679948,True,4.3069851654482525,0.7901835685221176,True,False
1167.29,9252,t9252,220,150.0,43,5,6,0.6682936173013184,True,33.22570902481699,2.2662816552144553,True,False
1168.52,9260,t9260,220,700.0,82,7,6,0.6595174948621352,False,164.6970614379526,2.170180025989948,False,False
1168.63,9262,t9262,270,1000.0,54,7,5,0.6729845933917148,False,297.72306135581704,2.906261116969119,False,False
1168.78,9263,t9263,270,200.0,81,5,6,0.6705099267734739,False,52.044248524571024,2.9360430643746858,True,False
1169.2,9264,t9264,170,100.0,83,0,1,0.6825245634794722,True,14.255249570840704,1.7506080149350374,True,False
1170.22,9270,t9270,270,200.0,94,7,5,0.6689330833420624,True,59.1580218858901,2.4544869505145384,True,False
1170.45,9273,t9273,270,200.0,31,2,1,0.621822710373522,False,57.35003453804779,2.911587049502742,False,False
1172.75,9289,t9289,300,250.0,31,6,4,0.6583222475019873,False,78.46200713517705,3.135300274447867,False,False
1174.1,9298,t9298,270,200.0,70,3,6,0.6661765979567135,True,53.219357490934314,2.9470032465819296,True,False
1174.37,9300,t9300,220,700.0,75,4,2,0.6591259603070917,False,176.99639009040868,2.3603030323958256,False,False
1174.82,9303,t9303,300,250.0,50,0,5,0.626873456644157,False,71.4491559075985,3.2360275098425317,False,False
1175.75,9313,t9313,80,50.0,49,1,5,0.6455575468261118,True,3.46008627354819,0.740116630123342,True,False
1176.97,9320,t9320,270,200.0,71,4,1,0.6758863026734724,True,48.090838203891174,2.5885662568055015,True,False
1177.29,9325,t9325,300,1000.0,82,4,1,0.6779507584381849,False,270.4609411332399,2.7432200163731055,False,False
1177.64,9331,t9331,170,100.0,90,4,5,0.6562490974982246,True,16.21591523098127,1.5651058242013283,True,False
1178.17,9334,t9334,120,75.0,47,3,6,0.668435247815761,True,7.205242065739396,1.2943685782092218,True,False
1179.71,9345,t9345,80,50.0,28,6,4,0.6545639843701293,True,3.3894038992430096,0.7777560054529005,True,False
1180.5,9352,t9352,270,900.0,21,6,5,0.6332188318989816,False,245.4165809492076,2.7665312733886056,False,False
1180.84,9357,t9357,270,1000.0,69,6,7,0.635453926736627,False,295.15684629247977,2.4881666982032002,False,False
1181.32,9360,t9360,80,50.0,36,0,1,0.6844562540280645,True,4.179257223574792,0.74858658990021,True,False
1181.68,9364,t9364,170,100.0,56,3,1,0.6550477681514327,True,16.96642484182224,1.786373719957948,True,False
1182.0,9366,t9366,80,50.0,70,5,7,0.649251488925573,True,3.519984073223419,0.8319246496469278,True,False
1182.55,9367,t9367,170,700.0,35,6,7,0.6321530300200763,False,120.93997018329219,1.8417846061471685,False,False
1183.15,9375,t9375,300,250.0,47,0,2,0.6745888771128609,False,64.94481740075545,3.226514999951178,False,False
1183.96,9380,t9380,300,250.0,33,1,5,0.6480770625562562,False,88.78521897506346,3.1256050286412,False,False
1184.21,9384,t9384,220,150.0,82,3,1,0.6575289946065859,True,26.976140090919326,2.127552168369731,True,False
1184.83,9389,t9389,270,200.0,34,0,1,0.6863493107656851,False,45.432312096833144,2.875308012464302,False,False
1185.2,9391,t9391,170,700.0,78,4,5,0.6587062973664418,False,117.33536390566677,1.5454366660329277,False,False
1185.21,9393,t9393,270,1000.0,92,1,5,0.6443721879717977,False,248.62823053684718,2.829514202659094,False,False
1185.21,9392,t9392,220,150.0,20,2,6,0.6412652822422403,False,38.11139924677896,2.261348877539455,False,False
1185.23,9394,t9394,170,700.0,26,0,4,0.6263549433445966,False,100.4107926077692,1.637055198685099,False,False
1185.23,9395,t9395,300,1200.0,74,6,7,0.6289181512378567,False,310.13084631961163,2.887455148124042,False,False
1185.56,9397,t9397,170,100.0,49,2,4,0.6193922775477888,True,17.27600037888801,1.8083574252447527,True,False
1185.99,9402,t9402,300,1000.0,21,3,1,0.659960596532636,False,354.367149260379,3.0549829793774106,False,False
1186.01,9403,t9403,270,200.0,92,6,2,0.6288229997428746,True,49.566328305215656,2.924421138348534,True,False
1186.21,9405,t9405,270,200.0,69,1,2,0.6365229341929349,True,63.677397879506834,2.896575044933486,True,False
1186.39,9406,t9406,120,75.0,62,2,6,0.6376966432640622,True,7.464317325942337,1.1565261268486156,True,False
1187.01,9412,t9412,300,1000.0,87,7,6,0.6557353267830742,False,312.14114304647006,2.8238342320762646,False,False
1187.57,9416,t9416,300,1000.0,41,6,5,0.6299626370791838,False,241.58791041496116,3.1289548785299166,False,False
1188.21,9419,t9419,270,200.0,33,0,2,0.6705052813887854,False,51.5448133028403,2.9500709190071666,False,False
1188.62,9423,t9423,120,75.0,60,7,6,0.6520288020655945,True,9.974368380460122,1.200888722366691,True,False
1188.8,9426,t9426,170,500.0,56,2,4,0.6225866138150148,False,69.16875285635196,1.8153034724623738,False,False
1188.94,9427,t9427,300,250.0,92,5,1,0.6538025972234923,True,77.68311279866515,2.8544420937980632,True,False
1193.04,9457,t9457,270,200.0,86,7,6,0.6545704078424646,True,61.96238222416098,2.5985729933829127,True,False
1194.29,9468,t9468,220,150.0,46,6,1,0.628572221885719,True,32.13298145312928,2.088211477272723,True,False
1194.3,9469,t9469,220,150.0,66,5,7,0.6518486409652434,True,34.272798304819325,1.9967114241761765,True,False
1195.38,9480,t9480,80,50.0,32,7,1,0.6481327269437264,True,3.6706061005690795,0.8681083794654528,True,False
1195.58,9482,t9482,300,250.0,83,7,5,0.6711366034934029,False,63.624423326715636,3.1162004308038362,True,False
1196.42,9492,t9492,120,75.0,88,2,6,0.6403733770654476,True,9.95953177535059,1.164484834304699,True,False
1196.86,9495,t9495,120,75.0,84,3,6,0.6706487246776277,True,10.562600203281562,1.156911021769385,True,False
1197.14,9500,t9500,170,500.0,43,3,6,0.6728179320022569,False,86.61956042614612,1.6267393939138912,False,False
1197.22,9501,t9501,300,250.0,69,4,7,0.65758147572743,False,87.25101243492166,3.193620419745171,False,False
1197.78,9507,t9507,270,1000.0,56,4,1,0.6737999250876029,False,232.4510888741753,2.9284566721051117,False,False
1198.1,9509,t9509,220,150.0,81,1,2,0.6393746573272581,True,30.174639362470845,2.0333268021074256,True,False
1198.83,9512,t9512,220,150.0,88,0,1,0.6820305063685531,True,32.28090753400835,2.0215227994008247,True,False
1198.96,9514,t9514,300,1000.0,24,7,1,0.6506007390715185,False,281.3518998653808,2.7403465675380203,False,False
1199.02,9515,t9515,300,250.0,54,7,1,0.6468453909567548,False,72.51603516859142,3.1099257018722937,False,False
1199.1,9517,t9517,270,200.0,59,1,7,0.6574853892336427,False,51.802855215951226,2.5505761208648514,True,False
1200.55,9527,t9527,270,200.0,20,5,6,0.6665079100561863,False,59.36722365469555,2.641045036238111,False,False
1201.42,9529,t9529,120,75.0,33,1,7,0.6535923481156366,True,10.065203230818547,1.291792344540597,True,False
1201.47,9530,t9530,270,200.0,89,2,4,0.6195430633568964,True,63.22842893352614,2.6415141144433436,True,False
1201.53,9532,t9532,120,75.0,69,7,2,0.6454278611924845,True,9.522489338683268,1.13894391090674,True,False
1201.97,9534,t9534,220,150.0,70,1,5,0.6407414108790285,True,29.689489521824395,2.3043582632917126,True,False
1202.54,9538,t9538,120,75.0,68,6,2,0.6316772064146837,True,9.34670144436197,1.3136388240632761,True,False
1202.55,9539,t9539,170,700.0,72,5,6,0.6625859336732443,False,106.10412326692702,1.7157344313833962,False,False
1202.67,9542,t9542,270,200.0,68,0,2,0.6665033575791915,True,47.433106136776836,2.4845502815139056,True,False
1202.83,9543,t9543,270,1000.0,76,5,1,0.656157211945689,False,229.27541128200207,2.9693387157933384,False,False
1203.25,9547,t9547,170,700.0,99,6,1,0.6314314441146713,False,125.82972681772195,1.792744713818518,False,False
1205.16,9558,t9558,170,100.0,32,1,7,0.6559511678199904,True,16.786079171328467,1.5701413606428076,True,False
1205.21,9559,t9559,270,1000.0,83,4,2,0.6553516229191317,False,283.5497407138398,2.503255549919565,False,False
1205.25,9560,t9560,170,100.0,84,0,2,0.6687554722457895,True,20.27677616213164,1.858082070172136,True,False
1205.26,9561,t9561,120,75.0,73,6,1,0.6280594818990446,True,8.830477710870996,1.1522101527687074,True,False
1205.4,9563,t9563,220,700.0,77,1,5,0.6433572493281146,False,175.11877329646114,2.242930384140432,False,False
1205.74,9568,t9568,270,200.0,57,6,4,0.6570548865009086,True,50.800046897044226,2.7119164074449253,True,False
1205.85,9570,t9570,220,150.0,96,3,6,0.6687697551803936,True,27.17102435745613,1.9914735873002254,True,False
1206.05,9572,t9572,120,75.0,29,6,2,0.6344743289530568,True,9.24421529861009,1.2908222427744047,True,False
1206.5,9575,t9575,270,200.0,32,0,6,0.6260359354293432,False,48.819934072225266,2.7011262006444494,False,False
1206.56,9577,t9577,270,200.0,78,4,6,0.655587738796232,True,61.87198915544589,2.9296230445821525,True,False
1206.61,9578,t9578,270,200.0,59,5,7,0.6543938499641204,True,50.31558703781721,2.509970731860518,True,False
1207.27,9584,t9584,220,150.0,88,3,2,0.6580279338888166,True,29.20321355159538,2.3938208577475915,True,False
1207.36,9586,t9586,170,100.0,50,3,6,0.6709765418949675,True,14.618700200615638,1.6278610670197036,True,False
1208.3,9592,t9592,120,75.0,64,0,2,0.6709625446190556,True,8.786368254262284,1.2207779263384804,True,False
1208.42,9594,t9594,170,700.0,94,7,6,0.6570611815037971,False,98.85256933648796,1.7503734336007015,False,False
1208.58,9595,t9595,300,1000.0,48,6,4,0.6594959705890723,False,322.12107020767206,2.878629512663315,False,False
1208.72,9598,t9598,300,1000.0,97,2,6,0.6429965761908053,False,247.5919960554852,2.701476704298948,False,False
1209.44,9605,t9605,220,150.0,44,6,2,0.6372155090406623,True,30.767090923763952,2.135604333812388,True,False
1209.81,9610,t9610,270,200.0,79,2,4,0.6227343839079402,True,46.19075914181459,2.912393495297824,True,False
1210.13,9614,t9614,300,250.0,46,4,6,0.6580581658384891,False,73.60946018242278,3.032462454958935,False,False
1210.36,9616,t9616,120,75.0,54,5,1,0.652290734373442,True,8.459067846321227,1.231321737978399,True,False
1210.7,9619,t9619,120,75.0,98,1,5,0.6397467710082189,True,9.396635543951106,1.1836330300520617,True,False
1210.7,9620,t9620,300,250.0,42,2,6,0.639393311333656,False,60.16767855234771,2.9630380886733225,False,False
1210.96,9623,t9623,120,75.0,25,6,4,0.6557142329954726,True,10.121146633062152,1.101247313017342,True,False
1211.33,9625,t9625,80,50.0,22,7,6,0.653328139691903,True,4.0374252510667805,0.785639915338837,True,False
1211.65,9626,t9626,80,50.0,80,3,6,0.67313919287525,True,3.7999797176872345,0.7821355316636638,True,False
1213.18,9639,t9639,220,150.0,25,0,1,0.683972078059364,False,30.270199472723966,2.0940206352902377,False,False
1213.2,9640,t9640,300,250.0,64,6,1,0.6309289589277304,False,72.906253680882,3.020069599998233,False,False
1213.98,9645,t9645,300,250.0,41,5,1,0.6546755863526398,False,64.24632921807921,3.036560545435062,False,False
1214.97,9651,t9651,270,200.0,29,3,6,0.6752585908359269,False,49.65623117302589,2.9567221650091913,False,False
1215.02,9652,t9652,170,100.0,48,3,1,0.6561695664201651,True,15.995564775989212,1.783078716502281,True,False
1215.31,9653,t9653,170,500.0,66,7,6,0.6558437587162468,False,94.89428051555164,1.6457710325855017,False,False
1215.41,9656,t9656,120,75.0,24,0,1,0.6797008183163584,True,7.249797515940582,1.2018518705803,True,False
1215.59,9660,t9660,170,100.0,63,6,1,0.6275670464158424,True,19.927665791595057,1.6167516899789185,True,False
1215.59,9659,t9659,80,50.0,28,1,7,0.6582628111302573,True,3.97680722444435,0.7373052123559841,True,False
1216.7,9666,t9666,120,75.0,34,3,6,0.6711616008373901,True,8.135418815829109,1.0935445521270157,True,False
1217.12,9668,t9668,270,900.0,96,6,2,0.6399018655265157,False,196.25344464485892,2.519244902533179,False,False
1218.59,9680,t9680,220,700.0,86,5,7,0.6568881547830198,False,147.45032545821763,1.99289012350443,False,False
1218.6,9681,t9681,270,900.0,68,5,1,0.6508387412922537,False,266.6609098797843,2.967821519970082,False,False
1218.67,9683,t9683,300,250.0,40,1,7,0.6605282215743188,False,65.16105454152857,3.0376078599494725,False,False
1218.84,9685,t9685,220,150.0,32,2,5,0.6466035710817867,False,32.87868961045925,2.3302109617442888,False,False
1219.1,9687,t9687,270,1000.0,82,6,2,0.6363604948826521,False,264.7165876955701,2.785683111127915,False,False
1219.18,9688,t9688,300,250.0,59,2,6,0.6358621117736495,False,87.20284086887123,2.944138434573812,False,False
1219.65,9693,t9693,80,50.0,30,1,5,0.6423825022547213,True,4.162693102469753,0.7594983527909764,True,False
1220.21,9698,t9698,170,700.0,51,4,1,0.6697321084040327,False,98.1561114970229,1.6347628860265615,False,False
1220.72,9703,t9703,270,200.0,31,1,7,0.6565743238094991,False,44.342209433505836,2.4462932676769467,False,False
1221.26,9710,t9710,170,700.0,54,5,7,0.6531585735055413,False,109.00827068677927,1.764361119999966,False,False
1221.28,9711,t9711,80,50.0,96,7,5,0.6671220532417167,True,3.7572245617454403,0.835384113149201,True,False
1222.19,9717,t9717,300,250.0,42,7,5,0.6693617939950641,False,84.73053869733198,3.0616583263653747,False,False
1222.49,9720,t9720,80,50.0,24,7,2,0.6479499706353015,True,3.8507472448831717,0.8374063154619112,True,False
1222.58,9722,t9722,270,200.0,62,5,6,0.6587423968179612,True,58.814310758815225,2.784776491738605,True,False
1222.61,9723,t9723,270,200.0,40,2,5,0.6430796814783327,False,54.831112514356754,2.8147920064084127,False,False
1223.0,9725,t9725,220,900.0,88,0,5,0.6235926541779405,False,164.539091368201,2.2152966704541823,False,False
1223.37,9728,t9728,80,50.0,67,4,1,0.6657456480541338,True,3.8244643705477976,0.76968678158239,True,False
1223.53,9731,t9731,300,1200.0,38,5,7,0.6495035838536123,False,419.4965605164315,2.992861290048363,False,False
1224.52,9737,t9737,220,150.0,35,4,5,0.6549403532372949,True,30.147412663037663,2.4050042367448023,True,False
1224.89,9740,t9740,170,500.0,22,7,2,0.6504216378892621,False,87.47491227659638,1.8632626155789846,False,False
1224.94,9742,t9742,220,150.0,63,6,1,0.6304463721541922,True,38.70269754465877,2.3063909461498486,True,False
1225.95,9748,t9748,80,50.0,20,4,6,0.6543051843399011,True,3.812045744646894,0.7502460947409877,True,False
1226.68,9754,t9754,170,700.0,49,6,2,0.6328899516516656,False,102.2122735379494,1.7231309876366896,False,False
1226.73,9755,t9755,300,250.0,52,1,5,0.6449655188762934,False,78.04015028298224,3.1139052611388705,False,False
1227.0,9758,t9758,120,75.0,24,2,5,0.6396262696669479,True,9.663688279810959,1.223976563006085,True,False
1228.97,9767,t9767,80,50.0,98,4,1,0.668012916911233,True,4.755031475375347,0.7950037180462145,True,False
1229.5,9770,t9770,220,150.0,47,3,6,0.6733205506388241,True,29.125297311380624,2.2079834535141827,True,False
1229.52,9771,t9771,300,1000.0,47,2,5,0.6424159260917909,False,317.14057465709186,2.738946496850107,False,False
1230.07,9780,t9780,120,75.0,28,4,1,0.6702348403911902,True,8.167981657989175,1.203797730346452,True,False
1231.17,9790,t9790,270,1000.0,23,5,7,0.6459216939947219,False,246.72840054075732,2.518067751448476,False,False
1231.24,9791,t9791,300,250.0,22,6,1,0.6332681113777751,False,81.62386301781129,3.191606340609102,False,False
1232.11,9796,t9796,220,150.0,96,0,1,0.6816889837682131,True,36.85113433366449,2.3076638551253397,True,False
1232.66,9798,t9798,170,700.0,40,5,1,0.6470786331330752,False,141.7112018979621,1.7862529200452677,False,False
1232.84,9800,t9800,170,100.0,38,1,5,0.6413228751654342,True,14.71759389350223,1.5385216157100237,True,False
1232.89,9801,t9801,170,100.0,93,3,6,0.6754363214442295,True,16.112944785532893,1.572402065897191,True,False
1233.17,9806,t9806,220,700.0,98,7,5,0.6653827399333447,False,139.62232234294194,2.159885428442502,False,False
1235.92,9826,t9826,80,50.0,67,7,2,0.6466698717981436,True,4.107213887887685,0.7489312482308509,True,False
1236.33,9831,t9831,220,150.0,68,4,5,0.6574237279907308,True,38.91380311436573,2.3925803317506094,True,False
1236.86,9835,t9835,270,1000.0,44,3,6,0.6775097768335266,False,312.21295628684163,2.692974028218397,False,False
1237.29,9841,t9841,220,150.0,80,4,1,0.6724123254015483,True,36.004391185192766,2.1917025407406268,True,False
1237.83,9844,t9844,120,75.0,63,3,2,0.6604495570292221,True,9.4621066911446,1.1892876045871572,True,False
1237.84,9845,t9845,170,100.0,35,4,5,0.659857435249098,True,14.18350440049933,1.5728184946528507,True,False
1238.42,9849,t9849,80,50.0,73,4,1,0.6745462607116991,True,3.3634984551540867,0.8758443725614837,True,False
1239.56,9857,t9857,170,700.0,61,2,6,0.6324015362048431,False,124.09080788672063,1.551149308930544,False,False
1239.79,9859,t9859,300,1000.0,61,3,1,0.6586283569099436,False,318.06161233997716,3.065099964852184,False,False
1239.95,9862,t9862,170,100.0,98,1,7,0.6526995039999758,True,19.314056892186994,1.740729768388927,True,False
1240.04,9863,t9863,300,1200.0,59,3,2,0.6628227477068195,False,369.4813283644065,2.8905335065065354,False,False
1240.11,9864,t9864,80,50.0,83,4,6,0.656801262471285,True,4.386656217077152,0.7204123482676196,True,False
1240.8,9869,t9869,120,75.0,98,6,2,0.629488819285299,True,7.499214167274401,1.1096374321135065,True,False
1240.95,9870,t9870,270,200.0,60,4,1,0.6766375173156468,False,48.35101240790406,2.969349961334555,True,False
1241.45,9875,t9875,170,100.0,50,6,4,0.658182130153745,True,16.304718087900223,1.7873990054850182,True,False
1242.82,9886,t9886,80,50.0,75,5,2,0.6442169321051371,True,4.593390804942224,0.8797714719679921,True,False
1242.93,9887,t9887,220,150.0,71,1,7,0.655076180586643,True,26.411450261857485,2.035410811046674,True,False
1243.09,9889,t9889,220,150.0,46,3,2,0.6589744745708649,True,28.747364211468263,2.343561920288905,True,False
1243.4,9892,t9892,170,700.0,77,7,5,0.6614832669528596,False,116.30356752265756,1.5523880121482578,False,False
1243.52,9895,t9895,170,100.0,83,5,1,0.6433937271370803,True,15.79565217767416,1.607449550326902,True,False
1244.38,9902,t9902,80,50.0,96,5,6,0.6611497306997839,True,4.120790943249177,0.7402720567585604,True,False
1245.27,9912,t9912,270,200.0,40,5,1,0.6459565192610054,False,60.2383184101543,2.9008557102584502,False,False
1246.18,9919,t9919,170,700.0,65,7,2,0.6491671410288474,False,113.75390920759685,1.7687681718630857,False,False
1246.67,9922,t9922,270,200.0,25,0,1,0.6836373859110306,False,54.264854979486486,2.739003855732803,False,False
1246.75,9923,t9923,170,100.0,20,0,1,0.6793728200109919,True,14.048205609693808,1.5597412615410489,True,False
1246.79,9925,t9925,220,150.0,93,2,6,0.6290101721474128,True,31.517118781271364,2.096591600408231,True,False
1246.94,9926,t9926,270,900.0,40,2,6,0.6318606353711312,False,285.6352719595497,2.4312383017560935,False,False
1247.08,9929,t9929,170,100.0,30,3,6,0.673367763115038,True,16.922722358454635,1.8662409429401932,True,False
1247.2,9931,t9931,80,50.0,28,5,6,0.66350891790397,False,3.6940347820292563,0.760044743201513,True,False
1247.81,9934,t9934,270,200.0,72,1,2,0.6421693459988947,True,43.8457262460612,2.6653377105292124,True,False
1247.9,9935,t9935,170,700.0,89,7,2,0.6454404648749371,False,118.31940090200872,1.7472835999916427,False,False
1248.54,9939,t9939,300,250.0,86,2,6,0.6284800893303754,False,81.28373827982857,3.019591552599002,True,False
1248.64,9942,t9942,170,500.0,90,7,6,0.6521350653601036,True,72.78965486831038,1.6617472691393702,True,False
1249.33,9946,t9946,270,200.0,33,3,2,0.6613771668976295,False,63.115661432337525,2.695675666185375,False,False
1250.25,9958,t9958,220,900.0,55,2,5,0.6389757893881368,False,198.13104453992116,2.2599705384482704,False,False
1250.75,9960,t9960,170,100.0,47,5,2,0.6469147752812161,True,19.34024674093758,1.6673537028993892,True,False
1250.95,9962,t9962,170,700.0,66,5,6,0.6596469213640724,False,107.70694304556304,1.5551621243927676,False,False
1251.5,9966,t9966,170,700.0,22,7,6,0.6546745458710833,False,108.60174235242984,1.852261061046358,False,False
1251.89,9970,t9970,120,75.0,35,3,6,0.675482589670919,True,7.996703303739666,1.1659014839222546,True,False
1252.7,9975,t9975,80,50.0,55,2,5,0.6356044554185559,True,4.527497377700325,0.7254520025743005,True,False
1252.74,9976,t9976,300,250.0,75,3,1,0.6548639715899265,False,83.32675323882931,2.7157303412760556,False,False
1252.83,9977,t9977,80,50.0,25,4,6,0.6592474190400411,True,4.673088221641388,0.7794081188365857,True,False
1253.35,9981,t9981,220,700.0,85,2,4,0.6258618780479632,False,132.11124455226758,2.027516835840024,False,False
1253.93,9982,t9982,220,150.0,24,7,6,0.6509892367718435,False,38.268248393005116,2.3470192870325515,False,False
1254.12,9985,t9985,270,900.0,25,0,2,0.6731254755448562,False,257.7346580179723,2.8710488469675073,False,False
1254.55,9987,t9987,80,50.0,65,4,6,0.6616446524774221,True,4.400149880713787,0.8345299616684084,True,False
1254.78,9989,t9989,170,100.0,44,0,1,0.6813675454289538,True,16.962258909694604,1.794599190965307,True,False
1255.23,9994,t9994,300,1000.0,37,7,6,0.6473776338545884,False,274.7402319607891,2.84769185506987,False,False
1255.66,9997,t9997,270,200.0,50,4,5,0.6622424683622978,True,45.06576054607168,2.5317784025593313,True,False
1256.51,10007,t10007,220,900.0,34,5,6,0.6558621647549727,False,198.26628217661576,2.1577914467137362,False,False
1256.6,10011,t10011,300,1000.0,29,3,2,0.6575578053778587,False,255.4635713709865,3.025789237580616,False,False
1256.85,10013,t10013,80,50.0,91,3,6,0.6775551196956825,True,3.764371420736047,0.7980032370920274,True,False
1257.28,10019,t10019,300,250.0,58,6,2,0.6323297095662597,False,88.6979893182375,2.933136590899764,False,False
1258.55,10026,t10026,170,700.0,56,6,1,0.6298594158168862,False,122.63181130619196,1.5864095049582898,False,False
1258.95,10029,t10029,80,50.0,90,0,4,0.6230845111443714,True,3.4900876965958285,0.8543294542899658,True,False
1259.27,10035,t10035,300,250.0,31,0,4,0.6260534875881506,False,87.82129073404131,3.172919891472068,False,False
1260.07,10037,t10037,120,75.0,64,7,6,0.6438382629956785,True,9.998313317676727,1.3019058532904084,True,False
1260.55,10043,t10043,220,150.0,83,5,4,0.6432849433452131,True,28.06217848228246,2.0734511368994775,True,False
1260.63,10045,t10045,270,200.0,81,5,2,0.6495586615937736,True,54.21602994332984,2.7849640041653037,True,False
1260.7,10048,t10048,80,50.0,85,5,6,0.6521531032780551,True,3.8109447661274665,0.7836872653326754,True,False
1260.74,10049,t10049,170,100.0,68,2,5,0.6384745481283666,True,20.064019889193347,1.6619385367841102,True,False
1261.45,10054,t10054,170,700.0,23,3,6,0.6795861991199507,False,114.82767037832991,1.625125045691284,False,False
1262.03,10059,t10059,220,150.0,33,4,5,0.6645798008132336,False,39.30031989599426,2.2104354617151674,False,False
1263.68,10069,t10069,270,200.0,83,0,1,0.6833223763385566,True,64.64044106728029,2.43800389387797,True,False
1264.57,10072,t10072,220,700.0,80,2,5,0.6412872389839811,False,172.30774087723114,2.2152179823970846,False,False
1265.1,10076,t10076,80,50.0,59,4,5,0.6606963866151508,True,3.7112196299386775,0.8654977341926074,True,False
1265.93,10084,t10084,220,150.0,20,3,6,0.6754026569557334,False,37.34301683334444,2.4144573174035515,False,False
1267.11,10091,t10091,170,100.0,62,6,4,0.6606006693688519,True,13.715141239901415,1.761260421201628,True,False
1270.18,10110,t10110,220,150.0,75,0,2,0.669071147852141,True,34.458524051032335,2.0733770300878236,True,False
1270.24,10113,t10113,170,100.0,76,5,4,0.6460014262964907,False,17.828771562039048,1.7559136551404944,True,False
1270.89,10119,t10119,80,50.0,20,5,4,0.6424895795887426,True,4.176044670490757,0.7279964719895451,True,False
1271.05,10120,t10120,80,50.0,65,3,1,0.6511748739763098,True,4.21240127779067,0.8474201191075821,True,False
1271.63,10126,t10126,300,1200.0,75,1,2,0.6449081408970987,False,422.68862087790336,2.809498577671074,False,False
1271.82,10127,t10127,300,1000.0,78,1,7,0.6574053236415768,False,297.1322044253741,3.2013279431879593,False,False
1272.22,10130,t10130,170,100.0,35,2,5,0.6378696760224832,True,13.925651656423195,1.5436499613416084,True,False
1272.46,10132,t10132,120,75.0,20,0,4,0.6227890845030543,True,8.95269668549356,1.1832237666534808,True,False
1272.48,10133,t10133,80,50.0,41,0,4,0.6257639694796598,True,3.938122068687905,0.8732540895690678,True,False
1272.7,10134,t10134,80,50.0,78,5,2,0.65214967018008,True,4.460901959149507,0.8693775034038798,True,False
1273.01,10137,t10137,220,150.0,24,2,5,0.6406944643202154,False,26.880849590801233,2.1972998754505295,False,False
1273.03,10138,t10138,80,50.0,54,6,5,0.6267715661557819,True,3.646735261492162,0.8163395485119805,True,False
1273.35,10140,t10140,120,75.0,82,3,1,0.6537335583149654,True,7.802744992626851,1.1196777496317285,True,False
1275.68,10156,t10156,220,150.0,67,4,5,0.6630646407010297,True,31.484936516160268,2.1712164545476447,True,False
1276.26,10159,t10159,170,100.0,98,7,5,0.6576617834319843,True,14.880135098014623,1.655117669563216,True,False
1277.67,10166,t10166,170,500.0,59,4,1,0.6725129487875158,False,98.80946311642346,1.6976619616020365,False,False
1277.85,10168,t10168,120,75.0,27,7,5,0.6600907295815264,True,8.186439001003523,1.265331447174676,True,False
1280.14,10182,t10182,120,75.0,53,1,2,0.6414181598973385,True,8.138698858958465,1.3114640330527894,True,False
1280.52,10184,t10184,80,50.0,34,1,7,0.6535138838354119,True,4.772960992909391,0.8613751206259508,True,False
1280.65,10186,t10186,270,200.0,57,2,4,0.6227528223051858,True,52.58212327978465,2.545719861591362,True,False
1281.3,10191,t10191,270,200.0,57,5,4,0.6452219698151497,False,62.290191057730084,2.602722709465848,False,False
1281.43,10193,t10193,270,1000.0,36,1,5,0.6439270843287922,False,309.75596805657244,2.4961024149803563,False,False
1282.31,10201,t10201,270,900.0,89,2,5,0.6372887568519928,False,202.73105444090245,2.9622216575317144,False,False
1282.79,10205,t10205,80,50.0,64,5,6,0.6546922230306759,True,3.365579927509774,0.7349160473837341,True,False
1283.0,10206,t10206,300,250.0,27,3,6,0.6713027856348005,False,62.64590275685978,3.178457498256522,False,False
1283.27,10208,t10208,170,500.0,41,3,1,0.656241068966848,False,81.95221823145997,1.6315818994006726,False,False
1283.42,10210,t10210,80,50.0,35,3,1,0.6525244294056928,True,4.551782083156832,0.8361735192553597,True,False
1283.54,10212,t10212,120,75.0,99,4,1,0.6684708716299473,True,9.859216491731784,1.1710558701377989,True,False
1283.99,10215,t10215,270,200.0,93,6,4,0.6629708377996567,True,56.93841599462446,2.8573822955521115,True,False
1284.12,10217,t10217,170,500.0,72,1,5,0.6403052093088831,False,74.87403749806798,1.7748833534743262,False,False
1284.92,10221,t10221,220,150.0,88,7,5,0.6624710968080777,False,33.276167756108904,1.9894875556348601,True,False
1285.88,10227,t10227,270,1000.0,84,4,5,0.6653855297051908,False,293.21911325388385,2.920136618529224,False,False
1286.02,10228,t10228,220,900.0,84,3,1,0.6550561226357609,False,223.91502594898722,2.1435741652834035,False,False
1288.03,10241,t10241,120,75.0,48,1,2,0.6441719785175736,True,9.623703491942047,1.2940373426389322,True,False
1288.51,10246,t10246,170,100.0,64,0,2,0.6712719067132799,True,15.71469626616971,1.836327114030527,True,False
1289.18,10250,t10250,300,250.0,95,5,7,0.6424114419330093,True,88.64559361823939,2.7183907006018617,True,False
1290.72,10262,t10262,270,200.0,55,5,6,0.6571805603882441,False,51.4335338104553,2.9010704942567282,True,False
1291.3,10265,t10265,170,100.0,44,6,2,0.6289397820416012,True,17.11796425836463,1.8219254543053962,True,False
1293.28,10277,t10277,170,100.0,41,7,6,0.6465436795539466,True,16.948113007664904,1.6937085788479764,True,False
1294.49,10282,t10282,170,100.0,92,4,6,0.6639939412460555,True,20.022049299301127,1.6135613920817837,True,False
1294.93,10285,t10285,300,250.0,21,7,5,0.658629856690098,False,60.300813106968825,3.1522863531822862,False,False
1295.55,10289,t10289,170,500.0,99,1,2,0.646870720765404,True,86.8392806415801,1.5617733898657582,True,False
1295.87,10294,t10294,220,150.0,20,6,4,0.6652936028618454,False,37.694192125013615,2.041265228956899,False,False
1297.28,10301,t10301,220,150.0,58,4,6,0.6662962442393162,True,27.537680514469567,2.1503653503973483,True,False
1297.29,10302,t10302,270,200.0,93,4,1,0.67068363601553,True,50.921352982182285,2.617327810100829,True,False
1297.68,10305,t10305,220,700.0,68,1,5,0.636755771789372,False,176.82162027912378,2.0758092698568062,False,False
1298.37,10309,t10309,300,1200.0,91,5,2,0.6546888585946602,False,328.95830171530696,2.730175749656999,False,False
1299.8,10317,t10317,120,75.0,85,4,5,0.6614860009292689,True,9.400001433115769,1.187757820569223,True,False
1300.23,10322,t10322,80,50.0,59,1,2,0.6495154881682776,True,3.7679195567251065,0.7539025842441438,True,False
1300.54,10325,t10325,80,50.0,60,7,6,0.6491949877810496,True,4.046272642708375,0.8184997226710939,True,False
1300.7,10327,t10327,220,700.0,42,0,1,0.6852381106299673,False,146.23757064319116,2.405698394183248,False,False
1300.85,10328,t10328,300,250.0,25,5,2,0.6510032632409488,False,65.89482646947748,2.9028607322419937,False,False
1300.92,10329,t10329,120,75.0,90,7,6,0.6517932698436105,True,8.893632046948076,1.249155181034183,True,False
1301.67,10333,t10333,300,250.0,76,0,1,0.6809415302355498,False,83.52416185600978,3.122220691503239,False,False
1301.92,10336,t10336,170,500.0,76,7,1,0.6431651498042864,False,84.11525499460062,1.8459353347222474,False,False
1303.66,10346,t10346,270,1000.0,61,3,1,0.6513631820012274,False,242.33072413107053,2.519650388338345,False,False
1303.76,10347,t10347,220,150.0,94,2,4,0.625879947677264,True,38.66422898407113,2.2477878710403902,True,False
1304.5,10351,t10351,270,200.0,78,1,2,0.6521073602230939,True,60.47464630792369,2.843850911598056,True,False
1304.55,10352,t10352,80,50.0,73,6,4,0.6613959126227903,True,4.70620012534742,0.7564892771924722,True,False
1305.32,10359,t10359,270,200.0,36,1,2,0.6546473948368139,False,61.45060674211601,2.772002552337384,False,False
1306.28,10363,t10363,300,1000.0,81,7,2,0.6417883222441051,False,251.28887514045215,2.817366990390343,False,False
1306.32,10366,t10366,270,200.0,79,5,6,0.653445130998661,True,46.10724668389969,2.782650216262757,True,False
1306.81,10369,t10369,270,900.0,64,3,7,0.6501509672816573,False,247.46896067069093,2.548695285326437,False,False
1307.07,10371,t10371,220,150.0,93,5,2,0.6473913797943117,False,37.10392064927992,2.0498723056190045,True,False
1307.39,10375,t10375,120,75.0,94,5,2,0.6438517340166072,True,8.162849043688665,1.2149306155874853,True,False
1308.33,10381,t10381,120,75.0,46,4,6,0.6685525011727117,True,7.743808249858186,1.2176098615884197,True,False
1309.17,10387,t10387,170,500.0,31,1,7,0.6558742728253703,False,88.58703282848954,1.7957152445662694,False,False
1309.38,10389,t10389,220,900.0,73,7,6,0.6543395862649201,False,175.16265272647294,2.3993682361245536,False,False
1310.06,10393,t10393,220,150.0,70,6,4,0.6637501761885163,True,34.24236822015504,2.1762251658893823,True,False
1311.07,10402,t10402,220,900.0,39,3,2,0.6538148310884834,False,202.16604731097743,2.197116286167941,False,False
1311.54,10408,t10408,170,100.0,85,2,4,0.6289445305419005,True,13.89554121601718,1.8522626010875998,True,False
1312.48,10418,t10418,120,75.0,69,5,7,0.6451453949125309,False,10.202605387336403,1.3163768348828055,True,False
1313.15,10421,t10421,220,150.0,34,3,4,0.6495375021826627,False,34.619968370608625,2.044627283723121,False,False
1313.24,10422,t10422,170,700.0,96,1,2,0.6509626287582594,False,105.13483835764887,1.6418014388628435,False,False
1313.3,10423,t10423,120,75.0,70,0,2,0.6734286503971961,True,10.110075282941061,1.2756878444716484,True,False
1313.37,10424,t10424,270,200.0,36,1,7,0.6520134540355296,False,50.21548345994799,2.7478188666579677,False,False
1314.11,10428,t10428,220,150.0,59,0,4,0.6286793567567334,True,38.421497430392584,2.2782063377057247,True,False
1314.13,10429,t10429,270,1000.0,87,2,5,0.6339511635331349,False,265.3660033563976,2.4589518686521417,False,False
1314.58,10431,t10431,170,100.0,90,7,6,0.6506609763578034,True,18.938206838027007,1.6115068101378924,True,False
1314.59,10432,t10432,170,700.0,36,3,6,0.6672849117402864,False,111.64907020085508,1.611202825722844,False,False
1314.95,10436,t10436,300,1000.0,54,1,4,0.633684765278116,False,244.33134582262187,2.7371286793790723,False,False
1315.52,10440,t10440,170,100.0,80,7,1,0.6395585134748673,True,16.724487297765016,1.6581476623974925,True,False
1316.02,10443,t10443,170,700.0,48,1,5,0.6332773230202513,False,95.27635663416302,1.6179602579581538,False,False
1316.41,10448,t10448,270,200.0,77,3,6,0.6633473953236625,True,44.00386218855784,2.714411834057525,True,False
1317.14,10456,t10456,220,150.0,66,4,1,0.6728521451134014,True,27.147859285461703,2.347096034261735,True,False
1317.78,10460,t10460,300,250.0,50,6,2,0.6317916530674358,False,85.30149990938466,2.7975986440663503,False,False
1317.89,10461,t10461,120,75.0,84,1,2,0.647351558001276,True,9.286565589891147,1.2318879173836992,True,False
1318.14,10462,t10462,170,700.0,57,6,4,0.6660573544829277,False,128.1330093044388,1.8469947322659435,False,False
1318.29,10463,t10463,220,150.0,36,2,5,0.6306803220806539,False,37.112498912328256,2.2795856378136965,False,False
1319.32,10470,t10470,220,150.0,40,2,5,0.6274748974572227,True,27.744853149346724,2.309644292357314,True,False
1319.8,10476,t10476,270,900.0,40,3,1,0.6477441001793847,False,236.72064119248233,2.6222108667542083,False,False
1321.97,10489,t10489,300,250.0,25,5,6,0.6559584101968696,False,70.29791084712573,3.146747737901267,False,False
1322.37,10493,t10493,220,900.0,37,5,6,0.6522474238111141,False,234.01410162939777,2.373848951186162,False,False
1323.27,10498,t10498,300,1000.0,45,3,6,0.665662629235371,False,279.9375260771092,3.058489510346665,False,False
1323.42,10499,t10499,270,1000.0,77,0,1,0.6767308814490206,False,243.41716804171287,2.7954682479946396,False,False
1323.43,10500,t10500,220,150.0,42,3,6,0.6617575584688454,True,38.434972172082965,2.339177973951313,True,False
1323.52,10502,t10502,170,100.0,42,5,6,0.6486106571530736,True,19.236994216840323,1.719154398934865,True,False
1324.79,10507,t10507,300,1200.0,37,3,7,0.6464046146026908,False,299.02413987444544,2.871478113110491,False,False
1324.82,10508,t10508,220,700.0,54,1,2,0.6499867086594323,False,176.26379797389257,2.148239909003762,False,False
1325.1,10510,t10510,170,100.0,62,0,2,0.675542259207434,True,16.553679693723257,1.703511926194359,True,False
1325.35,10511,t10511,270,1000.0,59,4,1,0.6749772840293151,False,306.85920353074704,2.694442015307636,False,False
1325.53,10513,t10513,270,200.0,49,7,1,0.6421980098720367,False,64.68623376827894,2.725488654140796,False,False
1325.8,10515,t10515,300,1200.0,59,7,6,0.6532299386488293,False,423.8404205580115,3.2633666967007873,False,False
1326.57,10520,t10520,300,250.0,88,2,5,0.6305075813262601,True,72.41239135399927,2.9073659758616213,True,False
1326.99,10525,t10525,300,250.0,79,7,6,0.6495735216940345,False,81.262592133435,3.1015293395385077,False,False
1327.51,10529,t10529,300,1000.0,40,5,1,0.642294055542452,False,293.4847772610117,2.9403153110319264,False,False
1328.17,10533,t10533,170,100.0,29,0,1,0.672604445638222,True,15.338580002159201,1.5580101896310918,True,False
1328.44,10537,t10537,300,1200.0,72,5,6,0.651220625828194,False,361.80863396353607,3.085467641458429,False,False
1328.79,10543,t10543,170,100.0,63,3,2,0.6501467162848955,True,16.164623614629914,1.7067350445988296,True,False
1329.16,10545,t10545,270,900.0,54,7,1,0.6386107163412625,False,244.30020542706788,2.8103413243712243,False,False
1329.57,10548,t10548,170,700.0,42,2,6,0.6251671542104345,False,124.9031998447658,1.7926619004485467,False,False
1329.64,10551,t10551,120,75.0,55,0,1,0.6747345385436393,True,7.865717759486194,1.2701678086693207,True,False
1330.42,10557,t10557,80,50.0,56,0,4,0.6315364362882653,True,3.790158418871668,0.7584015228582067,True,False
1330.7,10560,t10560,170,100.0,43,2,6,0.6219204777928925,True,16.386723193724038,1.851049878120423,True,False
1331.0,10564,t10564,120,75.0,96,2,4,0.6319478217492442,True,7.600958040506577,1.27920750856899,True,False
1331.77,10569,t10569,270,1000.0,93,5,2,0.646556881154457,False,248.40896714518684,2.775744713740739,False,False
1332.17,10571,t10571,220,900.0,87,1,7,0.6482298516214856,False,231.28944416794474,2.2949947489336475,False,False
1333.21,10579,t10579,170,100.0,82,6,2,0.6284124866727537,True,18.74156767378425,1.7080785669375904,True,False
1334.56,10590,t10590,300,250.0,85,3,2,0.6527259637773793,True,81.29934974087844,3.0839300983753755,True,False
1334.98,10594,t10594,220,700.0,44,0,4,0.6343363742291667,False,155.64103699963755,2.1038215049908824,False,False
1335.44,10597,t10597,80,50.0,21,0,1,0.6768220295909484,True,3.8122748744360004,0.7702102450348898,True,False
1335.51,10598,t10598,300,250.0,97,6,5,0.6298183166508481,True,78.54744284229149,2.7748160542004645,True,False
1337.37,10607,t10607,300,250.0,26,0,4,0.63090631341125,False,74.733531365354,3.131164895322854,False,False
1337.46,10608,t10608,300,1000.0,37,4,6,0.6707636329674392,False,353.5768682322756,3.1028971344130927,False,False
1337.52,10609,t10609,300,250.0,39,4,1,0.6708859201669106,False,68.3109232323227,3.0209153857831312,False,False
1337.67,10610,t10610,170,500.0,56,4,6,0.6667565421262723,False,88.86328475202907,1.7561889616354975,False,False
1338.26,10611,t10611,270,900.0,59,3,6,0.6641045891176504,False,272.51062260677395,2.5693188648631815,False,False
1339.09,10620,t10620,270,200.0,83,1,6,0.6322331334351807,True,46.708992100267274,2.739453851552074,True,False
1339.47,10624,t10624,270,900.0,51,3,6,0.6602306791534792,False,237.18135292612533,2.965730612088928,False,False
1339.99,10628,t10628,220,900.0,81,2,4,0.6348910471324413,False,219.9592660901586,2.2294950941806926,False,False
1340.35,10633,t10633,270,200.0,24,4,6,0.6628295931019287,False,60.80783861783734,2.777816262422662,False,False
1341.29,10638,t10638,120,75.0,55,2,4,0.6316014080079742,True,9.519224853051485,1.1028656252516507,True,False
1341.97,10645,t10645,170,500.0,75,4,1,0.6668763835817543,False,81.90873950454468,1.7947896904498084,False,False
1342.75,10646,t10646,220,700.0,73,5,6,0.6476043951298119,False,128.79617529445989,2.4101377669198327,False,False
1343.13,10649,t10649,170,100.0,96,3,2,0.6552536263200136,True,15.576963974919858,1.8068925761110317,True,False
1343.71,10656,t10656,270,1000.0,74,0,4,0.6275448538096916,False,219.98128560931352,2.670530018202495,False,False
1344.15,10657,t10657,220,150.0,27,7,6,0.6459902330783356,False,34.35271699673217,2.0756410595826416,False,False
1344.18,10658,t10658,270,200.0,40,6,2,0.6312749036059654,False,54.49327225161485,2.764502855481723,False,False
1345.12,10662,t10662,220,150.0,87,5,4,0.6417257122370285,True,33.31482728533497,2.3540814182895744,True,False
1345.42,10664,t10664,220,150.0,40,3,2,0.6577307356117952,True,38.55030215278206,2.0399745018438473,True,False
1345.52,10665,t10665,220,150.0,26,0,4,0.6242506234001645,False,34.250521421210856,2.0855241384354715,False,False
1346.62,10676,t10676,270,1000.0,59,1,6,0.6350191374331438,False,244.40418786930985,2.4828055798192414,False,False
1347.94,10687,t10687,80,50.0,74,0,2,0.6776135958414672,True,4.421823337090786,0.7505833762017877,True,False
1348.85,10697,t10697,170,100.0,27,0,6,0.622771883387423,True,17.607040002908867,1.8476391675676727,True,False
1349.26,10700,t10700,300,1000.0,80,0,6,0.6257471123863412,False,294.69533513345914,2.973998235576311,False,False
1349.83,10705,t10705,120,75.0,27,7,6,0.6424786102349507,True,8.106759758989819,1.1319909000712725,True,False
1350.97,10712,t10712,270,200.0,33,3,6,0.6564342473885914,False,54.29292330233434,2.5697004911709804,False,False
1351.46,10714,t10714,220,150.0,55,7,2,0.6382092224658896,True,35.645579453716955,2.3951116171588103,True,False
1351.47,10715,t10715,220,700.0,50,6,2,0.6279060722005126,False,144.830544861723,2.1535966386827647,False,False
1352.05,10718,t10718,80,50.0,97,3,6,0.6527137442590013,True,3.7478564707478856,0.866057549336106,True,False
1352.74,10726,t10726,120,75.0,99,7,2,0.6408757046832384,True,8.670475396282358,1.1176003140464457,True,False
1352.85,10727,t10727,220,150.0,98,1,6,0.6315754213511476,True,27.10136512132765,2.2201786845056977,True,False
1353.54,10733,t10733,120,75.0,81,6,1,0.6265188941672152,False,7.760411580500989,1.135278669844611,True,False
1353.6,10734,t10734,300,1000.0,88,0,2,0.6796435057428197,False,243.4301648178577,3.0111706592161838,False,False
1353.93,10735,t10735,300,250.0,47,3,4,0.6459549339571912,False,82.0918510416805,2.9275434340388626,False,False
1355.56,10746,t10746,300,250.0,63,6,7,0.6257479700312812,False,74.95694799517265,2.832992342001564,False,False
1355.65,10747,t10747,120,75.0,88,4,6,0.658981183058072,True,7.675778138999933,1.307049376744833,True,False
1357.14,10760,t10760,170,100.0,40,2,6,0.6249127349037013,False,18.34651370465537,1.6406259456619203,True,False
1357.79,10768,t10768,120,75.0,93,0,6,0.622488836805281,True,7.597120213549475,1.0965465275488397,True,False
1358.0,10769,t10769,220,150.0,49,1,7,0.6445219212557226,True,33.1366267006241,2.4055976724935153,True,False
1358.12,10772,t10772,300,250.0,99,2,5,0.6334796115179168,True,89.02259045010875,3.208996880053469,True,False
1358.37,10777,t10777,220,900.0,60,0,1,0.6788677708173113,False,234.6184273413614,2.0938275688804358,False,False
1358.7,10782,t10782,170,100.0,70,0,2,0.675458817446145,True,15.986552777227782,1.844966048966574,True,False
1358.92,10784,t10784,170,100.0,88,5,2,0.6430339253495495,True,17.286285005452147,1.5766172861518448,True,False
1359.09,10786,t10786,270,200.0,98,6,2,0.6246046174231691,True,53.07722982090085,2.752047135807404,True,False
1359.81,10791,t10791,220,150.0,71,3,1,0.6441973999939788,False,39.42336710350337,2.3015848898048423,True,False
1359.86,10792,t10792,300,250.0,66,6,2,0.6275431917413724,False,69.58932072347525,2.8236129487172525,False,False
1361.56,10807,t10807,300,1200.0,73,4,5,0.6638384627288653,False,313.2218271881364,3.192166462388508,False,False
1362.01,10809,t10809,300,250.0,95,2,5,0.6363922011057402,True,61.838891571174294,3.202725135556115,True,False
1362.07,10812,t10812,170,500.0,30,1,7,0.6470621494972748,False,75.4749724807777,1.6319209549640028,False,False
1362.57,10815,t10815,170,500.0,88,1,2,0.6463951563044255,True,73.92929367461436,1.5421489682009415,True,False
1362.97,10819,t10819,80,50.0,95,2,5,0.6392465389018073,True,4.219439783871115,0.7684498889254602,True,False
1363.1,10820,t10820,170,100.0,74,2,6,0.6216711468722939,True,14.30007355060523,1.5372387623909214,True,False
1363.48,10823,t10823,80,50.0,23,0,1,0.6746985972191468,True,3.3608981673588123,0.846337847108781,True,False
1364.3,10827,t10827,80,50.0,90,2,5,0.6420437899419529,True,3.733032297751263,0.7746939236086764,True,False
1364.39,10830,t10830,220,150.0,37,2,6,0.6246683906015147,True,29.114067709730392,1.9877476840280992,True,False
1365.32,10836,t10836,300,250.0,36,0,2,0.677531822915404,False,89.63022834175635,3.0360546964154054,False,False
1366.5,10841,t10841,120,75.0,51,4,5,0.6599698752924699,True,9.463746997768066,1.1313531471064247,True,False
1367.63,10854,t10854,120,75.0,60,5,6,0.6440604890453975,False,9.48141724134231,1.3099106274503334,True,False
1368.1,10856,t10856,270,900.0,32,2,5,0.6447850959612956,False,289.2141172632828,2.748473481578203,False,False
1368.2,10859,t10859,170,100.0,43,5,2,0.6457554286607404,True,19.682747510736345,1.7657854590559627,True,False
1370.16,10872,t10872,170,100.0,21,6,5,0.6328041321360129,True,15.772885424415922,1.536054732107163,True,False
1370.67,10876,t10876,120,75.0,75,6,2,0.6242489945732116,True,7.765641073607532,1.1473668934103143,True,False
1370.71,10877,t10877,80,50.0,34,1,7,0.643377573173996,True,3.4283838691415536,0.8042796408298143,True,False
1370.92,10881,t10881,80,50.0,67,4,6,0.6613837412150924,True,4.737893997670909,0.7802353491480346,True,False
1371.11,10882,t10882,270,200.0,91,0,1,0.6767868070929458,False,52.16236612482919,2.6776136197943052,True,False
1371.12,10883,t10883,270,200.0,44,3,2,0.660158302717741,False,60.415695645556745,2.8263975372696466,False,False
1371.43,10887,t10887,220,150.0,82,3,7,0.6427331889773037,True,33.810555059619794,2.107370926666393,True,False
1371.45,10888,t10888,80,50.0,92,0,1,0.6726592527692686,True,3.578684514848645,0.74846369932198,True,False
1371.9,10895,t10895,220,150.0,61,3,7,0.6453091918644244,True,33.95332389216194,2.142985272251813,True,False
1372.35,10898,t10898,80,50.0,86,6,2,0.627194681348414,True,3.9047666102828886,0.8162573392198358,True,False
1372.62,10899,t10899,300,1200.0,81,4,6,0.6637382482089723,False,359.49225750018246,2.7821406548882535,False,False
1373.15,10902,t10902,170,100.0,97,5,2,0.6484225019057074,False,15.646105854874998,1.7893683043423596,True,False
1373.57,10908,t10908,120,75.0,81,3,7,0.6478336746938026,True,8.730202114433627,1.1882509034308928,True,False
1373.94,10911,t10911,220,700.0,43,0,6,0.6254697267358421,False,170.71432587818907,2.0397263331006323,False,False
1374.36,10915,t10915,170,100.0,96,5,2,0.6448622336857751,True,13.79890732428526,1.5655053952787765,True,False
1375.71,10924,t10924,120,75.0,71,6,5,0.6357302313114745,True,9.061111826556871,1.2767027866767144,True,False
1375.73,10925,t10925,300,1200.0,68,6,5,0.6385978085034268,False,289.92246367010966,2.7193640529543046,False,False
1377.38,10933,t10933,300,250.0,76,1,2,0.6490494349965188,True,71.84812628057519,2.839879137577091,True,False
1377.77,10935,t10935,170,500.0,56,7,5,0.6548654413744778,False,87.94023355715399,1.6985967220989697,False,False
1379.53,10943,t10943,80,50.0,65,0,6,0.6222169988677919,True,4.574867096086484,0.8324212894689865,True,False
1380.52,10951,t10951,80,50.0,21,5,2,0.6475471708302415,True,4.241499225740879,0.8679652542015974,True,False
1381.67,10957,t10957,270,200.0,73,3,7,0.6503076678665932,True,61.568218165572716,2.5342881762599516,True,False
1386.25,10980,t10980,170,100.0,23,5,7,0.641650668832462,True,13.73260853751433,1.7299438753494287,True,False
1386.32,10981,t10981,170,100.0,26,5,2,0.6501784092318185,True,13.808889167003151,1.7423589418933025,True,False
1386.67,10984,t10984,220,150.0,28,4,1,0.662947037728301,False,37.075558539679584,2.0117748556466037,False,False
1387.78,10991,t10991,300,250.0,72,0,6,0.6252033255571027,True,63.458568655639034,3.059032398667064,True,False
1389.49,11000,t11000,270,200.0,97,0,1,0.6747882495320651,True,48.07107995366493,2.6656296911526876,True,False
1390.13,11006,t11006,270,900.0,30,6,2,0.6300814543881125,False,282.59159982026193,2.959045030822346,False,False
1390.72,11010,t11010,270,200.0,25,3,2,0.6563633184815681,False,55.92800190256588,2.519232121844057,False,False
1390.97,11012,t11012,120,75.0,87,2,5,0.6412975758602516,True,9.803490262722056,1.1102369476017757,True,False
1391.65,11018,t11018,300,250.0,47,3,6,0.6552416511920032,False,83.7867227546077,2.8446467080018434,False,False
1391.71,11019,t11019,270,200.0,71,4,1,0.6590962787919168,True,55.00606747089551,2.6784507065582015,True,False
1392.82,11029,t11029,270,200.0,56,0,6,0.6281299257126273,False,59.95961794542316,2.8448567548272448,False,False
1394.29,11037,t11037,170,700.0,23,5,4,0.6444733798104697,False,139.51975049543833,1.705501656628419,False,False
1394.43,11038,t11038,170,100.0,24,6,5,0.6352340341515401,True,17.318743314288675,1.8168215824646257,True,False
1395.21,11044,t11044,80,50.0,47,3,6,0.6515449999863449,True,4.574630886299802,0.8687614801826566,True,False
1395.74,11047,t11047,270,200.0,80,3,2,0.6526442339301185,True,46.04607040168568,2.8851689238743203,True,False
1396.12,11050,t11050,270,200.0,29,7,6,0.6452112198484335,False,46.63127367654948,2.9123195457394973,False,False
1396.13,11051,t11051,220,150.0,30,5,7,0.6443998372739946,False,32.48267400273997,2.082143442988546,False,False
1396.88,11055,t11055,80,50.0,78,0,2,0.6733893682752777,True,4.116985132393204,0.7829984141833686,True,False
1397.08,11057,t11057,220,900.0,80,2,6,0.6276056894561511,False,189.09386997788494,2.226971896053749,False,False
1397.09,11058,t11058,220,150.0,33,3,2,0.655173531069698,False,33.90677205396809,2.0913391007162208,False,False
1397.22,11060,t11060,220,150.0,45,4,5,0.6623526596048023,True,28.168701176444813,2.2506683139194807,True,False
1397.41,11063,t11063,300,250.0,33,7,2,0.6434888572562404,False,77.77105655028652,2.990190944857436,False,False
1398.12,11071,t11071,220,150.0,65,3,6,0.6540962818047998,True,31.29257210743939,2.148229355930375,True,False
1398.15,11072,t11072,300,250.0,91,6,5,0.6381115352866912,True,83.11387637104623,2.8455395188741104,True,False
1398.6,11075,t11075,170,100.0,57,1,7,0.6459406883771828,True,16.174588525049423,1.5883047654147266,True,False
1401.63,11092,t11092,170,100.0,84,6,5,0.6409314863991391,True,19.161679728954972,1.7374420536020099,True,False
1402.18,11097,t11097,120,75.0,60,2,5,0.6440538061612283,True,10.702501513567737,1.1420332225409187,True,False
1402.32,11098,t11098,170,100.0,88,3,7,0.652732181175928,True,14.88838024552102,1.8485441993358802,True,False
1402.54,11099,t11099,220,150.0,28,1,6,0.6343745795907912,False,30.95506926789138,2.3708488069333735,False,False
1403.18,11102,t11102,170,500.0,27,6,4,0.662144389211451,False,80.94953084011873,1.559487924363749,False,False
1403.33,11103,t11103,220,150.0,52,4,1,0.6614965350342602,True,27.313353489309268,2.1708478988865973,True,False
1403.49,11106,t11106,120,75.0,33,6,4,0.6583096832454038,True,7.456510893640887,1.1832313488416812,True,False
1403.57,11107,t11107,220,700.0,84,2,6,0.6243102423336947,False,161.07774473393906,2.1458048256167843,False,False
1404.34,11117,t11117,300,250.0,24,0,6,0.6248239938650414,False,81.11960513971694,2.7927181965850374,False,False
1404.43,11118,t11118,80,50.0,99,2,5,0.6467549118561856,True,4.1238296443298434,0.8574325738657205,True,False
1404.63,11121,t11121,120,75.0,91,2,4,0.6345515616659966,True,10.243202602020975,1.1779651657155918,True,False
1405.01,11127,t11127,80,50.0,36,5,7,0.6409200223466965,True,3.917280870428446,0.851643158576237,True,False
1405.36,11132,t11132,80,50.0,21,3,7,0.655108204219076,True,3.6260305086629483,0.7573271112091333,True,False
1405.96,11136,t11136,300,1000.0,24,0,2,0.675503762727954,False,299.1493744716086,3.0418747793120335,False,False
1406.96,11142,t11142,270,900.0,44,5,2,0.6527570228653639,False,256.65409420431536,2.857885034649733,False,False
1407.11,11144,t11144,80,50.0,66,1,7,0.6484525412763058,True,3.2871907246533194,0.7312443555917072,True,False
1407.27,11147,t11147,80,50.0,43,6,5,0.6436950384893382,True,4.155194453270939,0.7989547756073394,True,False
1407.36,11150,t11150,270,900.0,63,4,1,0.6638487861517569,False,199.61132648753215,2.8617526489595955,False,False
1409.56,11165,t11165,300,250.0,78,4,6,0.6598716650629747,True,61.659199134319515,3.1750967701193,True,False
1413.31,11192,t11192,300,1200.0,97,6,4,0.6607256713986777,False,423.3702947015169,2.9337781854773444,False,False
1413.32,11193,t11193,300,1000.0,58,7,5,0.65117631436517,False,326.9730100097088,3.141807924439926,False,False
1413.86,11198,t11198,270,200.0,25,0,2,0.6714018692915767,False,61.50346626010765,2.9646522375124396,False,False
1414.7,11201,t11201,270,200.0,31,1,7,0.6509141571174463,False,51.955945256213994,2.830947183147927,False,False
1415.17,11208,t11208,170,100.0,45,6,2,0.6267364919670169,True,14.865755622773547,1.7294500097709866,True,False
1415.94,11212,t11212,80,50.0,37,7,6,0.6417151772696467,True,3.5422580226048486,0.7428467184019223,True,False
1416.1,11213,t11213,170,100.0,24,6,2,0.6296324287943432,True,16.122352506752666,1.8528988288157933,True,False
1416.34,11214,t11214,80,50.0,55,1,6,0.6309437546656421,True,3.328728400337013,0.729296015914004,True,False
1417.23,11218,t11218,270,1000.0,95,6,4,0.6569193397888858,False,263.34217652019026,2.454113706983465,False,False
1417.63,11225,t11225,80,50.0,94,4,1,0.6599799922469035,True,4.429211327599891,0.7524522415210836,True,False
1418.03,11226,t11226,220,150.0,78,5,2,0.6491100642262384,True,28.030701586774555,2.0304321475308122,True,False
1418.42,11229,t11229,270,200.0,41,7,6,0.6444630555424355,False,56.53754385716698,2.9225666720914214,False,False
1418.76,11231,t11231,270,1000.0,85,4,1,0.6623625742201472,False,276.25822162665884,2.8447923781060087,False,False
1419.71,11243,t11243,300,250.0,99,0,6,0.6215841806544072,True,76.57932686105534,3.2803115907753355,True,False
1420.09,11250,t11250,220,150.0,71,0,2,0.667382013723927,True,31.051848343251073,2.3677210377195617,True,False
1420.17,11251,t11251,80,50.0,40,0,1,0.6768746663596056,True,4.119340048459208,0.7433484176986429,True,False
1420.36,11257,t11257,270,200.0,99,0,2,0.6696165552676303,True,48.551101382498885,2.879845873201099,True,False
1420.96,11259,t11259,120,75.0,83,1,2,0.6516506281147701,True,9.895347622101692,1.1278697887841085,True,False
1422.27,11263,t11263,270,900.0,24,1,6,0.633755546238996,False,211.66321098950422,2.843696691483343,False,False
1422.54,11264,t11264,80,50.0,83,1,4,0.6304192517907354,True,3.492248629255518,0.8359436751908138,True,False
1422.74,11265,t11265,80,50.0,43,7,5,0.6475609698960484,True,3.6330344347199497,0.7633200758652463,True,False
1424.12,11276,t11276,300,250.0,83,4,5,0.664687788230888,True,76.99464803619533,2.994101269814478,True,False
1424.13,11277,t11277,170,100.0,51,7,5,0.6501919323163093,True,18.25929381404449,1.6221819833451858,True,False
1425.46,11290,t11290,300,250.0,90,6,2,0.632470446885123,True,82.26231920768089,2.9446020972027527,True,False
1425.91,11292,t11292,270,200.0,26,1,7,0.6471525406417641,False,46.89797576374231,2.559594111255553,False,False
1428.43,11304,t11304,270,200.0,37,7,5,0.6527702754881649,False,57.98226774115337,2.898716443371224,False,False
1430.32,11316,t11316,300,250.0,52,5,4,0.6409920940324421,False,62.88931129055943,3.143128463028708,False,False
1431.18,11321,t11321,220,150.0,52,6,5,0.6464033195377332,True,27.976973361907937,2.1773029857104382,True,False
1431.43,11323,t11323,300,250.0,85,3,7,0.6574367068013612,True,64.92189080723057,3.248259399630042,True,False
1431.82,11327,t11327,270,900.0,62,2,6,0.6210807041536875,False,223.08019478988177,2.4458862488685664,False,False
1432.74,11335,t11335,220,900.0,43,4,6,0.662256413579897,False,158.5296371286103,2.350228287142274,False,False
1434.88,11352,t11352,270,200.0,54,4,6,0.6584194671264808,True,52.46815001976208,2.7765859708805642,True,False
1436.06,11358,t11358,220,150.0,65,3,7,0.6597186393320006,True,34.26538247698589,2.114983420249588,True,False
1436.24,11361,t11361,220,900.0,42,1,4,0.6333930485731026,False,210.323738702325,1.9939918383929127,False,False
1437.79,11368,t11368,220,150.0,51,0,1,0.6789193548505953,True,27.755149586552303,2.2722755257313803,True,False
1437.79,11369,t11369,170,100.0,92,4,6,0.660833259602133,True,14.392036852048133,1.8258378320972364,True,False
1439.83,11379,t11379,170,100.0,99,2,4,0.6374427122508585,True,17.682887208019647,1.7315982234493006,True,False
1440.91,11385,t11385,220,150.0,44,4,5,0.6669762142844521,True,35.94191643776611,2.2436122906090232,True,False
1441.22,11387,t11387,300,250.0,62,2,5,0.6494019954372438,False,69.43328187985286,2.979325674369479,False,False
1441.43,11388,t11388,120,75.0,87,7,6,0.6409819762497687,True,8.143803453308973,1.246870800790307,True,False
1444.03,11400,t11400,170,700.0,74,7,5,0.6491230517965835,False,104.65256226862503,1.7556422728506582,False,False
1444.51,11406,t11406,300,250.0,79,4,1,0.6585235045539262,False,79.75092057721861,2.711461753556277,False,False
1445.43,11415,t11415,220,700.0,29,0,6,0.6245831637079858,False,123.65599467821477,2.134682563246012,False,False
1447.13,11423,t11423,170,100.0,93,3,7,0.6619549332120273,True,15.712974141197888,1.7894963354611029,True,False
1447.4,11424,t11424,300,1000.0,99,2,5,0.6458221373466807,False,260.6743113870091,2.9681247395165737,False,False
1447.72,11427,t11427,80,50.0,20,3,2,0.6514782422664859,True,3.7931750077246886,0.7341089812813025,True,False
1447.93,11430,t11430,300,1000.0,61,0,6,0.6213481671004927,False,356.8850674595831,2.7508298135641374,False,False
1448.12,11433,t11433,220,700.0,77,1,7,0.6434661564955955,False,156.43922596658345,2.030823106029596,False,False
1449.55,11441,t11441,120,75.0,47,6,5,0.6490574349651603,True,7.20035670660494,1.2167388829477057,True,False
1449.85,11443,t11443,270,200.0,62,3,7,0.6641465012144534,True,47.52714821581078,2.499460936831917,True,False
1450.65,11450,t11450,170,500.0,83,3,7,0.666294237856831,False,99.60807486065028,1.5619997138716575,False,False
1451.1,11453,t11453,220,150.0,81,1,2,0.6541997973706567,True,26.40908592858141,2.139713887932463,True,False
1451.45,11456,t11456,300,250.0,43,5,6,0.6405874610826713,False,64.21783961915439,3.090096203414612,False,False
1453.1,11465,t11465,80,50.0,68,7,5,0.6455487725788337,True,4.440780891128919,0.7906432733709894,True,False
1453.27,11466,t11466,170,100.0,44,7,6,0.643744518542955,True,14.391755489761922,1.7158484908757115,True,False
1454.25,11474,t11474,270,1000.0,31,2,5,0.6423138764179289,False,286.0476742651333,2.4901873734167297,False,False
1456.45,11491,t11491,120,75.0,75,3,2,0.6540308592393379,True,8.347056827642406,1.2204197539223958,True,False
1456.63,11495,t11495,270,900.0,28,1,7,0.6398535000323503,False,211.84382191266772,2.5702989487132033,False,False
1456.91,11498,t11498,270,200.0,48,5,2,0.6517100447598955,True,46.63083425024917,2.7966744219171877,True,False
1457.67,11503,t11503,220,900.0,98,1,6,0.6303371019808827,False,173.57414593974792,2.2801527807164526,False,False
1458.19,11506,t11506,170,100.0,70,7,5,0.6482199789454387,True,20.208171156158475,1.777444355305381,True,False
1458.64,11509,t11509,170,100.0,58,5,7,0.6436838037179445,True,16.9708657317659,1.586798709280571,True,False
1458.88,11512,t11512,300,1000.0,90,0,2,0.6718064059804595,False,255.3925485830765,2.85873466610852,False,False
1459.49,11518,t11518,270,200.0,62,4,5,0.6692188718169448,True,49.91557304236453,2.8437346260365657,True,False
1459.6,11519,t11519,300,1200.0,50,4,5,0.6714166761987878,False,304.8165791457125,3.059348315970083,False,False
1460.18,11524,t11524,120,75.0,50,4,5,0.6673965244929939,True,7.675394294892382,1.1940814641000068,True,False
1460.47,11526,t11526,270,1000.0,45,5,1,0.6387048410982696,False,318.3778448644836,2.473544294893876,False,False
1460.55,11527,t11527,170,100.0,25,2,5,0.6388757807077521,True,19.005713023530493,1.5883140812673728,True,False
1462.77,11540,t11540,170,100.0,20,7,5,0.6508377611847118,True,18.118219161376622,1.8123740092150507,True,False
1462.91,11541,t11541,220,150.0,58,2,4,0.6402760398240231,True,35.53696965633234,2.3855395990773,True,False
1463.4,11545,t11545,220,700.0,54,2,5,0.6416804469117788,False,175.44255535733598,2.0579006482867084,False,False
1463.61,11547,t11547,120,75.0,90,5,4,0.6375804339699751,True,8.008494270218932,1.169856300830291,True,False
1464.14,11551,t11551,270,1000.0,91,5,2,0.6542580256828793,False,272.5099900072411,2.611134265226736,False,False
1465.7,11558,t11558,170,700.0,79,0,4,0.6210222775988279,False,140.87740581820916,1.5422134938368222,False,False
1466.21,11564,t11564,220,900.0,91,6,4,0.6531891348112899,False,162.96742437143416,2.29960458612373,False,False
1466.27,11566,t11566,120,75.0,52,0,2,0.667778459679032,True,8.742285238451704,1.2584156236152206,True,False
1466.32,11568,t11568,300,250.0,79,6,4,0.649533533933246,False,81.99081234899404,2.8447604030470766,False,False
1466.94,11573,t11573,220,150.0,58,1,4,0.6301333694198223,True,38.933963737234464,2.355677420323836,True,False
1467.88,11581,t11581,170,100.0,42,7,6,0.6464518099902777,True,14.0258554567452,1.8570185363948963,True,False
1468.34,11583,t11583,300,1000.0,54,3,7,0.6622250197663611,False,247.78084163736688,3.102670155116995,False,False
1468.38,11584,t11584,300,250.0,86,6,5,0.651658468084039,True,69.40180272165782,3.004385545993652,True,False
1468.49,11585,t11585,80,50.0,85,4,5,0.6696307758213158,True,4.648062695449279,0.7764204918490973,True,False
1469.57,11596,t11596,300,1200.0,82,7,6,0.649104955608654,False,357.5349485478808,3.190390076640411,False,False
1470.21,11603,t11603,170,100.0,66,0,1,0.6809231495717653,True,17.06629640077229,1.5393047023789188,True,False
1470.67,11608,t11608,170,700.0,86,3,6,0.6565965379868857,False,107.18572190376975,1.6176061462298148,False,False
1470.93,11610,t11610,300,250.0,36,6,2,0.6352517046140872,False,79.82417389134129,2.9554027914251115,False,False
1472.89,11622,t11622,270,900.0,72,7,5,0.6534031877791994,False,244.93199705285886,2.5339540909811253,False,False
1472.9,11623,t11623,170,100.0,80,1,2,0.6566979832414254,True,15.683675738281568,1.6973697709751006,True,False
1473.0,11625,t11625,170,700.0,42,7,6,0.6455310383146627,False,127.59290256616461,1.5779604409028913,False,False
1473.2,11626,t11626,170,700.0,94,0,1,0.6828868683985118,False,104.29308666388353,1.7452495808408743,False,False
1473.77,11629,t11629,170,700.0,25,5,4,0.6404110071087574,False,131.19338189143582,1.6343983255056298,False,False
1474.75,11640,t11640,170,500.0,93,2,4,0.6430527008457244,True,88.62207199880893,1.8110322094657014,True,False
1475.02,11643,t11643,170,100.0,52,2,5,0.638255019791725,True,17.635901418853763,1.655222611955963,True,False
1475.13,11644,t11644,220,150.0,88,5,6,0.6371838936791997,True,30.70836300292317,2.296396106559858,True,False
1476.02,11647,t11647,170,100.0,28,7,6,0.6420285993665513,True,20.30771109210101,1.8091960637186637,True,False
1476.41,11651,t11651,300,1000.0,93,2,4,0.6457738286469917,False,294.872046596948,2.835388523221776,False,False
1477.01,11655,t11655,220,700.0,97,7,2,0.6398757467777823,False,148.4377864090128,2.2981738422491897,False,False
1477.65,11661,t11661,220,150.0,92,0,1,0.6786373128487234,True,26.669503445657572,2.155673481709348,True,False
1477.69,11662,t11662,80,50.0,59,1,2,0.6591462053947786,True,3.4857185533936583,0.8239920874936658,True,False
1477.89,11663,t11663,270,900.0,25,0,2,0.6700050723036333,False,221.90687945153317,2.4821433752641298,False,False
1478.17,11665,t11665,300,1200.0,88,7,5,0.6497433058417973,False,326.81475201755524,2.8060367733423255,False,False
1478.42,11666,t11666,300,1000.0,51,0,2,0.6660131526757425,False,289.57589106823986,2.9678888637569707,False,False
1478.93,11668,t11668,270,200.0,81,6,4,0.6459510450727629,True,46.37085478113952,2.616104269703325,True,False
1479.56,11674,t11674,220,150.0,72,3,6,0.6528727890453297,True,26.737207564286656,2.305951350407495,True,False
1479.76,11679,t11679,270,200.0,48,4,6,0.6631987762282722,True,43.47317914911074,2.7467273604419993,True,False
1480.02,11680,t11680,270,900.0,38,0,1,0.6806467484099307,False,240.78615528840123,2.499397487748054,False,False
1480.08,11681,t11681,220,150.0,80,6,4,0.6486142059894894,True,37.96796805642534,2.2442039179725333,True,False
1480.49,11686,t11686,270,900.0,34,4,6,0.6655169825218886,False,251.7694080570781,2.7828985674384903,False,False
1482.18,11696,t11696,120,75.0,82,4,6,0.6616148246896326,True,7.67329795471794,1.2552811227005294,True,False
1482.25,11697,t11697,300,250.0,23,1,2,0.6615454631050649,False,83.03955049953986,2.726575340978563,False,False
1482.33,11698,t11698,300,250.0,92,0,5,0.6203774677610484,True,74.90035893426226,3.0745108219706765,True,False
1482.46,11699,t11699,120,75.0,51,2,5,0.6410721012140724,True,9.394784142607508,1.1764066539511588,True,False
1482.84,11701,t11701,80,50.0,88,3,2,0.656532423872733,True,3.2947528641627404,0.8778264880180631,True,False
1483.74,11709,t11709,220,700.0,68,3,7,0.6582371860377004,False,165.9811149030497,2.2061226792771897,False,False
1483.9,11710,t11710,170,100.0,44,0,5,0.6234005850724941,True,19.27130579116165,1.8644907934108697,True,False
1484.25,11715,t11715,300,1200.0,63,1,2,0.6577227356611454,False,385.83219765535233,2.781268063629942,False,False
1485.04,11724,t11724,220,150.0,27,6,5,0.65420748054054,False,35.766459556274455,2.2541374232001763,False,False
1485.53,11729,t11729,270,200.0,33,6,4,0.6512241036878815,False,62.58425594424212,2.963041109081318,False,False
1485.75,11731,t11731,300,1000.0,34,6,4,0.6476078034323056,False,256.79477012941567,2.875072549879208,False,False
1487.98,11743,t11743,220,150.0,52,4,1,0.6547612162810295,True,34.566373105349236,2.1630229108651386,True,False
1488.12,11744,t11744,300,250.0,47,2,4,0.6422665338922338,False,89.02780580031504,2.7340598197982815,False,False
1489.12,11750,t11750,300,250.0,76,4,5,0.6718203421230713,False,79.11605099761873,3.2041692536154667,False,False
1489.69,11752,t11752,80,50.0,85,3,7,0.6543291089836131,True,4.612484732849979,0.8265203522482235,True,False
1489.7,11753,t11753,170,500.0,64,7,2,0.6363348985088932,False,75.63147244859373,1.6881972770302354,False,False
1490.44,11758,t11758,80,50.0,44,2,1,0.6187944379842333,True,4.184263291946975,0.8679668813437396,True,False
1490.65,11762,t11762,300,250.0,99,3,6,0.6553975150826049,True,72.12530112192233,2.9021124409951318,True,False
1490.74,11764,t11764,80,50.0,47,1,4,0.6331128838496077,True,3.843356430467311,0.7606807629661246,True,False
1490.86,11765,t11765,300,250.0,25,7,5,0.6461566215431431,False,77.69803337573464,3.064841164852718,False,False
1490.94,11766,t11766,170,500.0,74,0,2,0.6621010714404094,False,80.42700384322792,1.530193203556063,False,False
1491.09,11768,t11768,300,1000.0,49,5,2,0.6505810469874036,False,335.3998423915648,2.8580347452472417,False,False
1492.7,11783,t11783,220,700.0,75,5,6,0.6400223976237975,False,160.91869619691076,2.2942872849507405,False,False
1492.79,11784,t11784,220,150.0,90,4,6,0.6639647100140218,True,34.00132997368506,2.399167636087913,True,False
1493.34,11793,t11793,170,500.0,89,3,6,0.6578717465991347,True,78.32842548515379,1.6268003673225058,True,False
1493.71,11799,t11799,300,250.0,61,1,7,0.6363130966983699,False,80.49431869541303,2.9373551656969727,False,False
1493.98,11804,t11804,300,250.0,45,2,1,0.6220007310427305,False,82.2898712925539,2.9405068264604073,False,False
1494.51,11808,t11808,300,1200.0,76,2,1,0.6189688982400577,False,408.5208462433682,2.749761627472522,False,False
1494.97,11811,t11811,270,200.0,46,1,7,0.6328435014310692,False,55.73780037234505,2.4755659552527307,False,False
1495.07,11812,t11812,170,100.0,49,1,3,0.6299944630483635,True,15.447273745955323,1.6427952066171274,True,True
1495.31,11815,t11815,270,1000.0,73,2,5,0.6438328410079728,False,261.9539188542891,2.9238396736700722,False,False
1495.79,11820,t11820,120,75.0,32,3,2,0.6589839572134601,True,8.8194332841657,1.227900660532203,True,False
1495.95,11822,t11822,80,50.0,78,0,5,0.6263632400377108,True,4.7821407961201,0.7872281089986157,True,False
1496.07,11823,t11823,170,700.0,85,4,5,0.6677921170987917,False,127.10637103184199,1.7608737154271834,False,False
1496.16,11825,t11825,300,250.0,87,2,4,0.6388293850325709,True,86.79508641545233,3.0478180189579804,True,False
1496.77,11830,t11830,80,50.0,39,4,6,0.6662675976319231,True,4.5174225318619206,0.8549250937653897,True,False
1497.52,11836,t11836,300,1000.0,93,7,1,0.6350951686811039,False,307.9367183564867,2.7656036146480036,False,False
1498.74,11844,t11844,80,50.0,25,0,2,0.658267231829783,True,4.1561533601667255,0.8382818747937506,True,False
1498.95,11846,t11846,170,100.0,23,1,2,0.6539764627661043,True,13.669180168128307,1.57341472302649,True,False
1500.73,11852,t11852,300,250.0,68,0,5,0.6292666419036232,True,60.06990304200751,2.8852179260369857,True,False
1501.58,11858,t11858,300,1200.0,91,5,2,0.6469776078658372,False,376.89167829875566,2.7112303687471595,False,False
1501.61,11860,t11860,220,150.0,89,7,2,0.632864867205382,True,31.180139918185137,2.1184701424587207,True,False
1503.3,11868,t11868,220,150.0,55,3,6,0.6602964934853338,True,27.357426392910956,2.2710442437200924,True,False
1503.67,11872,t11872,170,700.0,50,4,5,0.6638444565749977,False,121.28888304955946,1.8320660694437192,False,False
1504.08,11876,t11876,220,150.0,48,4,5,0.6599757492616796,True,36.14809083864581,2.152045684687585,True,False
1504.54,11881,t11881,270,200.0,58,6,4,0.6440638291818414,True,53.71747574260007,2.5177778121043786,True,False
1505.11,11890,t11890,170,700.0,70,3,2,0.6613864598873728,False,136.5979214549827,1.5864562771150084,False,False
1506.37,11896,t11896,170,100.0,28,5,4,0.637010968784764,True,18.46202670371495,1.5771690646156247,True,False
1506.37,11895,t11895,270,200.0,41,1,2,0.6564791153289641,False,57.206620349940536,2.847378646678861,False,False
1506.4,11897,t11897,170,100.0,65,6,2,0.6318033371884721,True,14.928974817985711,1.6788344086895588,True,False
1507.4,11900,t11900,300,250.0,51,0,1,0.6764419952599139,False,61.847172867011054,3.006105991367501,False,False
1507.8,11902,t11902,300,1000.0,96,3,7,0.6566731934706075,False,336.9232247004749,3.1642753053111314,False,False
1507.99,11903,t11903,170,100.0,65,6,2,0.6345979371113694,True,13.8340346067251,1.657761122822763,True,False
1509.24,11909,t11909,220,150.0,48,3,6,0.6626727454338089,True,33.441288048644815,2.2126616683412896,True,False
1509.6,11912,t11912,170,100.0,50,5,4,0.6398529312272506,True,18.99399419386026,1.768184330527381,True,False
1509.8,11913,t11913,220,150.0,56,6,2,0.6373366450358086,True,31.64761819488039,2.1630818453386245,True,False
1510.15,11917,t11917,120,75.0,46,2,4,0.6416349791501014,True,8.580713090964686,1.1928961616196907,True,False
1510.85,11921,t11921,170,100.0,58,0,2,0.6606840690113692,True,15.136607764437874,1.7071852442237392,True,False
1511.59,11924,t11924,300,250.0,44,6,4,0.6467647344163864,False,63.30355243656243,3.058778255847706,False,False
1512.99,11933,t11933,300,250.0,41,0,2,0.6630525694493236,False,86.14640774191979,3.08253434752129,False,False
1514.23,11943,t11943,80,50.0,61,6,5,0.6505315127479111,True,3.523990840070884,0.7718771398420421,True,False
1514.89,11946,t11946,220,700.0,21,4,1,0.6572481737735907,False,127.02356219637767,2.1671325026382675,False,False
1515.69,11955,t11955,170,700.0,79,6,5,0.6531030643111346,False,123.07929204891497,1.712787807429276,False,False
1516.33,11958,t11958,270,200.0,22,0,5,0.6321119757322174,False,48.07010256923422,2.9464604053467722,False,False
1516.34,11959,t11959,300,1000.0,68,4,5,0.6623584160946278,False,327.93439343368436,2.9089469480854806,False,False
1516.42,11960,t11960,300,1200.0,69,4,7,0.6538380280310633,False,400.6811945321841,2.982394636541677,False,False
1517.64,11968,t11968,170,100.0,93,4,5,0.658519429590917,True,18.261354812611863,1.6143438748851902,True,False
1518.18,11973,t11973,270,1000.0,34,2,4,0.644384461385281,False,283.12219590138835,2.899859921942663,False,False
1520.7,11988,t11988,220,150.0,33,0,2,0.6591996998785189,True,29.756920678852467,2.0078472872390316,True,False
1521.11,11994,t11994,170,500.0,86,3,2,0.6575669125078071,False,74.44159366590128,1.6651924932124584,True,False
1521.63,12000,t12000,170,700.0,93,4,6,0.6685244274974665,False,100.3693509476774,1.5538336874419336,False,False
1521.99,12004,t12004,170,500.0,49,2,6,0.6179157567372804,False,90.92586218277724,1.5658412723152433,False,False
1522.82,12010,t12010,120,75.0,40,5,4,0.6426380544208874,True,7.349789032985019,1.244059289268916,True,False
1523.07,12011,t12011,170,100.0,90,2,5,0.6403643660059951,True,19.137403832095046,1.6562723503667358,True,False
1524.11,12017,t12017,220,150.0,65,2,5,0.643139260504057,False,36.990710117984875,2.250435952626479,True,False
1524.81,12020,t12020,270,200.0,36,4,1,0.6535113921163007,False,51.91960782899265,2.6363563815123485,False,False
1525.27,12022,t12022,300,250.0,99,2,1,0.6159977020934383,True,67.33166391310054,2.8256794836490915,True,False
1525.7,12027,t12027,220,150.0,30,2,5,0.6396846571121577,True,27.06442386056012,2.0476212462662358,True,False
1525.98,12029,t12029,300,250.0,72,6,2,0.6400205788017591,False,83.36643510736896,3.213823347892081,False,False
1526.39,12033,t12033,270,200.0,51,3,7,0.6527963962678621,False,53.32945751286822,2.7090462638853685,False,False
1526.48,12036,t12036,80,50.0,35,6,4,0.6432376215462404,True,3.2073437840815613,0.8669660058583327,True,False
1527.15,12041,t12041,270,1000.0,20,3,6,0.6650014723433145,False,297.0050008509235,2.521006024342534,False,False
1527.76,12044,t12044,220,900.0,79,2,1,0.6192599298697514,False,177.00929007877156,2.373006604761862,False,False
1527.97,12047,t12047,220,150.0,69,2,5,0.6424731457880964,True,35.68414142990659,2.119940409795906,True,False
1528.02,12049,t12049,170,100.0,70,3,6,0.6611096247146301,True,20.1106485592775,1.8186956122912752,True,False
1528.26,12052,t12052,120,75.0,38,2,5,0.6452058646905162,True,10.288889442788062,1.1353953584894094,True,False
1528.31,12053,t12053,170,100.0,86,4,6,0.664562120765699,True,15.18489631128539,1.7571448112934973,True,False
1528.31,12054,t12054,270,200.0,44,3,2,0.6538237560758328,False,49.966556936085254,2.693842165486487,False,False
1528.58,12055,t12055,170,500.0,50,0,1,0.6723213371728974,False,101.65735648664521,1.5576014255404969,False,False
1528.95,12058,t12058,270,200.0,89,5,7,0.6463923094617674,True,48.00132490304578,2.529347137761492,True,False
1531.05,12072,t12072,80,50.0,72,4,5,0.6609312228172805,True,4.214392038400034,0.7861107553858114,True,False
1531.12,12074,t12074,220,150.0,51,7,6,0.6447702091974021,True,31.29666701081059,2.0761676882013558,True,False
1531.34,12078,t12078,80,50.0,23,6,5,0.6494491848430938,True,3.9791217646757397,0.796346097880356,True,False
1531.34,12077,t12077,300,250.0,73,0,1,0.6682830922476213,True,62.938221080733825,2.8198614098994446,True,False
1532.01,12081,t12081,300,250.0,38,3,7,0.6489971350091714,False,80.3399006275676,2.7020228323416924,False,False
1532.01,12082,t12082,220,700.0,29,2,5,0.6478839292148878,False,178.17346058842222,2.1191678185331604,False,False
1532.87,12090,t12090,170,100.0,24,4,5,0.6632947801791167,True,19.124855934457486,1.7901098993170208,True,False
1533.11,12092,t12092,220,900.0,91,3,7,0.6452738589756547,False,164.06245786864844,2.195396461007473,False,False
1533.37,12099,t12099,170,700.0,38,5,7,0.6490466450907139,False,130.07003046425126,1.6247730818582153,False,False
1534.16,12105,t12105,270,200.0,60,6,5,0.6520423829644136,True,54.48288821524399,2.6037428234388433,True,False
1536.21,12119,t12119,170,100.0,35,7,2,0.635638236527941,True,19.54727661662409,1.6615430899734773,True,False
1536.23,12121,t12121,170,500.0,72,4,6,0.6668530601685668,False,80.23334289654436,1.6411517028864375,False,False
1536.25,12123,t12123,300,1200.0,23,6,2,0.6364768338923906,False,298.52378892626007,3.24442727409434,False,False
1536.34,12124,t12124,300,250.0,60,1,4,0.6360328079907974,False,73.79200562014924,3.2867999044115708,False,False
1538.17,12131,t12131,300,250.0,81,7,5,0.6426416709304621,True,76.887397865363,3.212075676530394,True,False
1538.42,12134,t12134,270,1000.0,52,1,4,0.6327203336491632,False,288.8004362881385,2.896734170444856,False,False
1538.73,12138,t12138,220,150.0,20,0,5,0.6287264028842398,False,34.03255136633798,2.095795694625686,False,False
1538.82,12140,t12140,300,250.0,74,1,2,0.6527577148405665,False,78.53040313963605,2.771682014883778,False,False
1538.85,12141,t12141,220,150.0,57,3,2,0.650155462772498,True,28.33680769115485,2.2812314689123414,True,False
1540.19,12147,t12147,300,250.0,32,2,5,0.6443344324487719,False,68.86305124813629,2.7640439681300246,False,False
1541.54,12160,t12160,170,100.0,36,3,2,0.6527345353352298,True,18.620453264506423,1.8121023061332515,True,False
1541.56,12162,t12162,220,150.0,67,4,6,0.6629241807833773,True,33.10590328493283,2.409291621010185,True,False
1541.92,12165,t12165,270,200.0,56,7,6,0.6474569868316359,True,51.9379451085716,2.517048503223054,True,False
1542.43,12170,t12170,80,50.0,25,2,1,0.6162829130905382,True,4.214421597890774,0.8033363955790901,True,False
1544.37,12186,t12186,300,250.0,72,2,1,0.6195394366469092,True,63.753766495236604,3.2037084797442326,True,False
1545.25,12189,t12189,300,250.0,29,1,5,0.6298684432265129,False,64.97401442095287,3.2530041552596485,False,False
1545.66,12194,t12194,80,50.0,46,5,4,0.6453674751506515,True,4.14496362653985,0.7964181669515611,True,False
1546.3,12200,t12200,120,75.0,20,1,2,0.649110742361937,True,9.20082797733802,1.1724619582998173,True,False
1547.35,12211,t12211,170,100.0,32,7,2,0.6383561384640489,False,18.06428387516619,1.6887445317948764,True,False
1547.84,12218,t12218,170,100.0,66,6,4,0.6459550509334974,True,19.647410625545827,1.7659577538390852,True,False
1547.84,12217,t12217,220,150.0,75,7,2,0.6348456823614346,True,33.091205605927726,2.17771512201521,True,False
1550.63,12239,t12239,80,50.0,53,7,2,0.6375794353808726,True,4.682428709526982,0.7214831483153592,True,False
1550.82,12241,t12241,300,250.0,66,5,2,0.6434462375267024,False,80.5642344430789,3.2707552236248665,False,False
1551.02,12244,t12244,300,1000.0,97,0,1,0.6704996122208507,False,326.2337309905897,2.939718418066121,False,False
1551.07,12245,t12245,170,100.0,99,4,2,0.6516527722789308,True,19.103495444212914,1.7355023196775077,True,False
1551.3,12246,t12246,270,900.0,74,6,4,0.6486181317330093,False,206.5564558355666,2.7471563571013933,False,False
1551.35,12247,t12247,80,50.0,80,1,3,0.632976755605578,True,4.296345476253937,0.8010868207605123,True,True
1551.42,12248,t12248,220,700.0,73,5,7,0.6454738940070813,False,168.19071641189487,2.411106831134384,False,False
1552.93,12256,t12256,80,50.0,48,2,4,0.6409049539757573,True,3.2533187414394726,0.7573075599477606,True,False
1553.04,12259,t12259,170,100.0,93,3,4,0.6424440170962292,True,14.821886959968078,1.6866084937165586,True,False
1553.27,12262,t12262,300,250.0,92,2,1,0.6227308297321529,False,63.34302467238189,2.833480779670501,True,False
1554.24,12266,t12266,170,700.0,99,0,2,0.6615978876991304,False,132.68739522898107,1.79372875492519,False,False
1554.27,12267,t12267,300,1200.0,46,5,2,0.6399854945943502,False,362.85951493159325,3.0514828257269357,False,False
1554.84,12274,t12274,270,200.0,62,5,4,0.6480423074658203,True,49.123538587092376,2.769623168728027,True,False
1555.89,12280,t12280,300,1000.0,70,7,6,0.650090028913185,False,344.91171258991693,3.0109443093261397,False,False
1555.98,12283,t12283,170,100.0,85,4,6,0.6652478789858917,True,16.46363391347568,1.63972715306594,True,False
1556.2,12284,t12284,220,150.0,21,6,2,0.6330039638812094,False,33.83988612987896,2.2147976123582414,False,False
1556.39,12287,t12287,300,250.0,28,4,6,0.6675251032243555,False,69.23286695264959,3.1387775277971235,False,False
1556.68,12292,t12292,80,50.0,70,0,5,0.6254085414932217,True,3.712190473203184,0.8213147859743457,True,False
1557.72,12300,t12300,170,700.0,74,1,2,0.6517107093328801,False,99.46206551399497,1.7525628389140502,False,False
1557.72,12301,t12301,120,75.0,89,2,4,0.6436690367144239,True,10.304467289045705,1.081599229815319,True,False
1558.13,12302,t12302,300,1200.0,47,0,1,0.6664978017946155,False,292.57419131705285,2.717480723846135,False,False
1558.27,12304,t12304,170,700.0,50,3,4,0.6451773185724864,False,104.18127582662515,1.8206438422878697,False,False
1558.75,12308,t12308,80,50.0,96,3,2,0.6552620264467071,True,3.8691883304180745,0.7571129433115414,True,False
1559.34,12310,t12310,220,900.0,24,7,2,0.6402585133399218,False,170.95572083268394,2.3493970911809505,False,False
1559.63,12311,t12311,170,100.0,46,1,4,0.6294741087943617,True,16.038171465775964,1.800308592944817,True,False
1562.39,12335,t12335,220,150.0,65,3,6,0.6634696140385193,True,37.41654597061399,2.099102900306996,True,False
1563.25,12339,t12339,270,200.0,57,0,2,0.6577741117633297,False,57.236362419839715,2.805855625142255,False,False
1563.45,12340,t12340,170,100.0,87,6,5,0.6545837171233072,True,16.99846197382005,1.8607706953315257,True,False
1564.12,12343,t12343,220,700.0,98,6,5,0.657074224599023,False,140.5588118910691,2.39508933341919,False,False
1564.47,12344,t12344,220,150.0,35,2,5,0.6408559256179782,True,33.17707517199032,2.2343740111475117,True,False
1565.0,12350,t12350,80,50.0,90,0,2,0.6540268113462449,True,3.7451527080981073,0.7328236632985874,True,False
1565.46,12354,t12354,270,200.0,68,6,5,0.6533409219252243,True,52.3696358531399,2.5664298126251857,True,False
1567.3,12363,t12363,80,50.0,45,3,2,0.6577389677359547,True,3.6208358593540924,0.8217389861133002,True,False
1567.58,12366,t12366,270,200.0,38,6,5,0.6558562853049016,False,61.24165812854268,2.4639795432473077,False,False
1568.6,12374,t12374,170,100.0,35,0,2,0.6565284569375017,True,14.820472479297095,1.6408779805759721,True,False
1568.69,12375,t12375,170,500.0,61,6,2,0.6296005512702519,False,71.80326890342614,1.6725656268549647,False,False
1569.0,12377,t12377,220,150.0,22,2,4,0.6463778377983173,False,28.23840727216332,2.357470090400719,False,False
1569.49,12385,t12385,220,150.0,59,1,2,0.6480846769644043,True,38.61318352457845,2.1435973278046596,True,False
1569.54,12386,t12386,80,50.0,69,6,2,0.6262652069115136,True,4.2877461804262,0.8348560087163718,True,False
1569.83,12389,t12389,120,75.0,96,7,5,0.6453710193300347,True,9.087542005031047,1.1026359104168777,True,False
1571.78,12395,t12395,270,200.0,67,4,6,0.6635827829780503,True,55.097863096689224,2.4903263062012173,True,False
1572.29,12398,t12398,220,150.0,24,3,2,0.6601663701994175,False,34.3856226997405,2.183102449172092,False,False
1572.69,12400,t12400,170,100.0,73,4,6,0.6658933091366711,True,18.54805884638546,1.7142900072833605,True,False
1572.74,12401,t12401,80,50.0,64,7,5,0.6480457807616158,True,4.091141044912213,0.8360270971208238,True,False
1573.58,12405,t12405,270,1000.0,21,0,1,0.662576027576905,False,307.321256753834,2.5957687902212148,False,False
1574.22,12406,t12406,170,500.0,87,2,1,0.6196843949556917,False,94.64078090979946,1.8590991997708248,False,False
1574.37,12407,t12407,120,75.0,23,0,1,0.6587326888435487,True,9.65499660705906,1.0934444349047263,True,False
1575.21,12412,t12412,300,250.0,47,3,6,0.6657824035759308,False,71.52680228386986,3.136136882045335,False,False
1575.95,12419,t12419,170,100.0,99,2,4,0.6428584628605328,True,14.47150323239256,1.8447769235644693,True,False
1576.83,12425,t12425,300,1200.0,79,2,4,0.6455834754215038,False,351.0180079599832,2.8656139274141865,False,False
1577.58,12430,t12430,300,1200.0,92,3,6,0.661874937322594,False,391.25592917707286,3.0723167157932076,False,False
1578.8,12437,t12437,170,100.0,96,7,5,0.6506670469645653,True,14.504598895104147,1.7416723632062845,True,False
1578.97,12438,t12438,80,50.0,63,4,5,0.6656110663937161,False,3.953116163993972,0.7728073703359944,True,False
1579.45,12442,t12442,80,50.0,87,6,4,0.645053950916531,True,3.5123366993467977,0.7875823757089216,True,False
1579.47,12443,t12443,120,75.0,61,1,2,0.6507051652432981,True,10.651608693214255,1.1458540905635857,True,False
1581.81,12461,t12461,220,150.0,25,6,5,0.6521473414169854,False,30.788761980775885,2.2526695760430915,False,False
1582.89,12475,t12475,300,250.0,25,7,6,0.6464964101531031,False,69.30685403452533,3.2582069376112677,False,False
1583.33,12480,t12480,300,250.0,38,5,4,0.6506636431346857,False,66.6469326938683,3.1521404069896004,False,False
1583.35,12481,t12481,120,75.0,74,1,2,0.6532732437566139,True,10.779634619060811,1.2815845456927142,True,False
1584.52,12490,t12490,220,900.0,78,2,1,0.6166988888747597,False,174.4831142562219,2.07832507765614,False,False
1584.77,12491,t12491,220,150.0,79,3,6,0.6580456203943239,True,37.41372753932222,1.9913821649515415,True,False
1585.18,12492,t12492,300,250.0,47,5,4,0.6470585520901738,False,87.34782731823644,3.2356269346614432,False,False
1585.92,12503,t12503,270,200.0,34,4,2,0.654201898651534,False,59.045156776342196,2.8261716230316254,False,False
1586.23,12506,t12506,300,250.0,28,0,2,0.6589800696169336,False,70.33566545056456,2.794059987232443,False,False
1586.91,12511,t12511,300,1000.0,59,3,6,0.6604668898046192,False,262.1482210390777,3.270140204911171,False,False
1587.39,12514,t12514,270,1000.0,65,0,5,0.6283310373300239,False,284.26171165951035,2.5647471940511735,False,False
1588.01,12517,t12517,270,200.0,61,4,5,0.6617070268840236,True,51.926211536242995,2.528717372084075,True,False
1588.61,12521,t12521,170,100.0,56,4,2,0.6505260424966852,True,18.439392783959228,1.8136240836006043,True,False
1588.71,12523,t12523,170,700.0,61,2,4,0.6420799877312556,False,123.41239377201181,1.7044175158406587,False,False
1588.94,12525,t12525,300,250.0,83,5,4,0.643525562866552,False,88.51039716853461,3.0539698843395553,False,False
1589.09,12526,t12526,170,100.0,85,4,5,0.6640550681645251,True,20.132592263561452,1.5311019817820588,True,False
1589.62,12528,t12528,120,75.0,32,1,2,0.6557899606996634,True,10.443607641540739,1.1466638205083215,True,False
1590.49,12532,t12532,80,50.0,87,3,4,0.6416819540192186,True,3.9990616018112424,0.8161423732671917,True,False
1590.62,12534,t12534,170,100.0,29,5,7,0.6419725979451215,True,20.191176551198392,1.8066795818717278,True,False
1593.46,12548,t12548,220,150.0,99,0,5,0.6250210832500901,True,32.26484297800842,2.0483849103332252,True,False
1593.64,12551,t12551,80,50.0,78,1,2,0.6582563433038521,True,4.551231555767398,0.7893541238528639,True,False
1593.95,12552,t12552,300,1200.0,73,4,6,0.6681576247721195,False,333.26076201223015,2.81785907649644,False,False
1593.96,12553,t12553,120,75.0,53,5,4,0.6400632334274029,True,7.273453501025167,1.1242812119233312,True,False
1594.08,12556,t12556,220,150.0,81,3,2,0.656371224613611,True,32.11710878612651,2.257804299262163,True,False
1594.2,12557,t12557,300,250.0,77,1,3,0.6358994023116482,True,74.17249948758511,2.736591432866334,True,True
1594.31,12559,t12559,80,50.0,59,1,3,0.6387635960835971,True,4.092761315091979,0.7509696497661449,True,True
1594.89,12562,t12562,170,700.0,86,7,2,0.6367100097397901,False,139.26861497204948,1.8009604798141172,False,False
1596.08,12571,t12571,270,200.0,80,0,2,0.6552086500427766,True,64.05368478847545,2.8047268941518464,True,False
1596.59,12572,t12572,220,150.0,71,7,5,0.6532358878434558,True,38.23160677017839,2.149978067755276,True,False
1596.66,12573,t12573,80,50.0,46,4,6,0.664202654094859,True,3.2360127569804527,0.8718325478952237,True,False
1596.97,12575,t12575,170,500.0,37,3,2,0.6588259819395206,False,82.91857489658301,1.6065837037114157,False,False
1597.27,12577,t12577,220,150.0,51,2,6,0.6148141082692015,True,37.37970813397952,2.309364687125226,True,False
1597.39,12578,t12578,300,250.0,87,3,6,0.6566657338267087,True,82.42083736176811,2.9146180502098673,True,False
1597.52,12579,t12579,270,200.0,20,6,4,0.6477350537163821,False,63.818776747636235,2.8593930278424953,False,False
1598.98,12589,t12589,170,100.0,80,5,7,0.644715327804401,True,19.494801110772144,1.6152866945473572,True,False
1599.29,12597,t12597,270,200.0,81,7,6,0.6429746637682229,True,61.80447586594562,2.8812244610654694,True,False
1599.49,12598,t12598,270,1000.0,90,0,1,0.6611402168848596,False,237.2613227770626,2.748351312256971,False,False
1599.79,12599,t12599,170,700.0,69,0,2,0.657686658860103,False,126.67200051388237,1.765402887331815,False,False
1600.3,12606,t12606,170,100.0,77,3,6,0.6591146009683563,True,16.917599845500302,1.8523195738518032,True,False
1600.7,12609,t12609,120,75.0,54,4,5,0.6663561486194164,True,8.40140570975353,1.1258189893215245,True,False
1600.75,12610,t12610,220,150.0,52,7,2,0.6332324762116609,True,29.226863905566866,2.2062885799028886,True,False
1601.44,12618,t12618,300,250.0,48,1,2,0.6606733982559568,False,62.00032310215789,3.190738056295344,False,False
1601.62,12620,t12620,170,700.0,95,1,2,0.6568681121090195,False,100.3629887702408,1.6665358159517842,False,False
1601.69,12621,t12621,220,700.0,42,4,5,0.6686112074652099,False,126.25489655340512,2.16222047127013,False,False
1603.19,12634,t12634,300,1200.0,53,2,5,0.6436209889238005,False,313.7103855661465,2.8197134839390925,False,False
1603.57,12635,t12635,270,900.0,28,3,6,0.661514490767171,False,245.50172364785072,2.460203879033398,False,False
1603.6,12636,t12636,270,1000.0,87,0,2,0.6539411075010827,False,295.0178198257573,2.8957389455285476,False,False
1603.7,12637,t12637,270,200.0,26,7,5,0.6557533519047686,False,51.80951974389211,2.73427403921148,False,False
1604.04,12643,t12643,220,150.0,75,7,6,0.6456973523110402,True,28.144283216926013,2.229644024244297,True,False
1605.07,12648,t12648,80,50.0,45,7,6,0.6483655870830013,True,4.524680444268379,0.7842528627711995,True,False
1605.11,12649,t12649,270,200.0,98,4,6,0.6665007828311436,True,52.82549215019206,2.8179846172808927,True,False
1605.56,12650,t12650,80,50.0,77,6,5,0.6485125764068275,True,4.227826969212349,0.763961531389088,True,False
1605.82,12654,t12654,300,250.0,77,6,4,0.6441885344602364,True,75.18538773213999,3.1162140402538094,True,False
1605.84,12655,t12655,220,150.0,64,4,6,0.6687529489927025,True,26.713913651387067,2.0996757319129054,True,False
1606.37,12660,t12660,80,50.0,65,5,7,0.6474032030664948,True,3.6318457815934773,0.7490104063348032,True,False
1607.19,12669,t12669,170,700.0,80,5,6,0.6366301314895034,False,142.01217673212324,1.6403051248419371,False,False
1607.82,12672,t12672,270,200.0,64,4,5,0.6646471651340874,True,54.19878701572277,2.932271036454564,True,False
1609.0,12680,t12680,170,500.0,71,5,2,0.6365939665206449,False,95.31930402813794,1.7235659429814185,False,False
1609.5,12683,t12683,300,1200.0,26,5,1,0.6351874109429708,False,399.67776965741217,3.2453618663543162,False,False
1609.51,12684,t12684,220,900.0,91,7,5,0.652046466684855,False,218.70415705905367,2.0238218835305983,False,False
1610.19,12689,t12689,80,50.0,38,4,5,0.6669364036495875,True,4.2070565567599525,0.7280652523483488,True,False
1610.49,12692,t12692,300,1000.0,87,6,2,0.62917056943995,False,250.24338347177465,3.0511622659721547,False,False
1610.86,12696,t12696,220,150.0,38,1,2,0.6531389316850209,True,32.655010331192635,2.347552070801658,True,False
1611.64,12701,t12701,220,150.0,24,6,5,0.6511245066968728,False,35.069249915165464,2.225323459971046,False,False
1612.17,12708,t12708,300,250.0,89,4,6,0.6709600718310303,True,65.79235573465698,2.895983465742356,True,False
1612.96,12712,t12712,220,900.0,57,5,4,0.6428441505770367,False,215.44213547342235,2.1796352715452527,False,False
1613.36,12715,t12715,300,1000.0,51,7,6,0.6509804571595231,False,310.9946311489252,2.917422601420487,False,False
1615.16,12726,t12726,270,1000.0,82,2,4,0.6386465697948124,False,275.16777874942164,2.7033244294152823,False,False
1616.41,12735,t12735,80,50.0,70,0,2,0.6502704671692429,True,4.491178645091393,0.7287358067199143,True,False
1617.16,12741,t12741,120,75.0,58,6,4,0.6468869455892133,True,10.519186293233478,1.1837186416139547,True,False
1617.46,12747,t12747,300,250.0,29,0,1,0.6573255943653442,False,79.10505233057522,2.991438875272104,False,False
1617.63,12749,t12749,170,500.0,38,0,1,0.6535872642962192,False,92.88854102048867,1.86617202971439,False,False
1617.97,12751,t12751,170,100.0,63,7,6,0.6473690298345144,True,15.353725298968238,1.860889955499252,True,False
1618.17,12753,t12753,120,75.0,54,1,4,0.6324668084366564,True,10.741668970063012,1.0836545322481366,True,False
1618.28,12754,t12754,270,200.0,46,1,2,0.6556583348695023,False,62.93612290424535,2.9156216729986832,False,False
1619.01,12761,t12761,300,250.0,57,7,6,0.650003831056006,False,63.932539453959514,3.1980548707500693,False,False
1619.76,12767,t12767,270,200.0,89,6,4,0.649531388495611,True,56.58617840853878,2.845853162371793,True,False
1619.85,12769,t12769,300,1000.0,48,4,6,0.6731230522125915,False,259.09732276840435,2.7292874510854146,False,False
1620.49,12774,t12774,120,75.0,40,2,6,0.6179484927704841,True,7.468314809066611,1.0801584473060724,True,False
1622.39,12786,t12786,170,100.0,60,3,2,0.655057644118912,True,15.408277751846748,1.7665521007800182,True,False
1622.59,12788,t12788,270,200.0,65,1,4,0.635399654086105,True,56.91593788509376,2.8863846653524434,True,False
1623.24,12794,t12794,80,50.0,81,2,6,0.6210201895817411,True,3.9090460673059093,0.7260682345956248,True,False
1623.42,12798,t12798,270,900.0,76,3,6,0.6576923827700094,False,270.11085011914446,2.6351823963570027,False,False
1623.54,12799,t12799,170,100.0,39,0,2,0.6528472396440398,True,16.129101482285115,1.8102828638921418,True,False
1624.43,12806,t12806,270,200.0,98,2,5,0.6401567509635063,True,54.09869319014005,2.4722740256973794,True,False
1624.84,12809,t12809,220,150.0,85,3,6,0.6539467169327909,False,32.27680283647066,2.2210963941312607,True,False
1624.89,12810,t12810,170,100.0,54,0,1,0.6499237008284765,True,18.560902127812266,1.7069620022942056,True,False
1625.48,12813,t12813,170,100.0,51,5,4,0.6393954493836778,True,18.023100969158275,1.6819116381678383,True,False
1625.5,12815,t12815,120,75.0,35,2,5,0.642935797762418,True,7.597289974045973,1.0885061473350903,True,False
1627.11,12822,t12822,270,900.0,45,3,2,0.6575386730547156,False,236.52762506115423,2.716934367326264,False,False
1627.44,12825,t12825,220,150.0,52,6,5,0.6475101983811172,True,26.718122702686667,2.2688732783248304,True,False
1627.44,12824,t12824,300,250.0,72,5,7,0.6500373208233466,True,63.01937408641829,2.869854387195829,True,False
1627.48,12827,t12827,270,1000.0,45,2,4,0.6352818202170979,False,317.7374750676437,2.5113283174044976,False,False
1628.05,12832,t12832,300,1000.0,82,2,4,0.6319843656309378,False,267.4413995143141,2.871719655320327,False,False
1628.06,12833,t12833,300,250.0,54,5,3,0.6335899010622354,True,79.32813507901191,3.142645598112847,True,True
1628.12,12834,t12834,270,200.0,94,2,6,0.6240304524567729,True,54.20897064230174,2.4545661591632584,True,False
1628.49,12838,t12838,80,50.0,36,0,1,0.6525074086300888,True,3.8327431878797795,0.8070965203610978,True,False
1628.72,12840,t12840,300,1200.0,64,3,4,0.6444304967570159,False,406.7247640695023,2.757069672951728,False,False
1628.75,12842,t12842,220,150.0,93,5,7,0.6526187562250616,True,30.85917239235705,2.1370540975282473,True,False
1628.91,12845,t12845,220,150.0,45,3,7,0.6416250484628082,True,30.936284467494616,2.0222141710606305,True,False
1629.09,12847,t12847,220,900.0,69,3,6,0.6502759644123169,False,165.849443392181,1.985210554781582,False,False
1629.29,12849,t12849,220,700.0,68,4,2,0.6530977034649333,False,123.76187229004499,2.4137882619754567,False,False
1629.84,12850,t12850,80,50.0,72,3,2,0.653796081411803,True,4.301217738771962,0.8152465405540467,True,False
1630.57,12856,t12856,300,250.0,39,7,6,0.6464119362530677,False,87.16751586221685,2.752636941374208,False,False
1631.58,12860,t12860,300,250.0,20,5,3,0.6365002848591726,True,75.76675387235139,2.8260558123995496,True,True
1631.82,12863,t12863,170,700.0,63,4,5,0.6691798573947776,False,102.66406391116348,1.784037238797526,False,False
1631.84,12864,t12864,270,1000.0,76,4,7,0.6501694492886237,False,277.69036189411963,2.541960256469389,False,False
1632.39,12868,t12868,170,100.0,73,2,5,0.6456592636253514,True,15.95894953009135,1.7763098634791663,True,False
1633.08,12876,t12876,170,500.0,44,1,2,0.6519533499902941,False,94.08979436485262,1.747404873744444,False,False
1633.13,12877,t12877,270,200.0,78,5,4,0.642189722214186,True,55.64981671720886,2.8014138847487424,True,False
1633.5,12885,t12885,220,150.0,59,7,5,0.6484137191693397,True,28.20311319621955,2.256571316275378,True,False
1633.93,12893,t12893,270,200.0,23,3,6,0.6466786269422525,False,63.648024103925835,2.7644314038155344,False,False
1634.17,12897,t12897,120,75.0,91,1,3,0.641570505980107,True,8.918713468116293,1.0968336615158016,True,True
1634.47,12900,t12900,170,100.0,21,4,1,0.6498493460921565,True,15.125917602489984,1.7761083522373136,True,False
1634.85,12904,t12904,80,50.0,70,0,2,0.6553724766693408,True,4.39170727086147,0.7682304987032078,True,False
1635.03,12906,t12906,270,200.0,69,2,6,0.6269805100743041,True,52.51997641002765,2.948820853714477,True,False
1635.49,12911,t12911,270,200.0,88,4,1,0.6524345409884952,True,64.4867845431566,2.447376874632109,True,False
1635.96,12919,t12919,80,50.0,24,6,2,0.6258438247178176,True,4.696565315532581,0.8039528480852409,True,False
1636.39,12922,t12922,300,1200.0,74,2,4,0.6287528601365009,False,324.6073491785376,3.043206353622707,False,False
1636.86,12929,t12929,270,200.0,56,5,7,0.6551485629187422,True,54.66024931031002,2.6782000233408403,True,False
1637.52,12933,t12933,300,250.0,38,5,7,0.6576277734785492,False,61.69852251745226,2.772668497118074,False,False
1638.49,12943,t12943,170,100.0,98,2,6,0.6298715665394847,True,17.65343649271508,1.7698788709327282,True,False
1638.87,12947,t12947,220,700.0,29,7,6,0.6428918793461881,False,154.03220051789938,2.3308879555587207,False,False
1639.25,12952,t12952,80,50.0,39,7,5,0.6510276266041347,True,4.490995708420083,0.8590183705581641,True,False
1639.7,12955,t12955,170,100.0,64,2,5,0.6483282601710262,True,19.788254241275038,1.6960672446839473,True,False
1640.53,12962,t12962,120,75.0,86,4,1,0.654968031986907,True,9.975091483999377,1.1611435203691232,True,False
1640.72,12965,t12965,80,50.0,40,4,5,0.6652044420650638,True,4.751418625249662,0.7501310318988147,True,False
1642.37,12985,t12985,120,75.0,39,5,7,0.6538833998271599,True,8.867371323841095,1.2838847776551174,True,False
1642.67,12988,t12988,270,900.0,62,0,2,0.6578472089541358,False,265.85661679024776,2.490977837414372,False,False
1643.66,12998,t12998,170,100.0,84,2,5,0.6509438767857875,True,17.209630987441425,1.636268268911289,True,False
1643.94,13002,t13002,300,250.0,72,7,5,0.6535892558902338,True,62.5304692445135,2.9598928093970467,True,False
1644.37,13005,t13005,300,250.0,69,4,6,0.6690687729865216,False,72.49500978088109,2.814693614675388,False,False
1646.29,13020,t13020,270,200.0,83,5,3,0.639352460980171,True,55.64221959570381,2.5005860875943102,True,True
1646.73,13024,t13024,220,150.0,20,2,4,0.6255859847519527,False,28.24376571052937,2.3202530088858015,False,False
1647.82,13035,t13035,270,1000.0,91,1,4,0.6382738428225648,False,256.61579744243284,2.6121511649994207,False,False
1648.16,13038,t13038,300,1000.0,66,0,2,0.6540984465932349,False,351.0670317667194,3.0542456171626275,False,False
1648.99,13043,t13043,170,700.0,82,1,3,0.6443212776786866,True,108.56255915648696,1.544438761237795,True,True
1649.76,13052,t13052,270,200.0,65,4,1,0.6574508531653508,True,50.429798397845914,2.849746692034616,True,False
1650.96,13061,t13061,220,150.0,70,7,6,0.6394422235774462,True,32.89071318499303,2.015386139346065,True,False
1651.42,13064,t13064,170,100.0,94,6,2,0.6287576148901279,True,13.709683175202871,1.8003086905945633,True,False
1651.67,13066,t13066,120,75.0,97,3,6,0.6431532362215893,True,9.508718223878665,1.191762054288633,True,False
1653.14,13082,t13082,80,50.0,78,7,5,0.656099652590611,True,3.433060302543688,0.8434542225185142,True,False
1653.44,13084,t13084,300,250.0,71,4,5,0.6674825350419443,True,60.7410690757903,2.7738461669086343,True,False
1653.58,13085,t13085,220,150.0,69,5,7,0.6563879136487986,True,27.512476967849505,2.332137820584713,True,False
1654.5,13090,t13090,270,900.0,50,0,1,0.6550394422756689,False,287.393615573902,2.6492598853470364,False,False
1654.65,13093,t13093,120,75.0,33,7,6,0.6422355609240791,True,9.4046050744313,1.2088679718765047,True,False
1656.05,13102,t13102,120,75.0,37,1,2,0.64832246480867,True,9.487058642364612,1.2315309657264641,True,False
1656.24,13104,t13104,220,700.0,57,7,6,0.6449730315237793,False,157.549260298055,2.369305349036688,False,False
1656.31,13105,t13105,80,50.0,79,0,2,0.6504246594795521,True,3.944586210642955,0.7891071200761538,True,False
1656.92,13110,t13110,170,100.0,33,1,3,0.6470170339432947,True,18.390436069976914,1.7748716093901085,True,True
1656.97,13111,t13111,270,1000.0,33,7,5,0.6585598413569805,False,281.8328355788146,2.706083969870028,False,False
1657.02,13112,t13112,220,150.0,49,1,3,0.6496588750826106,True,33.50098270014036,2.0863953267240247,True,True
1657.84,13119,t13119,270,900.0,71,1,2,0.6509381973306785,False,202.87457765509384,2.884053297509764,False,False
1658.22,13123,t13123,170,100.0,98,3,7,0.6442232141602188,True,18.51293716963699,1.767655542154097,True,False
1659.45,13130,t13130,170,500.0,62,6,2,0.631613129258992,False,76.78248594183013,1.772996947216096,False,False
1660.35,13134,t13134,120,75.0,75,2,4,0.6224824468750955,True,10.24628309825857,1.1201680518159125,True,False
1660.86,13142,t13142,220,150.0,51,2,6,0.6327048018753617,True,33.68879982974909,2.0726842326265307,True,False
1661.65,13154,t13154,300,250.0,91,4,5,0.6697150661592873,True,66.55998635409081,2.753050070509433,True,False
1662.58,13162,t13162,220,150.0,72,1,3,0.6522478793991402,True,35.740948837363774,2.0745008641275193,True,True
1662.62,13163,t13163,170,100.0,27,6,4,0.6521229425438806,True,18.633856342576212,1.7062345594642403,True,False
1662.83,13164,t13164,300,250.0,60,0,2,0.6529983481081428,False,80.07962948199639,3.1879159823196557,False,False
1663.25,13174,t13174,270,1000.0,67,4,1,0.6598840179202256,False,221.60051332942857,2.472128708401875,False,False
1664.29,13181,t13181,80,50.0,48,5,3,0.6421475935787494,True,3.7062950889802915,0.8603960455495205,True,True
1664.9,13186,t13186,120,75.0,55,5,7,0.6588423371940045,True,7.5732697875573365,1.2382712633206552,True,False
1665.31,13188,t13188,220,150.0,53,4,1,0.6560945193800028,True,32.40343156613429,2.078297128791086,True,False
1666.05,13191,t13191,270,200.0,63,6,2,0.6282375333404788,True,62.03775399833913,2.7847755895354696,True,False
1666.24,13194,t13194,300,1200.0,40,3,7,0.6467694165436811,False,314.5432745230106,2.814798642748932,False,False
1667.29,13197,t13197,220,150.0,78,1,4,0.6349165477842953,True,34.50801986084513,2.407756357615678,True,False
1667.93,13203,t13203,270,200.0,36,1,2,0.6473276152022467,False,61.94580087070712,2.6090366691645936,False,False
1668.27,13206,t13206,270,200.0,47,1,3,0.6547851036293392,False,209.71216930506364,6.453814036473621,False,True
1669.5,13213,t13213,270,200.0,69,1,4,0.6378003986467912,True,55.048577420918825,2.8168200907726932,True,False
1669.59,13215,t13215,220,150.0,68,6,4,0.6546626655111848,True,34.25547088459589,2.0658324902687,True,False
1670.0,13217,t13217,120,75.0,24,4,6,0.6650955793449729,True,7.651968463789896,1.2134006037622191,True,False
1670.03,13218,t13218,220,900.0,95,1,2,0.6437892447163837,False,159.610259936383,2.215936233218274,False,False
1670.17,13219,t13219,220,150.0,28,7,2,0.6359984933540944,False,31.717417561331757,2.3683822740231157,False,False
1671.54,13235,t13235,270,900.0,78,0,1,0.6513468352483373,False,277.3968061226522,2.688133223351926,False,False
1672.67,13240,t13240,270,200.0,39,1,3,0.6378675833749343,False,176.58566577146675,4.807559323902917,False,True
1672.89,13242,t13242,170,100.0,86,2,4,0.6256149797557754,True,18.38994173823736,1.6809976694019013,True,False
1672.99,13243,t13243,220,150.0,21,6,2,0.6311034493403359,False,26.46573346931488,2.2099576917405668,False,False
1673.05,13246,t13246,270,1000.0,33,7,5,0.6547968263480227,False,230.8878754366461,2.6860917913553086,False,False
1673.31,13249,t13249,270,900.0,53,1,7,0.6294432980691144,False,215.72260254718253,2.707991164874022,False,False
1673.58,13251,t13251,170,700.0,94,6,4,0.6571515940191429,False,132.32922237424904,1.8408718347447646,False,False
1673.95,13254,t13254,120,75.0,43,2,4,0.6286848619788417,True,10.301475032386074,1.3081426318804994,True,False
1674.34,13260,t13260,170,100.0,67,3,6,0.6458723533153393,True,13.668390150860821,1.64988413774043,True,False
1674.6,13262,t13262,270,200.0,58,3,2,0.6563023416017488,True,54.016011652526934,2.8428773951607207,True,False
1674.84,13263,t13263,120,75.0,41,6,2,0.6277380470201959,True,8.249243289015018,1.0964647495841953,True,False
1674.88,13266,t13266,120,75.0,91,3,2,0.6587584765878957,True,10.242524999484603,1.2228980331391694,True,False
1675.67,13270,t13270,220,150.0,70,0,2,0.6493465629641618,True,29.31178788577739,2.024522796051036,True,False
1675.86,13271,t13271,220,150.0,24,6,5,0.6501421762316767,False,29.41705821818189,2.2333426042676146,False,False
1677.51,13278,t13278,270,900.0,97,6,5,0.646547514525225,False,271.8773651927678,2.7585880303601136,False,False
1679.24,13290,t13290,170,700.0,37,6,2,0.6306139527464586,False,123.61942621484333,1.8639182412860815,False,False
1679.86,13293,t13293,80,50.0,82,0,2,0.6519418135230604,True,4.585105337971681,0.8470211381595854,True,False
1680.39,13295,t13295,170,500.0,84,0,1,0.6477280803615524,False,98.6957041716929,1.7252410897930848,False,False
1680.42,13297,t13297,300,1000.0,87,4,6,0.6673758495762553,False,358.1127347180611,3.155818045223922,False,False
1680.77,13300,t13300,120,75.0,42,3,7,0.643090694879474,True,9.316925458690768,1.1388198570639148,True,False
1681.53,13307,t13307,220,700.0,90,1,6,0.6269870266079317,False,125.24959957464299,2.166054504176049,False,False
1681.96,13309,t13309,80,50.0,60,5,3,0.6386390053137521,False,8.90332412321668,2.2450975994945472,False,True
1682.2,13310,t13310,80,50.0,26,1,5,0.6265277410286493,True,3.8686080610691818,0.7716818118986498,True,False
1682.4,13312,t13312,80,50.0,32,0,2,0.654485159070781,True,4.441088297327456,0.8152476104263283,True,False
1682.5,13314,t13314,170,500.0,34,4,5,0.6719029466542833,False,100.52148285198567,1.7016375743581287,False,False
1682.74,13317,t13317,300,250.0,24,0,2,0.6569776377075471,False,68.51294985214611,3.2600169763459643,False,False
1683.99,13334,t13334,220,900.0,73,5,6,0.6333057106778951,False,230.9151430555854,2.0148807940791236,False,False
1684.09,13336,t13336,270,900.0,27,5,4,0.6449281095880841,False,219.9277376663923,2.7629782283185502,False,False
1684.13,13337,t13337,170,100.0,25,6,5,0.6430247460529023,True,16.830391747426006,1.6582647752457953,True,False
1684.14,13338,t13338,120,75.0,41,2,5,0.6535071810682537,True,8.032385811540715,1.16305666718002,True,False
1684.34,13340,t13340,170,100.0,21,2,5,0.6560192192650703,True,19.762495473030157,1.6977200639373173,True,False
1684.6,13342,t13342,80,50.0,53,3,6,0.6485370880672143,True,3.6979512013273492,0.7989273921199431,True,False
1684.75,13345,t13345,300,250.0,38,2,5,0.6584810166979508,False,70.22582446712651,2.886221351207935,False,False
1684.96,13347,t13347,170,100.0,47,5,7,0.6612476722683062,True,18.38977887593535,1.7565277405149564,True,False
1685.65,13351,t13351,80,50.0,63,5,7,0.6636049006411219,True,3.995616462812752,0.8443390179152899,True,False
1686.22,13355,t13355,80,50.0,85,6,2,0.627258340358196,True,4.055269400946164,0.8196789106241775,True,False
1686.64,13360,t13360,300,250.0,67,5,7,0.6659149844464813,False,70.05280378602772,2.9298513038163128,False,False
1686.91,13365,t13365,300,250.0,25,7,5,0.6511090716392441,False,67.64390844634255,2.8459365165610078,False,False
1687.0,13366,t13366,300,1200.0,49,7,2,0.6325351901536791,False,428.56030059400695,3.0208214055483804,False,False
1687.14,13371,t13371,300,250.0,50,7,6,0.6414817527114856,False,89.12279489620141,2.8799690742451807,False,False
1687.14,13369,t13369,270,200.0,55,0,1,0.6441817005725031,False,60.628288234349995,2.49794576201946,False,False
1687.25,13372,t13372,80,50.0,57,0,1,0.640706248379235,True,4.412462122303412,0.8602053108209469,True,False
1687.49,13377,t13377,170,100.0,57,0,1,0.6434743052298321,True,19.306661870054928,1.7938320810398998,True,False
1688.63,13384,t13384,170,100.0,93,6,2,0.6301438402176989,True,20.373796512617947,1.778891559690815,True,False
1688.9,13388,t13388,270,200.0,42,3,6,0.6511485281240519,False,58.87518038913183,2.842542296173061,False,False
1689.05,13389,t13389,270,200.0,55,2,6,0.6354813725045211,True,50.170087269265174,2.813566438431251,True,False
1689.14,13391,t13391,120,75.0,89,1,2,0.6403216416402377,True,8.704429444157189,1.112182955807713,True,False
1689.47,13398,t13398,170,100.0,75,7,6,0.6380602994754376,True,18.456400267351192,1.8476149521903384,True,False
1689.85,13400,t13400,120,75.0,74,7,5,0.647495072024641,True,7.935662075731885,1.2801587843019098,True,False
1690.98,13408,t13408,300,1200.0,97,1,4,0.6406265724920371,False,404.458953388906,2.886162120412984,False,False
1691.88,13416,t13416,120,75.0,44,2,6,0.6382024117210974,True,10.751543421621829,1.254821372157218,True,False
1692.15,13420,t13420,220,700.0,33,3,2,0.6611654888743196,False,175.63922441301813,2.051930613997899,False,False
1692.56,13423,t13423,300,250.0,72,2,6,0.6408690301533421,False,74.46956407105417,2.7540578014037833,False,False
1692.93,13426,t13426,270,200.0,33,5,7,0.6620048665757335,False,60.60223058574225,2.845619480282306,False,False
1693.16,13427,t13427,270,200.0,74,3,7,0.6456595476485513,True,47.832503465418505,2.8285100746036624,True,False
1693.65,13431,t13431,170,100.0,58,0,2,0.653246266771578,True,16.750077908784345,1.845469952006536,True,False
1693.81,13432,t13432,220,900.0,77,4,6,0.663436514402912,False,232.83479299951415,2.100004747660927,False,False
1694.05,13437,t13437,170,100.0,53,0,1,0.6461870009434173,True,17.726044044657773,1.585367910696574,True,False
1694.55,13442,t13442,220,700.0,86,4,5,0.6678730695393795,False,145.31852528060924,2.0565540279369863,False,False
1697.89,13458,t13458,170,500.0,86,6,2,0.6329716300800116,False,89.77521506094477,1.7758315013831714,False,False
1698.44,13459,t13459,170,100.0,98,6,5,0.6457464329500261,True,17.510669897464183,1.5686705387035516,True,False
1698.78,13460,t13460,270,200.0,95,4,6,0.6595759659330355,True,43.62310807710866,2.4976385164080908,True,False
1699.57,13468,t13468,170,100.0,64,5,2,0.6332702690084139,True,13.614947852203112,1.7330710073528974,True,False
1699.58,13469,t13469,120,75.0,21,5,2,0.6361870454464275,True,9.807361226092043,1.2353569717520394,True,False
1699.81,13473,t13473,80,50.0,54,1,2,0.6430973906256149,True,3.2849371444514706,0.7355988793644264,True,False
1699.98,13475,t13475,270,1000.0,23,7,6,0.6408812753041108,False,239.275250189021,2.5458201480748954,False,False
1699.98,13474,t13474,220,150.0,40,1,2,0.6458176246312843,True,34.83409435779629,2.3321760939310505,True,False
1700.13,13477,t13477,170,100.0,83,6,5,0.6484136861092072,True,18.656187896616363,1.6872746814505386,True,False
1700.83,13487,t13487,120,75.0,41,2,5,0.6547195781821735,True,9.73498110095691,1.2048993585000418,True,False
1700.88,13488,t13488,170,700.0,95,5,2,0.6390454863556807,False,125.24242342520232,1.5948527140980477,False,False
1701.79,13498,t13498,80,50.0,52,3,2,0.657350360915015,True,3.5735558273000323,0.8715814227831556,True,False
1702.46,13508,t13508,170,100.0,56,7,6,0.6374718316162103,False,14.556454151075043,1.7172695295063245,True,False
1703.64,13514,t13514,300,250.0,68,6,5,0.651027594205205,False,83.65375579391741,3.0530286871669405,False,False
1703.95,13517,t13517,270,200.0,65,4,1,0.6585548108105846,True,49.698851773844524,2.7076769963520477,True,False
1704.61,13523,t13523,80,50.0,27,7,6,0.6341305768020679,True,3.4916534106764274,0.7480772270718345,True,False
1704.65,13525,t13525,220,700.0,62,0,2,0.6557635232543283,False,123.36823383613026,2.0573566275637774,False,False
1705.12,13529,t13529,170,100.0,55,5,2,0.6356727584467489,True,17.62595430878244,1.530339633800181,True,False
1705.46,13533,t13533,220,900.0,50,4,6,0.6619666284325566,False,213.67511776721406,2.2243328538371476,False,False
1705.48,13534,t13534,220,900.0,32,0,2,0.6520564346074235,False,159.70178579188934,2.385034558489233,False,False
1705.6,13536,t13536,80,50.0,76,2,5,0.6572073684367118,True,3.739813646978026,0.8613937850311096,True,False
1705.78,13539,t13539,120,75.0,99,3,6,0.6475337393797526,True,8.36691587686784,1.1171561701672375,True,False
1705.85,13542,t13542,270,1000.0,42,3,6,0.6501652464103395,False,230.10989917569805,2.9582341202444478,False,False
1706.38,13548,t13548,270,900.0,86,4,1,0.6609658964125548,False,274.96309582625787,2.5942507768142593,False,False
1707.22,13555,t13555,300,250.0,66,2,6,0.637308316216942,False,69.15567202688801,2.8695072851352177,False,False
1708.43,13561,t13561,170,100.0,95,4,1,0.6571547603024855,True,17.6038865376133,1.831413420394263,True,False
1708.53,13563,t13563,220,900.0,21,3,2,0.6597855355148965,False,159.53273642979659,2.094894655373198,False,False
1709.17,13571,t13571,270,200.0,69,2,6,0.6338188165592697,True,53.48874205710537,2.579429072022652,True,False
1709.71,13577,t13577,170,100.0,97,2,5,0.6596454028861595,True,15.09855842520772,1.5502630031521623,True,False
1709.82,13578,t13578,220,150.0,43,4,6,0.6581354776820872,True,32.262905981549046,2.1453761938942,True,False
1710.28,13586,t13586,170,700.0,98,5,2,0.6385414850959957,False,142.124519465378,1.6970230930394876,False,False
1710.43,13587,t13587,300,1000.0,97,7,5,0.65012735240233,False,321.7876277933128,3.147874527780478,False,False
1710.64,13590,t13590,170,100.0,76,4,6,0.6605549499466273,True,18.032989233885687,1.8128520843010554,True,False
1710.74,13592,t13592,220,150.0,55,6,5,0.6474152241392827,True,38.30589569935313,2.194628744692251,True,False
1710.74,13593,t13593,170,100.0,71,6,4,0.6534167439569419,True,14.616429216677544,1.7408284937335612,True,False
1710.99,13595,t13595,80,50.0,24,2,6,0.636573106894751,True,4.604425839185549,0.844279609679704,True,False
1711.3,13599,t13599,270,200.0,34,2,4,0.6316933465574467,False,51.53438890346539,2.7090505774383447,False,False
1711.59,13602,t13602,170,700.0,35,2,5,0.6620346766466181,False,109.65212787477643,1.5419349832234444,False,False
1712.59,13609,t13609,220,150.0,85,1,2,0.6484834539568404,True,30.908968613759153,2.1537871768516825,True,False
1712.66,13610,t13610,80,50.0,42,7,5,0.6465329871724653,True,3.515763971913514,0.7309052015347506,True,False
1713.54,13616,t13616,170,100.0,57,5,2,0.6351788372122577,True,15.037344090972686,1.7015637388660787,True,False
1713.55,13617,t13617,170,500.0,56,7,5,0.6491845092471978,False,76.61918541610679,1.610861509616992,False,False
1713.74,13619,t13619,300,1000.0,39,6,4,0.6559305908959848,False,248.08095827770867,3.255009026742477,False,False
1714.61,13624,t13624,270,200.0,65,2,6,0.6392723114235227,True,60.8936357386232,2.8237562915661503,True,False
1714.95,13632,t13632,170,100.0,91,5,7,0.6581729510624007,True,19.401091853960867,1.5633895829702278,True,False
1715.27,13634,t13634,170,500.0,69,0,1,0.6488454427427307,False,75.2579759855789,1.7254969324820837,False,False
1716.11,13641,t13641,270,200.0,37,6,4,0.6522201608962469,False,50.75981392874747,2.776336211360775,False,False
1716.25,13643,t13643,220,150.0,47,7,6,0.6370301470842084,True,35.18778440905481,2.1049299021540904,True,False
1718.09,13656,t13656,80,50.0,94,1,4,0.6372222228603782,True,4.110335728820117,0.8000070968639286,True,False
1718.15,13657,t13657,300,250.0,69,4,6,0.6629260327658767,False,71.22083386991497,2.7828053120607987,False,False
1718.59,13662,t13662,80,50.0,75,5,7,0.6605916738593344,True,3.5989926308486537,0.8073846422022033,True,False
1718.71,13663,t13663,80,50.0,66,3,7,0.6481770233622469,True,4.604525217125464,0.8058998153845744,True,False
1719.13,13665,t13665,170,100.0,96,3,7,0.6506441495616687,True,16.603948779970874,1.54498623574369,True,False
1719.77,13671,t13671,170,100.0,29,1,4,0.6400599602213525,True,19.16804733092174,1.6772763521750769,True,False
1719.85,13672,t13672,120,75.0,21,3,2,0.6559980066227803,True,7.462868060634333,1.2307131195612253,True,False
1720.22,13674,t13674,220,900.0,62,6,4,0.6485839394965038,False,226.02530205015506,2.1800655803818416,False,False
1720.77,13678,t13678,170,100.0,42,7,1,0.6316499319741485,True,18.43706315267995,1.8183940271368075,True,False
1721.27,13681,t13681,220,700.0,48,3,6,0.6465701233003144,False,147.90137496566027,2.072164854353894,False,False
1722.67,13692,t13692,300,250.0,93,7,6,0.639871725960706,True,70.48111446990494,2.9360680777683976,True,False
1722.82,13694,t13694,220,900.0,76,7,6,0.6426564732596737,False,181.84607591312198,2.1243350367971363,False,False
1723.31,13697,t13697,80,50.0,94,6,5,0.6500491014746789,True,3.79623096154185,0.7815148720208075,True,False
1723.46,13700,t13700,220,150.0,98,3,2,0.6584602283085066,True,28.160891777796337,2.1354991108492443,True,False
1723.77,13706,t13706,300,250.0,52,1,4,0.6428409428351073,False,81.02098716783804,2.7693467649750585,False,False
1724.19,13707,t13707,220,900.0,98,0,2,0.6484234877334568,False,176.68407545630913,2.087375588368699,False,False
1724.7,13709,t13709,170,500.0,49,7,1,0.6344476000013323,False,100.37532227529788,1.6481501476175595,False,False
1724.72,13710,t13710,300,250.0,65,3,6,0.64304690265249,False,88.42850360918099,3.1782947866393725,False,False
1724.93,13712,t13712,120,75.0,91,2,4,0.6284676614444796,True,8.575885062635592,1.081716111017594,True,False
1725.21,13714,t13714,270,900.0,85,7,1,0.6310153146679723,False,220.53582928409799,2.4725773487512486,False,False
1725.94,13724,t13724,170,500.0,97,1,2,0.6510959666958854,True,96.21889625001577,1.75119016471823,True,False
1726.31,13730,t13730,170,100.0,33,3,4,0.6409500686400574,True,18.965825797130506,1.7424530393268265,True,False
1726.72,13732,t13732,220,150.0,96,4,6,0.6590756939287409,True,30.897995033473162,2.046350075624259,True,False
1727.49,13738,t13738,300,250.0,62,6,5,0.6526303012633671,False,68.63501009483204,3.28664396530608,False,False
1729.19,13755,t13755,300,250.0,76,1,5,0.629427852874743,False,81.70709891247176,2.752408102285173,False,False
1729.6,13759,t13759,270,200.0,67,6,4,0.6450204425247555,True,53.47257823210386,2.634043747937677,True,False
1729.74,13761,t13761,80,50.0,24,2,4,0.6314804900337718,True,3.9126426901076843,0.7405652709308106,True,False
1730.6,13770,t13770,270,200.0,34,0,1,0.6452767157060578,False,60.23537867471628,2.5682723102226905,False,False
1730.64,13771,t13771,270,1000.0,43,0,5,0.6279513282517549,False,323.9112240738473,2.8882658504887306,False,False
1731.24,13775,t13775,120,75.0,83,1,2,0.6536562291801497,True,10.182603018063999,1.0909384651869083,True,False
1731.32,13776,t13776,220,150.0,74,4,1,0.6595938469146175,True,33.27233290260807,2.279668775142972,True,False
1732.09,13781,t13781,220,150.0,28,1,2,0.6561652864147284,False,39.024188833936186,2.284808366173382,False,False
1732.44,13783,t13783,170,100.0,48,5,4,0.6414377292145043,True,17.80781926973725,1.6104538134225115,True,False
1735.3,13802,t13802,300,250.0,58,6,2,0.629568864145078,False,68.63713065664746,2.805716863757148,False,False
1735.91,13806,t13806,170,100.0,58,1,4,0.6393923057965869,False,19.114511527474363,1.641392587275241,True,False
1736.43,13810,t13810,170,500.0,54,0,1,0.6417793632101186,False,70.71589689169133,1.564652581027255,False,False
1736.45,13811,t13811,220,900.0,75,4,6,0.6614763618683479,False,160.86014404051394,2.372887769332727,False,False
1736.55,13812,t13812,220,700.0,35,5,7,0.6629620222003295,False,161.0391110861705,1.996256973769737,False,False
1736.69,13813,t13813,270,900.0,74,3,2,0.6608732055605183,False,202.28833839914887,2.5295551761681963,False,False
1736.79,13816,t13816,270,1000.0,97,2,5,0.6582021649318676,False,258.3206049314546,2.786697589855725,False,False
1736.87,13817,t13817,170,100.0,67,4,5,0.6639237899667737,True,16.33126874925533,1.8436562198355455,True,False
1736.9,13818,t13818,170,100.0,27,5,7,0.6591109635745048,True,19.09560982992304,1.6570675453735018,True,False
1737.07,13819,t13819,220,150.0,34,0,5,0.6246489683533866,True,28.931856440403383,2.04326681727097,True,False
1737.58,13822,t13822,220,700.0,42,7,6,0.639211525612662,False,183.89677746964676,2.3226546142127558,False,False
1737.67,13823,t13823,80,50.0,97,3,7,0.6530619332371019,True,3.7376205225159063,0.7210553978358526,True,False
1737.89,13825,t13825,80,50.0,24,4,1,0.6619841517945071,False,3.346731452419196,0.8717483891865776,True,False
1739.43,13837,t13837,220,150.0,33,5,7,0.6615109261211966,False,35.632678221353565,2.294176963976571,False,False
1740.2,13842,t13842,80,50.0,46,7,2,0.6291411530172722,True,3.274122709930036,0.851501031877263,True,False
1740.65,13846,t13846,220,700.0,43,7,5,0.6456090008804357,False,168.10522905325004,2.208116465477334,False,False
1740.7,13847,t13847,270,900.0,54,6,5,0.6489858770562816,False,269.64186277376734,2.724265781385771,False,False
1741.39,13852,t13852,220,700.0,27,7,6,0.6358354769185907,False,140.13008967524834,2.100411620122026,False,False
1741.49,13855,t13855,270,200.0,41,7,2,0.6319889966235934,False,55.84217899027079,2.6436011763285827,False,False
1741.74,13858,t13858,80,50.0,54,7,2,0.6286058833577882,True,3.2589334297422927,0.8456493890349823,True,False
1742.94,13871,t13871,300,250.0,67,1,7,0.6261110987743989,False,83.67599033483351,2.8560350540113526,False,False
1742.98,13872,t13872,170,100.0,54,1,5,0.6260959624839147,True,18.385229970919195,1.7240215748020928,True,False
1742.99,13873,t13873,300,1000.0,37,6,2,0.626234153528843,False,277.99263548025897,3.2435352873008023,False,False
1743.79,13880,t13880,220,150.0,94,2,5,0.654446303451412,True,38.94743328823833,2.019280802312853,True,False
1743.8,13882,t13882,80,50.0,79,4,5,0.6662274959856201,True,4.162694477328271,0.8436760224996498,True,False
1743.8,13883,t13883,170,100.0,44,6,4,0.6477022154924422,True,17.550854528681395,1.8594164463284608,True,False
1744.23,13887,t13887,270,200.0,53,1,2,0.6524501625046156,True,49.542345957766834,2.7336555428258302,True,False
1744.45,13889,t13889,220,150.0,99,2,4,0.6344330620512783,True,28.81383077550182,2.1138788311470647,True,False
1745.16,13892,t13892,220,150.0,82,0,1,0.638351957764098,True,30.266479609757752,2.0800507779708295,True,False
1745.53,13895,t13895,170,100.0,82,6,1,0.6232451829505375,True,20.234337524672572,1.5595368444111295,True,False
1745.68,13896,t13896,300,250.0,26,7,2,0.6314644323572991,False,65.06207701155506,2.8456828870975897,False,False
1745.76,13897,t13897,220,150.0,85,3,2,0.6570639232674896,True,38.54125492683498,2.197222527430391,True,False
1745.79,13898,t13898,220,700.0,62,0,5,0.6275866556529854,False,149.67879697650596,2.0473242114994497,False,False
1745.87,13901,t13901,270,200.0,91,5,4,0.644191156448396,True,62.58383999314444,2.9378089886692633,True,False
1746.47,13905,t13905,170,500.0,92,4,6,0.6576550164491627,False,96.99543821891807,1.7983561751051642,False,False
1746.58,13908,t13908,220,150.0,62,5,4,0.6468895151376098,True,27.252709453463538,2.226304273507942,True,False
1746.78,13911,t13911,300,1000.0,25,5,4,0.6495339066530396,False,358.96909676688335,3.170497769144804,False,False
1747.41,13914,t13914,170,100.0,28,0,1,0.6411671004269979,True,15.748422722803435,1.7476724498379181,True,False
1748.54,13922,t13922,300,250.0,75,3,4,0.6437132490854381,True,60.15682843967956,2.8953080873578467,True,False
1748.74,13925,t13925,300,250.0,80,0,1,0.6439259402366397,True,76.23236947660592,3.254567135222471,True,False
1749.85,13932,t13932,170,700.0,39,4,6,0.6539100979383613,False,108.28612545412741,1.566230453509525,False,False
1750.34,13939,t13939,270,1000.0,81,6,5,0.6454143413333377,False,242.2302924863497,2.9634417769266213,False,False
1750.5,13941,t13941,120,75.0,90,0,1,0.6466296032500888,True,7.27161737006934,1.090103321904783,True,False
1750.55,13942,t13942,120,75.0,20,5,4,0.6459514103381605,True,9.26900700812583,1.24712941144377,True,False
1750.61,13943,t13943,170,100.0,64,7,2,0.6280918103768197,True,17.35085337146712,1.624254003928061,True,False
1751.32,13952,t13952,220,900.0,62,1,2,0.6549833410727052,False,237.12340392022665,2.220257440366114,False,False
1752.15,13960,t13960,170,100.0,71,1,2,0.6512918560694329,True,14.460589697276005,1.6439091789225988,True,False
1752.8,13967,t13967,220,900.0,89,5,7,0.6576888894169545,False,233.53108297747724,2.1377410884186414,False,False
1753.44,13974,t13974,220,150.0,25,1,2,0.6538482007662261,False,38.975648823680075,2.23439824101751,False,False
1753.5,13976,t13976,80,50.0,26,6,1,0.6262109459581934,True,3.5491948920952816,0.7702983349979667,True,False
1753.57,13978,t13978,300,250.0,34,2,4,0.6373265826284344,False,77.18939315830866,2.8194081000317825,False,False
1753.59,13980,t13980,80,50.0,87,1,2,0.6501794185690833,True,3.2647051162201333,0.8428998876986546,True,False
1753.68,13981,t13981,270,1000.0,28,0,5,0.6242915892065924,False,296.03900173500745,2.7387702077593663,False,False
1753.71,13982,t13982,300,250.0,63,6,4,0.6503303530007752,False,88.80044123379628,2.758892239766098,False,False
1753.86,13984,t13984,220,700.0,21,4,1,0.6581526505767988,False,152.24639360907634,2.419553610111209,False,False
1755.25,13995,t13995,170,100.0,37,1,2,0.6527580120158835,True,18.99474864822123,1.5748673464291079,True,False
1755.68,14001,t14001,170,100.0,61,1,2,0.6552850335937476,True,14.678204668830649,1.6253433143042997,True,False
1755.68,14002,t14002,300,1000.0,83,0,1,0.6492791930032688,False,317.8687838881225,2.9256237626290176,False,False
1755.71,14003,t14003,120,75.0,96,4,1,0.6543977793834446,True,10.672499764324412,1.2055655090074617,True,False
1756.13,14006,t14006,120,75.0,47,7,2,0.63096064083595,True,10.372586825312128,1.2876504813052068,True,False
1756.16,14007,t14007,270,200.0,81,0,5,0.6210624240891273,True,47.86509046147342,2.6337698662611704,True,False
1756.2,14008,t14008,270,900.0,41,4,5,0.6684851278840894,False,289.3713910666541,2.6767335400263437,False,False
1756.81,14013,t14013,300,250.0,65,2,5,0.6569395592005656,False,85.85693212813126,2.74743986529771,False,False
1759.48,14030,t14030,120,75.0,83,3,4,0.6464211659219112,True,8.167821629052968,1.2744423047933124,True,False
1759.55,14032,t14032,80,50.0,80,6,1,0.6291173937056962,True,4.187758318470886,0.8373783932034149,True,False
1759.57,14033,t14033,270,900.0,27,7,5,0.6421050026810088,False,219.60159650570594,2.5669665470255727,False,False
1761.84,14050,t14050,120,75.0,99,3,2,0.6595048266203217,True,8.492259351820127,1.1743279107841091,True,False
1764.58,14078,t14078,300,250.0,59,5,7,0.6539432934467971,False,61.094860651420596,3.060082730105566,False,False
1765.26,14084,t14084,270,1000.0,25,2,5,0.6532089498347361,False,293.6999691162347,2.6497606829577323,False,False
1765.31,14085,t14085,170,100.0,80,7,6,0.6325269491984006,True,19.538728399445905,1.5912118195984404,True,False
1765.68,14091,t14091,300,250.0,21,3,2,0.6618969119060971,False,67.51049299802192,2.841683477570911,False,False
1766.38,14093,t14093,80,50.0,75,7,5,0.6386710844455704,True,3.4132792697997356,0.852841925434265,True,False
1766.74,14100,t14100,300,1000.0,24,7,5,0.6414798445748408,False,326.466895915731,2.8211862377301182,False,False
1766.79,14101,t14101,120,75.0,35,5,4,0.6486145639495792,True,8.196828492907615,1.277260199237252,True,False
1767.16,14102,t14102,270,900.0,50,5,2,0.6380574422861943,False,238.09997296559303,2.776682956558943,False,False
1767.24,14105,t14105,80,50.0,87,3,7,0.6554313612390266,True,3.8658949246920775,0.8565314941348424,True,False
1767.35,14106,t14106,120,75.0,22,3,7,0.6577534006809127,False,10.486542636375143,1.265969478907333,True,False
1768.13,14116,t14116,300,250.0,38,7,6,0.6354585920326145,False,71.64730367540548,2.806195344421443,False,False
1769.02,14121,t14121,300,250.0,86,3,7,0.6538549993339612,True,71.06068266517762,3.0772214929078223,True,False
1769.14,14123,t14123,220,150.0,28,5,4,0.6512244544887694,False,29.32168367956535,2.3067410246993933,False,False
1769.7,14128,t14128,300,1200.0,62,6,1,0.631965712498249,False,325.6819108956633,2.7303785900889936,False,False
1769.77,14129,t14129,270,1000.0,77,4,5,0.6645236071445896,False,218.95679729307437,2.6069900338165817,False,False
1770.29,14134,t14134,300,1200.0,61,1,4,0.636012641498837,False,294.61291435437073,3.220427110534842,False,False
1770.87,14142,t14142,170,100.0,40,0,5,0.6240718422740114,True,14.696233924441366,1.832966947979548,True,False
1771.0,14143,t14143,270,200.0,65,1,2,0.6577615147400545,True,48.369690233028294,2.950016424775955,True,False
1771.33,14144,t14144,270,200.0,35,4,1,0.6568920056139576,False,44.35123101299927,2.510910920587285,False,False
1771.42,14145,t14145,270,900.0,21,0,2,0.6448631997969695,False,242.4772879798672,2.936484742818148,False,False
1771.47,14146,t14146,300,1000.0,35,4,1,0.6531623473198601,False,337.81168858784014,3.225528521445103,False,False
1771.8,14147,t14147,120,75.0,88,6,5,0.6419142363248528,True,8.294218375504348,1.319264793611327,True,False
1771.85,14148,t14148,270,200.0,54,5,7,0.650272609396043,False,54.89087120433361,2.5244219054048442,False,False
1772.1,14150,t14150,300,250.0,67,4,6,0.6502400777977759,True,66.48965522495982,3.0966344997665685,True,False
1772.4,14152,t14152,300,250.0,21,2,5,0.6495529526562233,False,85.71642132484507,3.0427372540402513,False,False
1772.7,14155,t14155,220,900.0,62,0,1,0.6457017909613852,False,229.47763033126918,2.0167990776759708,False,False
1773.64,14165,t14165,300,250.0,41,3,7,0.6562085660139486,False,81.26395399681911,2.8892568727208032,False,False
1773.85,14167,t14167,170,500.0,41,4,6,0.6528174580600022,False,75.36326192563435,1.6239083142736255,False,False
1773.99,14169,t14169,80,50.0,52,7,2,0.6337720946858977,True,4.017225456879822,0.7986250813182553,True,False
1774.71,14176,t14176,80,50.0,77,4,2,0.6494439312138165,True,4.757132128673074,0.8784247074876455,True,False
1775.85,14183,t14183,300,250.0,70,6,1,0.6285830649149506,False,69.58078170905128,3.281146877107626,True,False
1776.08,14184,t14184,120,75.0,95,7,5,0.6380584295015258,True,9.587672072438853,1.295960216343836,True,False
1776.18,14186,t14186,220,700.0,56,7,6,0.6321576020101439,False,183.7365865767105,2.0766946731904894,False,False
1776.85,14192,t14192,270,200.0,55,2,6,0.6419175318617188,False,64.66804782466193,2.9424872048888004,False,False
1776.96,14195,t14195,270,200.0,72,6,5,0.6446581334165375,True,52.96823394055905,2.5252822066113856,True,False
1776.97,14196,t14196,220,700.0,42,2,4,0.6339882327940476,False,129.94863685676717,2.3065625637431415,False,False
1777.11,14202,t14202,300,1200.0,36,7,6,0.6289226317881228,False,357.4005279147203,2.9572551480611065,False,False
1777.71,14205,t14205,220,700.0,73,1,4,0.6327005704870421,False,132.9259313743963,2.0305857372344707,False,False
1777.73,14206,t14206,300,250.0,50,7,5,0.6408794427296771,False,78.03879538632182,2.854557529418393,False,False
1779.61,14219,t14219,270,200.0,83,7,5,0.6374700356932653,True,43.89084180621823,2.644812835097605,True,False
1779.68,14221,t14221,300,250.0,72,5,7,0.6466753390263039,True,64.07257413953309,2.812822120195516,True,False
1780.43,14224,t14224,170,100.0,30,1,2,0.6601884662634353,True,19.13867871679647,1.8258853964352293,True,False
1780.84,14227,t14227,220,150.0,46,1,2,0.6625668787563483,True,35.7132913344855,2.0404571119140336,True,False
1780.91,14228,t14228,80,50.0,33,2,6,0.6383358478911512,False,3.8297415088815767,0.7580562480876283,True,False
1782.38,14238,t14238,300,1000.0,85,7,1,0.6276516750412795,False,348.61726739557486,3.2341214709942987,False,False
1782.63,14240,t14240,170,100.0,90,3,7,0.6523410613603363,True,15.460896141376375,1.702237108546744,True,False
1782.7,14242,t14242,170,100.0,63,5,4,0.6476081472171759,True,19.853744718304945,1.8217077843614964,True,False
1783.08,14244,t14244,120,75.0,42,7,5,0.6403028167975818,True,7.913501503357884,1.2736907199560645,True,False
1783.1,14245,t14245,220,150.0,34,3,2,0.658067155486157,True,30.80488871363588,2.3611769362931656,True,False
1784.08,14255,t14255,220,900.0,94,5,2,0.6347044752586523,False,203.67879481558091,2.108229603209083,False,False
1785.17,14264,t14264,80,50.0,65,7,5,0.6430789422798121,True,4.023599048684469,0.7948465555193489,True,False
1785.31,14267,t14267,170,100.0,93,4,2,0.652037234407722,True,17.191411234820187,1.6908453682535562,True,False
1785.38,14268,t14268,170,500.0,73,7,2,0.6365273194588464,False,88.0761458408756,1.7493388631409417,False,False
1786.24,14274,t14274,300,250.0,49,6,1,0.6252680702833183,False,60.24176506472917,2.76805758830749,False,False
1786.26,14275,t14275,170,100.0,99,4,5,0.6606413168198796,True,17.28859534068412,1.5616064579846123,True,False
1786.45,14278,t14278,220,150.0,24,3,4,0.6490749244216548,False,28.421806347601155,2.2459916320300293,False,False
1788.13,14292,t14292,120,75.0,43,0,5,0.6270210720951978,True,9.890382821730805,1.3076216583726232,True,False
1789.39,14302,t14302,270,200.0,73,7,2,0.6330534397363361,True,49.690335722384695,2.888614389659437,True,False
1790.19,14305,t14305,120,75.0,54,4,2,0.6545786715377494,True,8.346822566143594,1.2320935702701001,True,False
1791.41,14316,t14316,170,100.0,66,6,2,0.6229661371249329,True,16.42429216155032,1.769077759796054,True,False
1792.39,14322,t14322,220,150.0,52,5,1,0.6317403293907781,True,28.813055151003194,2.383219374001496,True,False
1792.47,14324,t14324,170,100.0,88,4,5,0.6630106723016638,True,19.252739170162865,1.7835819015494083,True,False
1792.6,14328,t14328,170,100.0,98,3,4,0.6455016077514035,True,13.788718622888787,1.550021074279515,True,False
1792.85,14329,t14329,170,100.0,73,1,4,0.629454740895483,True,17.66259574618861,1.7148697468408258,True,False
1793.68,14339,t14339,300,250.0,46,4,1,0.6495072821916448,False,76.60164611182557,3.0312358398349133,False,False
1794.89,14349,t14349,170,700.0,70,4,6,0.649169290716984,False,98.29820243475365,1.6800740673373782,False,False
1795.3,14354,t14354,170,500.0,66,7,5,0.6457995452523977,False,80.93029001304288,1.8555919080547483,False,False
1795.57,14359,t14359,170,500.0,74,0,2,0.6413741176192119,True,73.4945958936591,1.59635475530361,True,False
1795.85,14360,t14360,80,50.0,21,5,1,0.6345361894696292,True,3.503364400983679,0.8744584564147744,True,False
1795.93,14362,t14362,80,50.0,86,3,2,0.6604879941946157,True,4.323632222979601,0.8624641269813307,True,False
1796.51,14366,t14366,170,500.0,82,3,2,0.6628604161289052,False,86.82257751124922,1.6001359522171867,False,False
1796.92,14370,t14370,270,200.0,38,3,4,0.6481737574145573,False,43.983920399799956,2.5228251972257105,False,False
1797.32,14374,t14374,220,150.0,33,1,2,0.6648977229994032,False,34.62731091429104,2.1060974967334016,False,False
1799.75,14393,t14393,300,250.0,35,4,5,0.6653326406738124,False,72.58820674348266,2.9050492244219406,False,False
1799.9,14395,t14395,170,100.0,46,1,5,0.6290047099009032,True,15.732637274115438,1.8062252814441486,True,False
1800.17,14396,t14396,170,500.0,79,6,2,0.6259374810491009,True,74.33060085141047,1.7420437330333887,True,False
1801.03,14402,t14402,300,250.0,68,3,2,0.6590113896245089,False,86.80013959093363,2.7861589991169673,False,False
1801.28,14404,t14404,80,50.0,65,2,5,0.6459700754212806,True,4.309069863884707,0.8000371832439281,True,False
1801.34,14405,t14405,170,100.0,58,3,2,0.6552393436502005,True,19.74040531988006,1.7402182944429523,True,False
1801.89,14410,t14410,270,200.0,37,7,2,0.6358230376082761,False,51.32269687245659,2.9080506438967797,False,False
1802.05,14411,t14411,270,900.0,58,1,2,0.661007950357597,False,276.9128126371568,2.5437953671175917,False,False
1802.5,14415,t14415,120,75.0,64,4,5,0.6614341696785179,True,9.979324717460026,1.0848758106147371,True,False
1803.19,14421,t14421,170,100.0,59,5,7,0.6493240140639597,False,19.688628918258736,1.5529945692565492,True,False
1803.92,14425,t14425,270,200.0,51,7,4,0.6273090107308966,True,49.739763578791525,2.934067467042045,True,False
1804.38,14429,t14429,300,250.0,57,3,4,0.644618464084448,False,66.44364282529324,2.804858398478367,False,False
1804.67,14432,t14432,270,200.0,94,2,4,0.6307166499563485,True,50.59760670488683,2.794100989936906,True,False
1804.99,14435,t14435,170,100.0,71,1,2,0.6571959731686269,True,19.434160318812438,1.5748215492359312,True,False
1805.54,14438,t14438,80,50.0,20,2,5,0.6486328557310367,True,4.163415523332976,0.840975856461959,True,False
1806.35,14444,t14444,170,100.0,66,4,2,0.6570692799251762,True,18.838099452409246,1.8008329939825765,True,False
1806.37,14445,t14445,300,1000.0,48,0,5,0.6299113173199605,False,278.50282932732296,2.7002984512365096,False,False
1807.28,14452,t14452,270,200.0,62,3,2,0.6577167385953784,True,57.115894914131914,2.7579139145710934,True,False
1807.94,14457,t14457,300,250.0,96,5,1,0.6372761323469033,False,76.48477544133617,3.0640598041088554,True,False
1808.67,14460,t14460,120,75.0,83,4,5,0.6637876681031293,True,9.581945662518248,1.1851503311574885,True,False
1808.72,14461,t14461,220,900.0,74,1,4,0.6324478278957552,False,204.5542463204934,2.0253279038748655,False,False
1808.77,14462,t14462,300,1200.0,82,2,5,0.6512423804345978,False,347.6151746401724,3.270275546351127,False,False
1809.08,14463,t14463,170,500.0,71,2,4,0.6336844987754032,False,83.97381741777374,1.6771916085516947,False,False
1810.36,14468,t14468,170,100.0,98,5,4,0.650238166091014,True,13.809090903440623,1.6321467386052375,True,False
1811.05,14470,t14470,170,100.0,31,5,4,0.6528155845873757,True,14.916277028724378,1.7629380195557949,True,False
1811.85,14475,t14475,80,50.0,39,0,5,0.6265697576402279,True,4.270836694980929,0.824880404589684,True,False
1812.5,14480,t14480,170,100.0,62,1,5,0.6318552823695518,True,17.830266321320767,1.6867650543563488,True,False
1813.27,14483,t14483,120,75.0,87,0,5,0.6294690291540901,True,9.721857412876265,1.1009241973460562,True,False
1813.64,14487,t14487,220,700.0,78,2,4,0.630418990618077,False,172.5886485047212,2.232032268742218,False,False
1813.89,14490,t14490,120,75.0,48,7,2,0.6323632435227772,False,8.333757530389851,1.1699248677193999,True,False
1814.61,14495,t14495,220,150.0,44,4,5,0.6660940965592487,True,29.613138918029495,2.263524309113036,True,False
1814.81,14498,t14498,170,100.0,27,0,5,0.6323103152376749,True,16.50272367675715,1.8668988104231266,True,False
1815.23,14499,t14499,300,250.0,20,2,5,0.6476257146440877,False,70.4056636459894,2.8684415998995867,False,False
1815.97,14505,t14505,170,100.0,47,0,1,0.6421959369603393,True,15.110476657023893,1.685783918321553,True,False
1817.04,14513,t14513,270,200.0,39,7,2,0.6289726453189883,False,51.66220146942389,2.4937125013269537,False,False
1817.55,14514,t14514,300,250.0,58,5,7,0.6457457156008622,False,86.44969709845275,3.087175750516112,False,False
1818.36,14518,t14518,300,1000.0,83,4,7,0.6465742421210331,False,249.44133420301924,3.2874122882820087,False,False
1818.5,14522,t14522,120,75.0,93,2,6,0.6348257975999948,False,9.599568620038855,1.3089303390600084,True,False
1819.07,14525,t14525,300,1000.0,54,3,4,0.6411342766209408,False,327.73648410336017,3.0036759899539387,False,False
1819.42,14528,t14528,300,1000.0,41,1,4,0.6292070531560219,False,326.56105946581295,3.2349687979543043,False,False
1819.48,14529,t14529,270,200.0,86,2,5,0.6440813821693877,True,58.64556163418102,2.4792275996632243,True,False
1819.49,14530,t14530,300,1200.0,28,4,1,0.6459253183659938,False,328.9313132667071,2.954799209981755,False,False
1819.87,14538,t14538,300,250.0,41,3,1,0.640721633812281,False,89.906814531613,2.7179565815637163,False,False
1820.06,14539,t14539,220,150.0,43,1,2,0.6596342355234361,False,27.092172549416485,2.3653507311389155,True,False
1820.15,14542,t14542,170,700.0,72,1,2,0.6558497326311492,False,100.93814747662998,1.582571586792035,False,False
1820.41,14545,t14545,300,1000.0,67,5,1,0.6337872763666319,False,330.2314789759083,2.7355908104106175,False,False
1821.53,14554,t14554,170,100.0,26,3,2,0.6601445856416527,True,15.408339333781704,1.639837941978648,True,False
1823.51,14564,t14564,220,150.0,79,4,6,0.6455940867208262,True,32.536998203857664,2.077119163821683,True,False
1824.02,14568,t14568,80,50.0,90,5,4,0.6553414547138099,True,3.3401081979570395,0.8434647376958939,True,False
1824.6,14572,t14572,170,700.0,23,7,6,0.6257523609705422,False,132.43716300641165,1.7123165619016558,False,False
1824.84,14575,t14575,220,700.0,35,1,4,0.6260310939110832,False,134.7434347963855,2.341117048575526,False,False
1825.06,14576,t14576,270,200.0,47,7,5,0.6422917361655315,False,58.04646158970499,2.906433068810393,False,False
1825.42,14581,t14581,300,250.0,58,6,5,0.6473471525663886,False,79.64651262889923,2.9961900437815387,False,False
1825.42,14580,t14580,170,500.0,60,3,2,0.6625238757470014,False,97.54911299829233,1.7685374212700131,False,False
1825.55,14583,t14583,300,250.0,40,6,2,0.6288493980947856,False,86.84798907413561,3.0372263427890953,False,False
1825.6,14584,t14584,220,900.0,51,3,7,0.6547249067997961,False,181.379754236091,2.226331513027924,False,False
1825.62,14585,t14585,220,150.0,66,6,5,0.6438083913332427,True,28.4460782540197,2.3222340612434853,True,False
1827.71,14602,t14602,220,150.0,60,1,6,0.6237039527424397,True,35.48116165771208,2.337549526273907,True,False
1827.9,14606,t14606,270,200.0,55,4,2,0.6595100761448545,False,57.03038640724705,2.779546940119915,False,False
1828.28,14608,t14608,170,700.0,38,6,2,0.6255290767995565,False,137.5608747973969,1.6080411365499994,False,False
1828.87,14610,t14610,170,100.0,86,0,1,0.6449342000393145,True,15.222063094936713,1.538309415215495,True,False
1830.15,14619,t14619,270,200.0,78,4,6,0.6482643868045914,True,60.50821192406053,2.463930654573802,True,False
1830.76,14623,t14623,80,50.0,35,0,2,0.6441288170850096,True,3.8806958809343604,0.7282998325427621,True,False
1830.77,14624,t14624,300,250.0,99,7,2,0.6256498590792752,True,76.06395323907587,2.734637519534176,True,False
1830.85,14627,t14627,300,1000.0,47,3,2,0.6586815800502431,False,256.8653396461529,2.8625137587040523,False,False
1831.26,14630,t14630,80,50.0,47,4,6,0.6508812808866814,True,4.556333395018031,0.7650226205545585,True,False
1831.47,14632,t14632,300,250.0,95,6,5,0.6465144053247597,False,70.23539704147197,3.08047156438235,True,False
1833.07,14642,t14642,170,100.0,35,3,2,0.6549161302674201,True,15.108197673913473,1.5644149008047286,True,False
1833.94,14648,t14648,300,1200.0,99,1,2,0.652140919796708,False,384.634504814042,3.089148760185319,False,False
1834.42,14652,t14652,300,1000.0,58,0,1,0.64761769785671,False,296.19125451028196,2.941437999151085,False,False
1834.58,14654,t14654,170,100.0,31,1,5,0.6346488433888274,True,14.029780022686221,1.7439198465917771,True,False
1834.98,14656,t14656,80,50.0,82,4,6,0.6534458370871296,True,3.7062556039463175,0.7804685145949506,True,False
1834.99,14657,t14657,300,250.0,54,7,2,0.6285675285643564,False,61.24994950249403,3.2722940965893543,False,False
1835.22,14661,t14661,220,150.0,23,4,6,0.6559591021635688,False,28.62628302939286,2.019887457514039,False,False
1835.73,14664,t14664,300,250.0,78,2,4,0.6272187926238973,True,64.50956751072879,3.044512969509089,True,False
1835.95,14667,t14667,120,75.0,90,7,5,0.6388540832604027,True,7.710017187395931,1.2041961445217766,True,False
1835.95,14668,t14668,300,250.0,68,1,5,0.6373865331877175,False,89.71762695484253,2.742672022620271,False,False
1836.07,14669,t14669,270,200.0,87,0,2,0.6468284225614912,True,59.04058446564073,2.6267853427344185,True,False
1836.88,14676,t14676,300,250.0,43,2,5,0.6467819363441818,False,61.61443107385125,2.7015807315061813,False,False
1837.17,14679,t14679,170,100.0,31,7,4,0.6303450123344606,False,18.923838443362524,1.6010086847533027,True,False
1837.83,14682,t14682,120,75.0,24,1,2,0.6485062832189558,True,9.912475780596703,1.276518552863684,True,False
1838.81,14687,t14687,300,250.0,26,1,6,0.6266605403542577,False,68.51423626152376,3.0370566649054114,False,False
1839.94,14695,t14695,300,250.0,62,0,5,0.635094775599588,False,73.15692677397337,3.1797081235248985,False,False
1840.28,14700,t14700,170,500.0,82,5,4,0.6578168074377155,False,82.63636608609526,1.8138433972933021,False,False
1840.83,14705,t14705,170,100.0,24,2,4,0.6302565985896011,True,14.311241282750844,1.6082903368762316,True,False
1842.2,14710,t14710,170,500.0,48,6,5,0.6429922990364463,False,73.53188117242505,1.5319173767410377,False,False
1843.01,14714,t14714,300,1200.0,85,0,5,0.631649546754263,False,418.1390199946383,2.747401969572712,False,False
1843.14,14717,t14717,170,100.0,43,0,1,0.6440735257177576,True,20.38670539875314,1.6759745203920318,True,False
1843.32,14718,t14718,170,100.0,95,4,5,0.6683543964462454,True,17.758850562451936,1.610354772771671,True,False
1844.55,14729,t14729,220,700.0,56,1,5,0.6338954691906299,False,176.67937311795424,2.215743602644697,False,False
1845.23,14733,t14733,120,75.0,27,7,5,0.6416591834133765,True,7.2973144773073235,1.1037665461896817,True,False
1845.78,14737,t14737,80,50.0,66,0,2,0.6494740359284431,True,3.8331209067391527,0.7878579478381758,True,False
1846.05,14739,t14739,300,250.0,40,2,4,0.633233648435991,False,86.50372334146157,3.284127355019299,False,False
1846.21,14742,t14742,300,1000.0,94,1,5,0.630474226473484,False,332.30284448311147,2.8087606555298534,False,False
1847.64,14750,t14750,220,900.0,74,5,4,0.654068653107143,False,197.66133991957602,2.0104984689676266,False,False
1848.48,14753,t14753,270,900.0,67,7,5,0.6444081815632908,False,231.7888234840731,2.503387380723126,False,False
1848.96,14756,t14756,220,900.0,38,3,2,0.6573999894802536,False,181.64125338727655,2.268413191589203,False,False
1849.14,14759,t14759,300,1200.0,49,4,2,0.6557280564401392,False,341.7094858631287,3.1618550197702886,False,False
1849.94,14761,t14761,220,150.0,23,4,2,0.6520216771295182,False,27.286953929944584,2.3107130974574415,False,False
1850.02,14762,t14762,300,250.0,85,3,6,0.6395941464176219,True,80.36123297342903,2.831855750824684,True,False
1850.26,14765,t14765,80,50.0,31,2,5,0.64325447943548,True,3.605536726410094,0.8132281394278795,True,False
1852.09,14777,t14777,300,250.0,67,7,4,0.6271462939059532,False,70.48646501782633,2.7771250129143494,False,False
1852.23,14778,t14778,300,250.0,89,7,1,0.6243553082071206,True,72.95982467952715,3.273341732437451,True,False
1853.53,14784,t14784,270,200.0,55,7,5,0.6409281997502068,True,53.60622022521604,2.7408185878596285,True,False
1854.37,14789,t14789,170,100.0,85,4,6,0.6522481019384793,True,13.738600486298084,1.5732856491948173,True,False
1854.41,14790,t14790,270,900.0,67,2,5,0.6459715716649522,False,257.0440854246802,2.6270100723898504,False,False
1854.7,14791,t14791,300,1200.0,70,1,6,0.6233839962138391,False,321.57754593617545,3.2407765881470825,False,False
1854.74,14792,t14792,120,75.0,88,5,7,0.6422389831070269,True,7.305409989754159,1.1629219766680656,True,False
1857.22,14810,t14810,80,50.0,95,2,6,0.6313859483146615,True,4.72791107578783,0.7942417755928483,True,False
1857.54,14811,t14811,300,250.0,41,0,2,0.6520667370280561,False,75.91113199913701,2.770554056553416,False,False
1858.51,14815,t14815,300,250.0,29,6,5,0.6395406348738991,False,67.6674837925936,3.012244578227646,False,False
1858.88,14817,t14817,300,250.0,93,7,2,0.625252844659736,False,63.62698330495263,2.7998829486019483,True,False
1859.14,14819,t14819,270,200.0,26,0,2,0.6484335841056769,False,60.60324648407936,2.84910465455821,False,False
1859.82,14827,t14827,80,50.0,21,7,4,0.6240115498460159,True,3.4791371350944704,0.8567175556630384,True,False
1860.06,14829,t14829,80,50.0,93,1,5,0.6271214086106809,True,3.8347094007789644,0.7380692106878506,True,False
1860.74,14835,t14835,170,100.0,92,3,7,0.650887075330467,True,16.422875394454522,1.8394636137030944,True,False
1860.86,14836,t14836,270,200.0,73,3,2,0.6536601715088303,True,61.804333065385556,2.732025801997799,True,False
1861.19,14838,t14838,270,200.0,88,6,7,0.6226411924488374,False,52.915843049499834,2.8233794514136936,True,False
1861.29,14840,t14840,300,1200.0,72,6,4,0.6467319277589415,False,387.9473040747736,2.9613519733505305,False,False
1861.34,14841,t14841,80,50.0,53,6,5,0.636158003994603,True,3.5205955806334304,0.8409951367141046,True,False
1861.57,14843,t14843,300,250.0,66,5,4,0.650395461863182,True,62.326475760665254,2.970898568433228,True,False
1861.76,14844,t14844,300,1000.0,83,7,5,0.6436918175733845,False,347.97296432039127,3.124538331834655,False,False
1861.81,14845,t14845,170,100.0,21,5,4,0.6529697344441002,True,20.343988165119363,1.7633774100778574,True,False
1862.33,14848,t14848,170,700.0,84,0,1,0.6467742370215842,False,140.98987240049132,1.831965053498828,False,False
1862.93,14854,t14854,80,50.0,86,2,5,0.6424603220498349,True,4.632437514059037,0.7731919666855608,True,False
1863.33,14857,t14857,270,200.0,31,3,7,0.6533000004905243,False,59.39064375816409,2.8681563639493755,False,False
1863.82,14861,t14861,270,200.0,94,2,5,0.6451932974270201,True,51.22586637722942,2.644201698230243,True,False
1863.93,14862,t14862,80,50.0,85,6,5,0.6390170257328928,True,3.5388554603145503,0.729640716274206,True,False
1864.01,14863,t14863,300,250.0,65,0,5,0.6282732224858444,False,78.95392509917099,2.7972993107325506,False,False
1864.3,14866,t14866,220,150.0,37,5,7,0.6449763852630682,True,33.424069674796044,1.9864971692223103,True,False
1864.34,14867,t14867,300,250.0,78,1,4,0.6229186538510434,True,63.625417641553945,3.0371718818331095,True,False
1864.37,14869,t14869,270,200.0,27,0,5,0.6249644247027942,False,50.35091453263863,2.776859291695404,False,False
1864.74,14875,t14875,170,500.0,63,5,2,0.6314185675716609,False,98.84128814663123,1.852416460304507,False,False
1864.86,14876,t14876,170,100.0,89,1,4,0.6260424625922044,True,17.019910653416826,1.772864650231844,True,False
1865.02,14878,t14878,270,900.0,27,0,2,0.6448730942417451,False,291.57876486061997,2.5597330214252105,False,False
1865.05,14879,t14879,300,250.0,94,4,5,0.6705694903355024,True,71.77317269983529,3.2237030622129073,True,False
1865.22,14880,t14880,170,100.0,37,0,1,0.6432469340993343,True,15.691583511386455,1.6340542439653585,True,False
1866.0,14885,t14885,170,100.0,37,0,1,0.6459641772355295,True,19.45416619916331,1.79016993401389,True,False
1867.47,14893,t14893,170,700.0,85,0,1,0.6486270755090007,False,136.2575538359271,1.6995225347158756,False,False
1868.01,14898,t14898,300,1000.0,97,2,6,0.634188896015035,False,243.12007769269013,3.157871565037989,False,False
1869.16,14906,t14906,170,100.0,89,3,2,0.6561691498968355,True,20.22257959479629,1.8371134422896462,True,False
1869.73,14912,t14912,170,700.0,96,4,5,0.6727402823469741,False,142.1494527793804,1.6899938148891456,False,False
1870.43,14919,t14919,120,75.0,66,0,5,0.621721802875405,True,7.801334692251974,1.2650348057669307,True,False
1870.97,14921,t14921,80,50.0,88,0,5,0.6247180334845636,True,4.176757035948131,0.8742800356092628,True,False
1871.67,14926,t14926,270,200.0,34,7,5,0.6402261630400986,False,51.49093091355974,2.754939931054635,False,False
1871.88,14927,t14927,170,100.0,53,0,2,0.641383814175092,True,14.76094254838233,1.6836003634711705,True,False
1871.93,14928,t14928,80,50.0,45,4,5,0.6686936585182165,True,3.65459174041922,0.7379546625759821,True,False
1872.23,14932,t14932,300,1200.0,46,5,4,0.6554925215733999,False,371.07111210079364,3.0167866802265593,False,False
1873.64,14944,t14944,170,500.0,31,2,5,0.6478716132966614,False,90.61700438267427,1.5474180593933013,False,False
1874.01,14947,t14947,170,100.0,28,5,4,0.6517908529601139,True,19.50365621097799,1.687394651682589,True,False
1877.37,14961,t14961,270,200.0,62,3,7,0.6494906671473805,True,58.22924202578327,2.6512087819244274,True,False
1878.42,14965,t14965,270,200.0,62,5,1,0.630368197505966,True,52.414463547384166,2.6049059926262754,True,False
1878.64,14966,t14966,300,250.0,75,1,2,0.6511183393727584,False,83.16033113365064,2.9172824423410875,False,False
1879.78,14969,t14969,300,1000.0,58,4,5,0.670901967166034,False,258.95563771465305,3.1167267966755112,False,False
1880.33,14975,t14975,80,50.0,51,7,5,0.6368298215974785,True,4.661330192459139,0.7761365488267584,True,False
1880.39,14976,t14976,80,50.0,21,0,1,0.6450627158170025,True,4.047184172352842,0.8213342309947429,True,False
1881.03,14978,t14978,170,500.0,42,0,1,0.6477436433188443,False,84.02663435309447,1.7846399347419066,False,False
1881.09,14980,t14980,300,250.0,43,3,6,0.6423844453074513,False,61.98755209205385,2.759563741069964,False,False
1881.09,14979,t14979,80,50.0,29,3,7,0.6519315204710995,True,4.0718606486221836,0.8360468207518551,True,False
1881.52,14983,t14983,120,75.0,25,6,5,0.6418188670364168,True,7.862415372310333,1.2816036731602258,True,False
1881.59,14984,t14984,270,200.0,88,0,5,0.6276543394815389,True,45.736824332020674,2.765057327755411,True,False
1882.18,14989,t14989,220,700.0,87,0,5,0.6305319193585749,False,141.55484552440788,1.9877416254263012,False,False
1882.83,14992,t14992,80,50.0,50,4,5,0.6668921096408951,True,3.433924205445322,0.732099130760111,True,False
1882.94,14994,t14994,300,1000.0,51,6,5,0.6445646715138702,False,314.7867648430295,3.238358225708704,False,False
1883.78,14999,t14999,300,250.0,78,2,6,0.630761784761401,False,86.23252972766912,3.0755514659261998,False,False
1884.07,15002,t15002,120,75.0,99,4,5,0.6691364492662589,True,8.834773235899629,1.287593806616213,True,False
1884.15,15006,t15006,220,150.0,71,0,5,0.62717794763807,True,36.48052626022441,2.2073318156089083,True,False
1884.5,15011,t15011,80,50.0,39,6,2,0.622275161930232,True,4.5624196422047145,0.8566390226597902,True,False
1884.54,15012,t15012,170,500.0,93,5,1,0.6331915002225132,True,73.28009416690591,1.66316767059092,True,False
1884.84,15015,t15015,80,50.0,81,6,2,0.6252603253582941,True,3.366513380699174,0.8197656932992956,True,False
1885.58,15019,t15019,220,150.0,26,1,2,0.6475041544034851,False,27.09588513435992,2.3920841518191565,False,False
1886.4,15026,t15026,220,150.0,70,6,5,0.6410815599017746,True,33.78273596204772,2.118905762679634,True,False
1886.84,15030,t15030,120,75.0,56,6,5,0.6438421105219209,True,8.925933002377638,1.1613097450861165,True,False
1887.34,15035,t15035,270,200.0,71,3,2,0.6586279487170806,False,57.721094543469505,2.9129198836637094,True,False
1887.92,15040,t15040,220,700.0,48,5,7,0.6476590393759886,False,174.3325885701236,2.2392592534562525,False,False
1888.15,15043,t15043,220,150.0,60,7,4,0.6271135006672774,True,31.38016115404227,1.9919527733412303,True,False
1888.17,15044,t15044,300,250.0,23,6,5,0.6465474501296643,False,70.83918730072014,2.94099889845058,False,False
1888.26,15045,t15045,120,75.0,77,7,5,0.6396754069837106,True,7.922951630597217,1.1230361592272593,True,False
1889.14,15051,t15051,170,100.0,84,7,5,0.6424640806622183,True,20.182885693294114,1.584568743687073,True,False
1889.16,15052,t15052,300,250.0,73,1,5,0.630009647105134,False,80.75195601283828,2.7345190739140017,False,False
1889.29,15053,t15053,220,150.0,38,7,5,0.6451969808671557,False,38.04945780977766,2.318348824308254,False,False
1889.79,15058,t15058,270,200.0,74,4,2,0.6483894254051096,True,49.73814832841597,2.7533335849388116,True,False
1889.97,15059,t15059,80,50.0,33,0,5,0.6300650553519752,True,4.791992609878564,0.7366755619485799,True,False
1890.28,15062,t15062,270,900.0,51,5,7,0.6441140404066507,False,219.8689162035574,2.8851948570835897,False,False
1890.36,15065,t15065,120,75.0,30,3,7,0.6543235567283442,True,7.87468117813186,1.127702474536431,True,False
1890.46,15066,t15066,80,50.0,25,5,1,0.6359583368847297,True,3.2063144041119154,0.7552983110639112,True,False
1890.55,15068,t15068,270,1000.0,51,3,6,0.6389449382194842,False,283.8855199970057,2.6473871962041517,False,False
1891.43,15073,t15073,220,150.0,61,6,4,0.6432054710219446,True,38.122363460635476,2.234025550056887,True,False
1892.29,15077,t15077,220,150.0,76,4,6,0.6547853217178915,True,33.01723878912941,2.0766309128010607,True,False
1892.58,15082,t15082,220,150.0,41,3,4,0.6377197729067038,True,26.75683482329159,2.0791551006494733,True,False
1892.92,15084,t15084,300,250.0,54,2,6,0.6274032157328396,False,78.918534315096,2.823136076865693,False,False
1893.07,15085,t15085,170,100.0,52,7,1,0.6272988687096448,True,15.122679271976445,1.8167535153315808,True,False
1894.02,15092,t15092,120,75.0,50,7,4,0.6301534124721136,True,9.141374060711854,1.2887824674558475,True,False
1894.14,15095,t15095,300,250.0,35,1,4,0.6291037951585421,False,79.69198915170917,2.8571772178799706,False,False
1894.52,15098,t15098,300,250.0,49,4,6,0.6572717971017155,False,62.338151047542084,2.7168011214680634,False,False
1894.53,15099,t15099,270,200.0,54,3,2,0.6548635715609209,False,62.13719917513029,2.952563743512689,False,False
1894.58,15101,t15101,170,700.0,21,3,2,0.6511744819478843,False,120.22891735614486,1.5375066482186495,False,False
1894.59,15102,t15102,300,1200.0,34,6,2,0.6281857855177949,False,295.2737506535237,2.738536897758652,False,False
1894.96,15105,t15105,170,500.0,79,0,1,0.6441969522706491,False,87.41658877745401,1.8286418791528531,False,False
1895.91,15113,t15113,270,200.0,42,2,5,0.6443223628489101,False,47.90700509658203,2.9168984911488707,False,False
1896.76,15118,t15118,220,150.0,44,6,5,0.6430246829452528,True,26.711773503688608,2.1696490253976406,True,False
1897.1,15121,t15121,220,150.0,41,5,4,0.6543372177190933,True,34.956399916389,2.0547087302229854,True,False
1897.75,15126,t15126,120,75.0,90,4,2,0.6510038187151893,True,8.50565086298456,1.3026641224742062,True,False
1897.92,15127,t15127,270,1000.0,73,4,2,0.6535659241590673,False,256.72734772159515,2.5963265286999326,False,False
1898.13,15128,t15128,170,100.0,64,4,5,0.6713359020991156,True,13.777525755247417,1.6964874941941241,True,False
1898.26,15130,t15130,220,150.0,67,4,6,0.6535345429778631,True,33.76330241265968,2.2605914647898566,True,False
1898.38,15131,t15131,270,900.0,76,0,1,0.640721195043418,False,240.00309021726187,2.623113368382796,False,False
1899.13,15136,t15136,120,75.0,84,5,4,0.6568326551828932,True,7.441634600202893,1.297226318486673,True,False
1899.67,15141,t15141,300,250.0,23,2,4,0.629977157285453,False,74.62818823994223,3.23789524297382,False,False
1899.84,15142,t15142,120,75.0,42,3,4,0.6405475592667516,True,8.472308347381242,1.2077184516446489,True,False
1899.94,15144,t15144,120,75.0,50,6,5,0.6457463711045296,True,10.383936755405147,1.1273843881620471,True,False
1900.46,15145,t15145,120,75.0,68,1,5,0.6266661208296979,True,8.147202357818172,1.1882470059837102,True,False
1900.59,15146,t15146,270,1000.0,75,2,5,0.6408440974101137,False,274.9631967595944,2.584930042743557,False,False
1901.79,15162,t15162,300,1200.0,95,2,6,0.6241118180848495,False,369.9348460916218,3.202403800631407,False,False
1901.79,15163,t15163,80,50.0,53,5,4,0.6592781838974172,False,4.332439999836533,0.8784364213271193,True,False
1903.32,15171,t15171,220,900.0,99,6,5,0.6484136255006209,False,205.48534026735618,2.3198867502328078,False,False
1903.43,15172,t15172,300,250.0,32,1,5,0.6295634650797707,False,78.39753281431773,2.9191649260658594,False,False
1904.12,15180,t15180,80,50.0,90,7,1,0.6301835580021186,True,4.046176582363694,0.7475611805962136,True,False
1904.2,15182,t15182,270,200.0,97,6,2,0.6248787364741056,True,55.54008758770572,2.7685479517603175,True,False
1905.05,15191,t15191,300,1000.0,32,1,2,0.6439622531335972,False,276.0509935015382,2.8991879180610223,False,False
1906.1,15199,t15199,270,200.0,33,3,2,0.6475591741271084,False,47.558705459877785,2.8475531892563706,False,False
1906.22,15201,t15201,120,75.0,22,4,2,0.6499027874940678,True,8.834146930369208,1.1939597091391394,True,False
1906.73,15205,t15205,80,50.0,22,0,2,0.644138319709772,True,4.286357354626721,0.8646011153513522,True,False
1907.8,15211,t15211,270,200.0,66,5,1,0.6386698368137017,True,53.56716022902804,2.5597148377279026,True,False
1908.02,15213,t15213,300,250.0,21,5,1,0.6413271067440943,False,86.46638789321989,2.8176636757020717,False,False
1908.17,15215,t15215,270,200.0,27,6,4,0.6459235434196875,False,46.06747316128384,2.8596405718296323,False,False
1908.31,15218,t15218,270,900.0,87,5,1,0.6377572312758791,False,198.8132921149331,2.7586801293014833,False,False
1908.53,15220,t15220,300,250.0,61,3,7,0.6566677522604439,False,82.15952792481137,3.171629451029528,False,False
1908.53,15221,t15221,120,75.0,75,5,7,0.6406399414166994,True,8.873035649282857,1.1995593690128823,True,False
1908.94,15225,t15225,300,250.0,96,2,4,0.6267857959579257,True,85.74033866651239,2.8031461650590077,True,False
1909.47,15232,t15232,170,100.0,96,3,2,0.644016172462748,True,14.39252989664394,1.8103485803710964,True,False
1910.73,15238,t15238,170,100.0,88,5,1,0.6342587533170282,True,17.5399201855014,1.804063068649495,True,False
1911.24,15241,t15241,170,500.0,65,6,5,0.6448535348087903,False,95.25400932552174,1.747625086369332,False,False
1911.54,15247,t15247,170,100.0,36,6,2,0.6278118284112902,True,18.82885064064234,1.6675485112839388,True,False
1912.09,15256,t15256,270,1000.0,31,2,5,0.6374353972800932,False,321.36066850594625,2.8642137760354465,False,False
1912.53,15260,t15260,300,250.0,71,3,4,0.6433187898995983,False,88.1967773051374,3.2332995821594595,False,False
1912.95,15264,t15264,120,75.0,71,2,4,0.6298322618569491,True,9.5587569889658,1.1658743056386378,True,False
1913.15,15266,t15266,170,100.0,53,6,5,0.6413646459307963,True,14.321320076239829,1.666742771654543,True,False
1913.41,15273,t15273,220,900.0,62,4,2,0.6524869135623682,False,206.43845831305796,1.9852152829917602,False,False
1914.62,15283,t15283,80,50.0,62,4,5,0.6734913658753151,True,3.861532912686186,0.8070499783080392,True,False
1914.98,15287,t15287,170,700.0,39,4,6,0.6560460339364875,False,115.17550963927462,1.5902099701185546,False,False
1916.21,15291,t15291,270,200.0,88,0,1,0.6373149529607315,True,55.16412548996482,2.893230403121109,True,False
1917.22,15294,t15294,80,50.0,79,2,4,0.6328177984379918,True,4.378528200558288,0.8455207267132281,True,False
1917.78,15298,t15298,170,100.0,29,4,5,0.6756037203759907,True,17.156196557799845,1.8013811063854133,True,False
1918.59,15304,t15304,170,100.0,25,3,7,0.6527910638819018,True,17.584457741451295,1.6434593376460285,True,False
1919.88,15311,t15311,270,1000.0,52,0,2,0.6468377351337583,False,289.01246778521494,2.5381352693809616,False,False
1921.47,15321,t15321,170,100.0,42,0,2,0.643309162249265,True,18.875478757032173,1.8184428001536002,True,False
1922.45,15329,t15329,300,250.0,75,5,7,0.6434093244065472,True,66.01687797293229,3.239612157252571,True,False
1922.62,15330,t15330,270,1000.0,78,0,1,0.6401508357196987,False,280.60139655935126,2.5280713580978373,False,False
1923.05,15336,t15336,170,500.0,52,3,4,0.6398605959197882,False,68.0046907528283,1.5976185547478625,False,False
1923.63,15340,t15340,270,200.0,26,2,6,0.6208862483898192,False,58.39131337773083,2.950319144240122,False,False
1924.04,15345,t15345,120,75.0,25,4,6,0.6523332950759396,True,10.573896949162828,1.2527167108009312,True,False
1925.51,15357,t15357,270,200.0,55,5,7,0.6461233197365982,True,45.424350879441896,2.7419167500227823,True,False
1925.51,15356,t15356,170,700.0,90,1,5,0.6262288624448419,False,135.22086873285616,1.702567401782246,False,False
1926.08,15362,t15362,120,75.0,43,5,1,0.6370042449173543,True,9.676458541099095,1.2734043183031307,True,False
1926.42,15366,t15366,300,1000.0,78,3,7,0.6551659092709304,False,350.6745572996001,2.982001100030237,False,False
1926.51,15367,t15367,170,500.0,86,1,2,0.640491189889107,False,87.74316225279426,1.8005044892853612,False,False
1926.67,15370,t15370,80,50.0,34,0,5,0.6328944209116024,True,4.006619470779765,0.7592500372906098,True,False
1926.81,15371,t15371,300,250.0,52,1,2,0.6370895479095068,False,76.88949797622371,3.1405046229082174,False,False
1927.19,15377,t15377,170,100.0,36,1,4,0.6259299010735531,True,16.3240409104311,1.6416623184763763,True,False
1929.06,15387,t15387,170,700.0,54,3,1,0.6373153829542172,False,117.79007214303088,1.7840653789286063,False,False
1929.42,15390,t15390,220,700.0,79,2,6,0.6177251900886894,False,181.7111195470032,2.014938021833042,False,False
1929.56,15392,t15392,300,250.0,53,6,4,0.6424132543694755,False,68.70021686171695,2.8329425784437343,False,False
1929.67,15393,t15393,270,200.0,85,7,1,0.6330105535087429,True,61.08366649762993,2.4707575095982532,True,False
1929.84,15395,t15395,270,200.0,53,6,4,0.6389731711002679,False,59.64118498950781,2.442685213724678,False,False
1929.91,15396,t15396,120,75.0,24,4,5,0.6776738277866526,True,7.443123063647867,1.2838124948941112,True,False
1930.16,15399,t15399,170,500.0,99,6,4,0.6356018894964444,False,100.82909962239849,1.6942670570909646,False,False
1930.57,15402,t15402,170,700.0,88,3,7,0.6513192577521785,False,141.3253031445901,1.6456706329167266,False,False
1930.61,15403,t15403,220,150.0,46,0,5,0.635667199160037,True,36.21029875412613,2.1154685771688637,True,False
1930.72,15404,t15404,300,250.0,51,5,1,0.6396948266856739,False,65.77752423160725,2.950546873118818,False,False
1931.42,15412,t15412,170,100.0,81,5,7,0.648783035160048,False,19.94518372052968,1.8412744372801313,True,False
1931.53,15413,t15413,80,50.0,83,2,6,0.6146273529535823,True,3.7660581038008147,0.865649379976603,True,False
1931.79,15414,t15414,300,250.0,40,6,4,0.6322980335246973,False,71.0888535847094,2.84585733026384,False,False
1933.25,15424,t15424,300,1200.0,88,0,5,0.638384521843503,False,288.32409977477795,2.814808561282379,False,False
1933.63,15427,t15427,220,900.0,25,0,1,0.6367560008234865,False,203.70817125606558,2.159028901913573,False,False
1933.7,15428,t15428,120,75.0,95,4,6,0.6548688109926026,True,9.792252326786949,1.1632692470960428,True,False
1933.82,15429,t15429,220,150.0,23,0,2,0.6460251608224615,False,34.60668856472459,2.1367242351468314,False,False
1934.1,15431,t15431,220,900.0,29,4,2,0.6488453571093027,False,229.49096135117588,2.314141977593949,False,False
1934.57,15435,t15435,220,700.0,51,3,7,0.6475495392638017,False,145.79293125254486,2.14309330557213,False,False
1934.6,15437,t15437,300,250.0,63,2,4,0.6357436242874138,False,82.52546098132595,2.9802028632791453,False,False
1934.73,15439,t15439,120,75.0,70,5,1,0.6361575968186272,True,7.816660582083215,1.2095092974327624,True,False
1934.87,15442,t15442,300,250.0,84,4,6,0.6573536165909324,False,62.44697102296823,3.2364725659245166,True,False
1934.89,15443,t15443,220,150.0,50,1,4,0.6289934848702639,True,28.655489004183142,2.3100078273105615,True,False
1935.22,15446,t15446,220,150.0,64,4,2,0.6452766317852984,True,31.34326351372805,2.158176241705547,True,False
1935.85,15448,t15448,300,1000.0,84,4,6,0.6536147260772955,False,344.96872343716393,2.7121713965779843,False,False
1936.59,15453,t15453,300,250.0,75,0,5,0.6348734980732996,True,62.09451320850201,2.7207667706898477,True,False
1936.65,15454,t15454,300,250.0,30,3,2,0.6467180308316749,False,62.28022098225456,3.243455986129886,False,False
1937.18,15456,t15456,120,75.0,32,4,2,0.6479532809677743,True,7.840693358255256,1.1844102517652784,True,False
1937.26,15458,t15458,300,1000.0,44,3,4,0.6364715658195742,False,297.55284338619725,2.8299926184979793,False,False
1940.12,15478,t15478,220,150.0,88,1,4,0.6319957969910404,True,32.13094172775051,2.263132358480761,True,False
1940.14,15480,t15480,300,1200.0,67,2,4,0.6324369336198473,False,346.0859965255719,2.8929922986441383,False,False
1940.19,15482,t15482,120,75.0,37,2,6,0.6177654725611773,True,10.578852474088784,1.0954723965492161,True,False
1940.25,15484,t15484,220,150.0,36,0,5,0.6376066947785003,False,36.98086438432843,2.0253608501182776,False,False
1940.34,15486,t15486,300,250.0,67,3,2,0.6431918520332232,True,61.41728179484127,2.82050358043506,True,False
1940.36,15487,t15487,170,700.0,23,2,4,0.6291963767656322,False,142.7992679026794,1.6066223626808342,False,False
1940.38,15488,t15488,300,250.0,81,3,2,0.6459101968107405,True,67.38196560392483,3.0617314303721113,True,False
1940.79,15489,t15489,300,250.0,62,7,1,0.6357810091052346,False,83.14070113433431,2.9562094567913935,False,False
1941.57,15497,t15497,80,50.0,77,2,4,0.6260206310485014,True,4.499506248989042,0.8115558434404511,True,False
1941.82,15501,t15501,220,900.0,59,1,2,0.6337559387694984,False,188.20653634620066,2.156828257875933,False,False
1941.87,15502,t15502,220,150.0,25,5,4,0.6555008020376507,False,36.549672378275105,2.3383281969444885,False,False
1942.45,15509,t15509,300,250.0,54,7,1,0.6323220555897966,False,61.086341393581435,3.2287751799830513,False,False
1944.22,15516,t15516,300,1000.0,85,3,6,0.6355742212732762,False,285.62410364033644,2.7313876086975513,False,False
1945.45,15528,t15528,120,75.0,90,7,5,0.6417012230679945,True,9.655830179222484,1.1517627342096433,True,False
1945.69,15530,t15530,270,200.0,52,3,2,0.6485741746927075,False,60.4706803676182,2.4350869250965523,False,False
1946.16,15536,t15536,80,50.0,64,4,2,0.6505763971666007,False,3.658268418671905,0.8758934462384286,True,False
1946.73,15541,t15541,220,150.0,54,0,1,0.6334290626251985,False,36.53040576843357,2.170939976130602,True,False
1946.98,15542,t15542,170,100.0,24,2,4,0.6290824002457133,True,18.565958516194577,1.8138021201760857,True,False
1949.35,15554,t15554,300,250.0,40,1,4,0.6349380628694014,False,68.6199863290908,2.955133763289446,False,False
1949.54,15556,t15556,170,700.0,32,3,1,0.6339772571133147,False,109.89040239554805,1.6151711739828514,False,False
1949.82,15557,t15557,170,500.0,31,0,2,0.6425128394241941,False,81.36604119286861,1.7962219130997041,False,False
1949.84,15558,t15558,270,200.0,32,3,7,0.6438552151451923,False,56.00871709633683,2.5752273885061907,False,False
1950.1,15559,t15559,270,1000.0,77,4,2,0.6469730510414504,False,314.7382690432387,2.481435545887148,False,False
1950.95,15569,t15569,270,200.0,88,3,7,0.6402347775089551,True,50.561309071294154,2.727765770868385,True,False
1951.14,15570,t15570,300,250.0,89,2,4,0.6320829340589807,True,60.513063856181425,3.0716092585507457,True,False
1952.86,15578,t15578,220,150.0,84,1,2,0.6304890018122903,True,29.076033470269543,2.247921799261525,True,False
1953.39,15581,t15581,220,150.0,69,6,2,0.630686258509731,True,32.02204833354379,2.172533409602046,True,False
1953.95,15584,t15584,170,100.0,74,7,5,0.6444493804248163,True,15.085061383196152,1.650900264647839,True,False
1954.62,15589,t15589,300,250.0,25,6,5,0.6441195348303622,False,71.49526830918117,3.185763603364844,False,False
1954.86,15591,t15591,120,75.0,40,0,5,0.6341112275495969,True,10.468120281988988,1.286394670103706,True,False
1955.52,15595,t15595,170,100.0,33,4,6,0.6499506133739315,True,17.31415182884275,1.6291672472137273,True,False
1955.61,15597,t15597,170,100.0,48,5,4,0.6517989678150795,True,19.85089952116557,1.7366000106517505,True,False
1956.36,15603,t15603,80,50.0,84,1,2,0.6334614035942262,True,3.4076095473393333,0.7872071744716882,True,False
1957.07,15608,t15608,220,150.0,90,1,4,0.6316474834301952,True,28.102181637819626,2.135226192635759,True,False
1957.1,15609,t15609,300,1200.0,38,7,1,0.6289322811446674,False,401.0125613437515,3.213254138421606,False,False
1958.6,15616,t15616,170,700.0,21,3,2,0.6450108730170352,False,137.96594896090318,1.7164845706173881,False,False
1958.99,15622,t15622,80,50.0,49,0,5,0.6368596696652716,True,4.706972568194396,0.8386392031223183,True,False
1959.79,15628,t15628,220,700.0,23,7,1,0.6256103021884406,False,124.57355762695036,2.387473900927585,False,False
1960.54,15634,t15634,80,50.0,67,3,7,0.6428607486254426,True,4.269058150531051,0.8163738342071722,True,False
1962.05,15650,t15650,80,50.0,60,5,7,0.6452155562750288,True,4.165591562707108,0.8289198974782741,True,False
1962.52,15654,t15654,80,50.0,28,5,7,0.64789342696771,False,4.332865900637163,0.8170920462662477,True,False
1963.51,15663,t15663,170,100.0,62,7,6,0.6226454955693131,True,20.17575473044129,1.848486357069459,True,False
1963.54,15664,t15664,300,250.0,47,2,4,0.635023457195983,False,70.72540152880117,3.097280766465171,False,False
1963.78,15667,t15667,270,200.0,93,6,5,0.6406453259519368,True,60.495734896468676,2.8366171317796907,True,False
1963.79,15668,t15668,220,150.0,62,7,5,0.6471425746345018,True,34.65246533064872,2.1068204946336015,True,False
1964.13,15673,t15673,120,75.0,81,7,6,0.6257747674761087,True,10.531182243790068,1.2908020332843393,True,False
1965.2,15680,t15680,270,200.0,94,7,4,0.6331325260408532,True,55.49578579565959,2.9135391110256372,True,False
1966.1,15693,t15693,120,75.0,59,1,2,0.6363743573405235,True,7.644560054813599,1.197978258206666,True,False
1966.38,15697,t15697,170,100.0,20,4,2,0.6434417718388031,True,19.96803880705574,1.8195138805107223,True,False
1966.54,15699,t15699,270,200.0,30,0,2,0.6390707644538921,False,55.304340628983056,2.5542967629569833,False,False
1967.47,15702,t15702,220,150.0,99,7,4,0.6360520573382179,True,28.485171193408664,2.2612116718629647,True,False
1967.72,15705,t15705,220,700.0,49,4,6,0.6525337829246346,False,138.460092236862,1.996877505222033,False,False
1969.7,15716,t15716,220,150.0,91,0,5,0.6395531429386329,True,37.00332309595231,1.9815173600480056,True,False
1970.45,15724,t15724,270,200.0,73,4,6,0.6488912890843238,True,49.81661451781281,2.7949064392348184,True,False
1970.48,15726,t15726,300,250.0,86,6,2,0.6335032000062031,True,84.90486979074363,2.982722169554177,True,False
1970.75,15730,t15730,270,200.0,96,7,6,0.6288414539447684,True,44.28606531489837,2.7740150381476045,True,False
1971.4,15736,t15736,170,100.0,73,7,6,0.6318468066840549,True,17.034625028834586,1.6389961543886507,True,False
1971.54,15738,t15738,270,1000.0,71,4,2,0.6461551182202089,False,242.62748561444116,2.5958444903908666,False,False
1971.72,15739,t15739,270,200.0,41,6,5,0.6434146012510799,False,49.504892835749196,2.6674866284620227,False,False
1973.06,15746,t15746,80,50.0,31,6,5,0.6399544910442401,True,3.6946703872031432,0.795257720344303,True,False
1973.52,15752,t15752,120,75.0,36,6,5,0.642737583041537,True,10.178758643474492,1.1283824866805423,True,False
1973.88,15755,t15755,220,150.0,98,4,7,0.6430509390967943,True,34.886143862301765,2.3052677483257997,True,False
1974.39,15756,t15756,220,900.0,26,2,6,0.6208408297766205,False,168.62032962544293,2.3814032783721046,False,False
1975.51,15763,t15763,120,75.0,88,1,5,0.6229609518626117,True,7.442441506896872,1.1201002029987022,True,False
1976.33,15767,t15767,270,200.0,65,4,6,0.651495645120819,True,53.95467534998252,2.602648340317265,True,False
1976.38,15769,t15769,120,75.0,33,3,4,0.6331503163213645,True,8.154450281485683,1.0948980183916348,True,False
1978.34,15780,t15780,170,500.0,84,3,2,0.6415188373748762,False,101.7122309807658,1.606548685309869,False,False
1980.71,15791,t15791,270,1000.0,92,5,4,0.6543451702769597,False,285.1400177384847,2.5270850973757484,False,False
1980.84,15793,t15793,170,700.0,28,5,7,0.6443437402465376,False,124.90993108384392,1.565478117394766,False,False
1980.87,15794,t15794,170,100.0,23,1,5,0.6259323994920262,True,18.583138425546945,1.6938081055543595,True,False
1981.84,15801,t15801,300,250.0,65,0,2,0.6356975309829961,False,85.1440786614321,3.0480892110859465,False,False
1982.03,15804,t15804,80,50.0,26,7,4,0.6389131980096354,True,3.492820873476329,0.7226322740972436,True,False
1982.35,15805,t15805,120,75.0,55,3,2,0.6380966424455606,True,9.550304376808255,1.1797073650134113,True,False
1982.54,15807,t15807,220,150.0,85,4,5,0.6797025330491014,True,36.14867864622361,2.2419227780478987,True,False
1982.58,15808,t15808,120,75.0,48,0,1,0.6301686631908764,True,9.949105171398058,1.2479671240239547,True,False
1983.8,15814,t15814,220,900.0,63,5,7,0.6408650472597887,False,216.81061733177785,2.162853422035479,False,False
1984.29,15817,t15817,80,50.0,90,5,4,0.6506664486896023,True,3.4697190799434363,0.7833729304360567,True,False
1984.35,15818,t15818,170,100.0,91,2,6,0.6176806798477548,True,15.204837658748483,1.8543612454569027,True,False
1984.51,15820,t15820,300,1200.0,82,5,4,0.6532353015339921,False,313.1065736999353,3.2206161735233922,False,False
1985.21,15824,t15824,80,50.0,58,6,4,0.6290602546723851,True,3.490479570915409,0.8079504811483091,True,False
1985.24,15825,t15825,120,75.0,27,3,2,0.6409168914148312,True,8.224599187148112,1.1635859484946502,True,False
1986.43,15829,t15829,80,50.0,65,2,4,0.6317311698702451,True,3.9307138388533067,0.7618948483912478,True,False
1986.84,15832,t15832,170,100.0,20,7,6,0.6347920523685556,True,17.794595380559876,1.6737170129759507,True,False
1987.98,15841,t15841,80,50.0,28,5,4,0.6495787773214942,True,4.001468899807887,0.798785183220456,True,False
1989.67,15851,t15851,170,500.0,57,1,5,0.6288444181688523,False,84.92595915883291,1.6685139493175323,False,False
1990.37,15857,t15857,300,250.0,85,0,2,0.6323917621815179,True,80.7088166478372,2.754073131527519,True,False
1991.49,15863,t15863,80,50.0,53,6,4,0.6320612313971192,True,4.22982040426195,0.7210158754767478,True,False
1991.74,15864,t15864,300,1000.0,93,6,5,0.6454650131988882,False,262.0476366408675,3.153605414666816,False,False
1992.35,15869,t15869,300,250.0,71,2,6,0.6207577329174664,False,83.88849928482175,2.8106411961408275,False,False
1992.63,15872,t15872,170,700.0,62,3,4,0.6360694918131191,False,142.63135702419802,1.6796248527680582,False,False
1993.04,15875,t15875,120,75.0,47,7,6,0.6376783931393663,True,9.04515466785745,1.2047495799846644,True,False
1994.1,15881,t15881,300,250.0,37,6,5,0.6419638947530922,False,81.98653480805159,2.8647721736698855,False,False
1995.23,15891,t15891,300,1000.0,92,6,4,0.6350021885873587,False,257.4910355485561,2.927989388105514,False,False
1995.47,15893,t15893,120,75.0,73,0,5,0.6421927467465268,True,8.703428396736879,1.1329792197780242,True,False
1995.59,15895,t15895,270,200.0,53,1,4,0.6345967155797732,True,51.88924172301418,2.517506386320422,True,False
1996.8,15903,t15903,270,200.0,86,4,6,0.6540479140365846,True,64.43856720605021,2.587083900836891,True,False
1997.48,15908,t15908,120,75.0,33,6,5,0.6385327986762122,True,9.175920128954417,1.3015203670941977,True,False
1997.51,15909,t15909,120,75.0,73,2,6,0.6175992449257837,True,10.205563282130603,1.1792559207050288,True,False
1998.76,15918,t15918,300,250.0,36,4,7,0.6457721021330403,False,77.624947665747,3.035088380858622,False,False
1998.84,15919,t15919,120,75.0,81,6,4,0.6317103266337933,True,10.766209651765287,1.1614331522082622,True,False
1999.09,15922,t15922,80,50.0,67,3,4,0.6327562837950386,True,3.4772698022157043,0.7647425834966342,True,False
1999.1,15923,t15923,300,250.0,90,4,6,0.6565491375740347,True,74.15833260677871,3.1529028505034935,True,False
2000.14,15931,t15931,220,150.0,25,4,6,0.6590003366407358,False,27.47689293696909,2.093132459329794,False,False
2000.82,15938,t15938,220,150.0,21,7,5,0.6497819049599937,False,30.316636326605202,2.3262497976676393,False,False
2001.57,15944,t15944,170,700.0,66,1,5,0.625524196472142,False,142.78534995853326,1.6124333106371131,False,False
2002.26,15951,t15951,270,1000.0,65,6,2,0.6362638026727457,False,313.9236192937016,2.632660798847275,False,False
2002.33,15952,t15952,80,50.0,75,6,5,0.6413443245208698,True,4.784523303694394,0.8622147807983215,True,False
2003.01,15959,t15959,80,50.0,77,6,5,0.6440996198486343,True,3.9885922089485746,0.7616595776332105,True,False
2003.57,15964,t15964,220,150.0,23,4,2,0.6426401976739866,False,36.26636951347675,2.2503869346320875,False,False
2003.6,15965,t15965,80,50.0,31,4,1,0.6424149938168556,True,4.28978950929976,0.7833920520790308,True,False
2004.02,15970,t15970,220,150.0,75,2,6,0.6206779266939346,True,31.81726721638477,2.373691532395133,True,False
2004.1,15971,t15971,80,50.0,49,5,1,0.6388651115489212,True,3.2549436907582026,0.7397050821515301,True,False
2004.17,15973,t15973,80,50.0,46,5,1,0.6415184759846094,False,3.3015257703209206,0.8041287258190639,True,False
2004.94,15980,t15980,300,1200.0,91,1,7,0.6228455434655775,False,326.4440102328497,2.8303281859988436,False,False
2006.33,15986,t15986,300,250.0,37,5,7,0.6374559281327747,False,84.44140292275564,3.0954871947745204,False,False
2006.46,15987,t15987,300,250.0,99,6,4,0.6346583019192993,True,63.51845266341078,2.7046575315064785,True,False
2007.28,15993,t15993,270,200.0,29,2,5,0.6340948711526732,False,43.93789019334163,2.6596383229481235,False,False
2009.17,16008,t16008,300,250.0,51,2,4,0.634678728291022,False,70.67880808318638,2.9392263263875558,False,False
2009.29,16010,t16010,270,200.0,45,7,5,0.6461944486789756,False,45.77346850507221,2.446821093668761,False,False
2009.4,16012,t16012,120,75.0,73,7,5,0.6426787415235778,True,7.612680966456404,1.2627677291498784,True,False
2010.52,16020,t16020,220,150.0,50,6,4,0.6375473176990951,True,29.548573705378974,2.1401071209756393,True,False
2011.51,16030,t16030,220,150.0,46,6,4,0.6403785531632951,True,34.6870415459447,2.0849305423482667,True,False
2011.76,16033,t16033,220,900.0,26,4,1,0.6451488757587004,False,209.36447723053485,2.3275125291112664,False,False
2013.02,16041,t16041,80,50.0,52,4,6,0.6552285117261029,True,4.49086469557487,0.8774566105265134,True,False
2013.23,16042,t16042,170,100.0,76,4,6,0.6577061233097626,True,20.26586868762781,1.788364565628304,True,False
2014.26,16045,t16045,270,1000.0,66,5,7,0.6341149913883011,False,309.637618504614,2.671615000329282,False,False
2014.31,16046,t16046,170,100.0,89,1,5,0.6222703792093657,True,18.186717814654486,1.6966670069693643,True,False
2014.38,16047,t16047,120,75.0,67,4,6,0.6601341826617492,True,7.526533866330512,1.2538797472750618,True,False
2014.44,16050,t16050,120,75.0,78,0,5,0.644779558478263,True,10.1212204218435,1.197923148716924,True,False
2014.99,16054,t16054,270,200.0,87,2,4,0.6313933355433834,True,45.133559306647754,2.9401638686254716,True,False
2015.76,16057,t16057,170,500.0,32,4,7,0.6422648419085613,False,96.10733381431469,1.67616900956512,False,False
2015.98,16058,t16058,270,200.0,31,4,6,0.662513680826696,False,43.58083679271364,2.941495888264209,False,False
2016.06,16059,t16059,80,50.0,66,3,2,0.6436807354047164,True,3.3967378865475713,0.8294457955636709,True,False
2016.51,16062,t16062,300,250.0,73,1,5,0.625255638291845,False,87.83825989185537,2.9162308584112058,False,False
2017.76,16068,t16068,80,50.0,58,5,7,0.6308408733787169,True,4.231179343740601,0.8612393512122916,True,False
2017.77,16069,t16069,120,75.0,49,3,7,0.6454342003196004,True,9.937459584088499,1.1195531170701547,True,False
2017.82,16071,t16071,300,250.0,53,5,4,0.652169383593246,False,83.70765189069742,3.100046005905865,False,False
2018.08,16073,t16073,80,50.0,23,6,4,0.643153163918211,True,4.403663934585974,0.8333518496621889,True,False
2018.12,16074,t16074,220,150.0,43,5,1,0.6379447731315839,True,30.168887324290456,2.379174964000213,True,False
2018.26,16076,t16076,80,50.0,81,6,2,0.6327951932859575,True,4.4597102259254155,0.7980374337880255,True,False
2018.52,16081,t16081,220,150.0,83,5,4,0.6485341777395629,True,37.52521993706681,2.3571914879284828,True,False
2018.75,16084,t16084,300,1200.0,92,2,5,0.6308211555478015,False,374.8904301154706,2.859234115562709,False,False
2019.1,16089,t16089,220,150.0,58,7,4,0.6417171158676246,True,34.132846046555166,2.044574320810589,True,False
2020.2,16096,t16096,270,200.0,56,4,1,0.6416540800617082,False,56.47713413701041,2.853516099278362,False,False
2020.4,16098,t16098,270,900.0,73,3,7,0.6479561829798751,False,200.37203793897518,2.9164578409097923,False,False
2020.53,16099,t16099,300,250.0,81,7,6,0.6405070070947608,True,77.28643556197815,2.8147651756242142,True,False
2021.01,16101,t16101,220,150.0,32,5,4,0.6511456760029536,False,38.698485214693825,2.034177116022717,False,False
2022.29,16108,t16108,220,900.0,86,5,7,0.6338062377293243,False,234.16521980102797,2.0870856762657515,False,False
2022.74,16112,t16112,300,1000.0,21,2,5,0.6276129142550273,False,298.54803842593446,3.218636557471695,False,False
2023.13,16116,t16116,170,700.0,29,6,2,0.6355699560869049,False,115.62204082077498,1.7299724123183366,False,False
2023.36,16119,t16119,270,1000.0,71,5,1,0.640616544335619,False,301.3881361635277,2.8808747163415886,False,False
2024.19,16126,t16126,270,900.0,31,4,5,0.6816906642063013,False,263.1571885895866,2.629127949581561,False,False
2024.57,16129,t16129,120,75.0,22,3,7,0.6442537259869442,True,10.355100856988908,1.1351459419367638,True,False
2025.55,16137,t16137,270,1000.0,83,5,1,0.6370608801155732,False,284.90990743027265,2.7533603124129087,False,False
2027.34,16143,t16143,300,250.0,89,4,2,0.6391955755386887,True,65.7006643566407,3.172508941992059,True,False
2027.35,16144,t16144,120,75.0,38,2,5,0.6244688377881086,True,9.099428407283733,1.1776860389121107,True,False
2027.89,16146,t16146,220,150.0,61,7,6,0.6432790487710474,True,30.887789087223915,2.12480556498403,True,False
2028.54,16151,t16151,270,900.0,60,4,6,0.658671589028344,False,225.71034979706542,2.664662398809136,False,False
2029.15,16155,t16155,270,200.0,60,0,2,0.6353261087560694,True,57.083275824818436,2.5792326387151805,True,False
2029.86,16160,t16160,120,75.0,63,2,5,0.6275616428505282,True,8.547276639056955,1.2084883668753077,True,False
2030.2,16162,t16162,220,700.0,55,3,4,0.6356833399373195,False,139.07554500587673,2.2937636947958997,False,False
2030.82,16169,t16169,80,50.0,44,1,5,0.6220071921926749,True,4.045622135903026,0.7974936502854505,True,False
2031.14,16172,t16172,120,75.0,85,6,5,0.6467998092698434,True,8.110048897246534,1.3066868086970325,True,False
2031.87,16182,t16182,80,50.0,47,1,4,0.6374869630863594,True,4.598038509038587,0.7614398365573307,True,False
2032.25,16185,t16185,80,50.0,66,0,5,0.6473146339753644,True,4.708413243334892,0.8605205348001027,True,False
2032.43,16186,t16186,170,500.0,34,7,6,0.6459956496138083,False,72.79601716037317,1.5826973772071984,False,False
2032.61,16187,t16187,170,100.0,53,5,4,0.6475309443010763,True,17.72795081990226,1.5540088392881672,True,False
2032.86,16188,t16188,300,250.0,80,0,5,0.6497990079625238,True,67.06415137901101,2.7081066762835784,True,False
2033.13,16190,t16190,300,1200.0,55,2,5,0.6305925918116995,False,325.97795144007125,3.211059023560229,False,False
2033.35,16195,t16195,270,900.0,45,2,4,0.6343476506506975,False,282.10094970417316,2.914807828832,False,False
2033.39,16196,t16196,300,1000.0,84,5,1,0.6335763291799285,False,304.00583393670183,2.847956198901531,False,False
2034.73,16207,t16207,270,1000.0,34,3,2,0.6463893025148039,False,278.70042951989154,2.798851721474855,False,False
2036.71,16221,t16221,170,100.0,91,6,4,0.6458722824580286,True,19.777932027988538,1.5833288031241306,True,False
2036.72,16222,t16222,270,200.0,71,0,5,0.65223369446994,True,50.16902336603883,2.575631424955954,True,False
2037.49,16228,t16228,270,200.0,58,3,7,0.6467993181338719,True,52.611983374092006,2.8429836772902597,True,False
2037.86,16231,t16231,300,1200.0,26,3,4,0.632377854956755,False,416.9677542162512,2.8803973457488112,False,False
2038.1,16234,t16234,300,1000.0,85,0,1,0.6331474717452407,False,332.67926539308996,2.7782682010533715,False,False
2038.16,16235,t16235,270,1000.0,83,1,2,0.639229052011895,False,272.14498225531196,2.6013250264352,False,False
2038.74,16239,t16239,170,100.0,61,2,5,0.6273889217936472,True,15.59744194511181,1.7251386221695773,True,False
2040.28,16248,t16248,300,250.0,67,6,5,0.6494459949026282,False,69.87273662877413,2.973266574175203,False,False
2040.4,16249,t16249,270,200.0,84,6,5,0.6458652568227575,True,59.55809087691777,2.4403825350888466,True,False
2041.18,16255,t16255,270,1000.0,54,3,7,0.6492939984378613,False,317.16424680919096,2.4926976286024622,False,False
2041.39,16257,t16257,220,150.0,21,0,2,0.6382017683991298,False,34.56901453264061,2.1697376633300993,False,False
2041.76,16262,t16262,300,1200.0,86,0,2,0.6348459148493291,False,395.06727854329785,3.064113273717504,False,False
2042.71,16267,t16267,80,50.0,94,5,4,0.6501625072332365,True,4.2526471882134285,0.7980998376043065,True,False
2043.07,16270,t16270,120,75.0,96,4,2,0.6419938458460966,True,10.202587079551401,1.1035090851988207,True,False
2043.16,16272,t16272,270,1000.0,57,6,2,0.6321152236318336,False,318.08507634126227,2.5976169327258343,False,False
2043.57,16275,t16275,220,150.0,77,1,2,0.6358526527898388,True,33.030481640236296,2.0935346597602837,True,False
2043.74,16277,t16277,80,50.0,37,5,4,0.6527414389067537,True,3.6198154023321476,0.8700452551437362,True,False
2043.76,16278,t16278,170,100.0,68,2,5,0.6304233251759561,True,17.2945452032705,1.8137615622224736,True,False
2044.72,16283,t16283,80,50.0,67,0,2,0.6315571783705243,True,3.8060885637602144,0.73799288831308,True,False
2045.22,16286,t16286,120,75.0,23,1,2,0.6387177815522238,True,9.416399885167664,1.2832668500886373,True,False
2045.95,16292,t16292,80,50.0,54,2,6,0.6236950348267226,False,3.9822983266821077,0.7769485684285495,True,False
2046.45,16296,t16296,170,500.0,76,7,6,0.6424839184397139,True,75.95624101829293,1.6556444939388106,True,False
2046.45,16295,t16295,300,250.0,87,1,2,0.6415256077393612,True,78.95683635537922,3.1403211181372774,True,False
2048.46,16306,t16306,300,250.0,80,5,1,0.6301614692629965,True,74.95452820270356,3.0907234524253457,True,False
2048.53,16307,t16307,220,150.0,75,7,5,0.6454073485112881,True,33.11044394446248,2.0713488038779246,True,False
2049.42,16317,t16317,220,700.0,69,3,6,0.6322709186659926,False,141.9144358167368,2.3336945536959446,False,False
2049.48,16318,t16318,270,200.0,85,5,7,0.6305382947929197,True,55.47850247152821,2.6948018183766953,True,False
2050.11,16326,t16326,300,1200.0,43,6,2,0.6287295858258636,False,363.0591861486957,3.049441792647135,False,False
2050.18,16327,t16327,270,200.0,29,5,1,0.6329889065444032,False,45.276010520189146,2.6713475347684574,False,False
2050.22,16328,t16328,80,50.0,65,0,2,0.6345082166212956,True,3.8919209861180457,0.7541756285210487,True,False
2050.57,16331,t16331,170,100.0,66,5,6,0.630047778282519,True,20.30576132050879,1.7003201690798297,True,False
2050.64,16332,t16332,220,150.0,71,3,1,0.6307058937892301,True,38.16733024198924,2.2069901037442876,True,False
2051.81,16340,t16340,300,250.0,95,7,6,0.6452164218891014,True,68.50340329354387,3.139240256531564,True,False
2051.96,16342,t16342,220,150.0,43,4,2,0.6447361507473566,True,33.38376348944339,2.3617898341796693,True,False
2052.32,16345,t16345,80,50.0,22,1,2,0.6442772774027558,True,4.2506556848705985,0.8192267887433395,True,False
2053.25,16348,t16348,300,1200.0,30,0,5,0.6546196872472079,False,404.47336274221175,2.775834946679885,False,False
2053.42,16349,t16349,170,100.0,51,3,2,0.6428696982826897,True,14.303292073716769,1.550134007773742,True,False
2054.45,16355,t16355,120,75.0,28,4,5,0.677465032740357,True,8.223088756021722,1.1089946116877316,True,False
2054.95,16358,t16358,270,1000.0,26,5,6,0.6330290045350505,False,298.8211136996088,2.7780953475300616,False,False
2055.35,16361,t16361,120,75.0,56,7,6,0.6478942752695013,True,10.299045875258322,1.2029949689189265,True,False
2057.58,16379,t16379,270,200.0,25,7,6,0.6505185715822931,False,61.339978341838126,2.9503066898683596,False,False
2058.18,16387,t16387,120,75.0,61,4,2,0.6474236095505913,True,9.048458992800931,1.314823873017547,True,False
2060.36,16400,t16400,220,150.0,35,3,2,0.6455944861352177,True,31.49480289000344,2.2302014373152277,True,False
2060.74,16408,t16408,80,50.0,73,6,2,0.625411660776013,True,3.8780275865624794,0.7827771911500229,True,False
2060.86,16409,t16409,300,1000.0,27,4,6,0.6549063390659589,False,337.11640347177155,2.8360570054828096,False,False
2061.07,16411,t16411,300,250.0,89,3,1,0.6336739577316274,True,61.527028494298854,3.0962271921094127,True,False
2061.38,16412,t16412,270,1000.0,83,6,5,0.6485301335044842,False,281.95801467355324,2.9656223595483504,False,False
2061.52,16414,t16414,80,50.0,74,6,4,0.6485370186270498,True,3.579183852402441,0.8377414484919401,True,False
2061.78,16420,t16420,220,150.0,56,3,2,0.6482647782306952,True,32.858758244666,2.2598398310164467,True,False
2061.95,16421,t16421,300,250.0,30,4,2,0.6500573191777613,False,83.25498169610638,2.7212348137286924,False,False
2062.36,16424,t16424,170,100.0,88,1,5,0.6249977150154881,True,14.290503054308441,1.8563537970040547,True,False
2062.58,16427,t16427,170,100.0,62,5,6,0.6297766062625313,True,16.985124570554426,1.5992782111173034,True,False
2062.71,16431,t16431,170,100.0,22,3,1,0.6365826603951766,True,16.30028035403425,1.635162108663435,True,False
2062.77,16432,t16432,220,150.0,58,6,4,0.6511484600726907,True,37.209432885208194,2.1608332759386877,True,False
2063.06,16435,t16435,170,500.0,48,6,5,0.6449677126525764,False,69.25676149960738,1.549083945463056,False,False
2063.65,16440,t16440,170,100.0,31,3,7,0.6455647851357706,True,15.885823266069364,1.613094452409528,True,False
2063.89,16443,t16443,170,100.0,84,0,2,0.6374002341070515,True,15.158304037082974,1.8691824133302362,True,False
2064.78,16451,t16451,270,200.0,49,2,6,0.6204778007968549,False,60.458617321292884,2.5149683195194714,False,False
2064.95,16457,t16457,270,200.0,25,7,4,0.6444649553684539,False,52.520982966807296,2.859189555689715,False,False
2065.27,16460,t16460,220,150.0,76,3,7,0.6480841560997218,True,34.61279392273662,2.199885348860355,True,False
2065.32,16461,t16461,80,50.0,56,7,5,0.6480813833592441,True,3.35927355486917,0.8699171127455856,True,False
2065.65,16464,t16464,270,900.0,26,1,2,0.6469739136728825,False,267.8942754114581,2.8875868265975715,False,False
2066.61,16471,t16471,300,250.0,27,1,4,0.6403194056428141,False,75.30713779028586,3.152731497199471,False,False
2066.67,16472,t16472,120,75.0,36,6,2,0.6283340942271594,True,7.362243539605682,1.2462071065441391,True,False
2068.16,16480,t16480,300,250.0,58,5,7,0.6335097107152431,False,73.16762758503033,3.2080324475711017,False,False
2068.64,16484,t16484,120,75.0,99,2,5,0.6333970404906188,True,8.351847683311135,1.113106276427636,True,False
2069.29,16488,t16488,270,200.0,91,6,2,0.6311980790092828,True,54.917552799211876,2.5094601700529866,True,False
2069.69,16490,t16490,170,100.0,68,2,5,0.6363112814989883,True,17.72948914225403,1.8277757195713065,True,False
2069.8,16491,t16491,80,50.0,35,2,4,0.6310688794558653,True,4.1204159957562405,0.7393278453767003,True,False
2070.08,16495,t16495,220,700.0,83,1,4,0.6369211993481396,False,137.45031779397016,2.2859697753780925,False,False
2070.53,16498,t16498,220,150.0,51,6,2,0.6340047840957638,True,38.98790726562529,2.296790728672994,True,False
2071.05,16504,t16504,220,700.0,70,6,4,0.6537076726894187,False,132.9884634941506,2.056732989146718,False,False
2071.6,16507,t16507,120,75.0,89,4,2,0.6464643546123878,True,10.472043161949822,1.1971487559858829,True,False
2071.81,16511,t16511,80,50.0,93,6,5,0.6414765402177066,True,4.588804040782263,0.8793994795310743,True,False
2072.7,16519,t16519,270,200.0,50,2,5,0.6391672376871903,False,54.16548313459591,2.461216605501255,False,False
2072.81,16520,t16520,270,200.0,46,5,4,0.6552687919468004,True,45.342316677165755,2.5297439965227233,True,False
2072.91,16522,t16522,300,250.0,58,5,7,0.63024769831912,False,72.90866903531774,2.8997830650317105,False,False
2073.24,16525,t16525,120,75.0,36,0,1,0.6298927041285177,True,10.649541389393962,1.1974307790805627,True,False
2073.71,16527,t16527,220,900.0,69,2,6,0.6173249114475844,False,198.999551651867,2.1071649167783657,False,False
2074.42,16532,t16532,270,200.0,34,4,5,0.6794979139037317,False,44.30960055221284,2.5077212928863957,False,False
2074.45,16534,t16534,120,75.0,29,4,5,0.6753161374438389,True,10.154350541614395,1.2864209908288375,True,False
2075.06,16540,t16540,80,50.0,87,1,4,0.6335909571793586,True,4.182389839350272,0.747792412238764,True,False
2075.73,16545,t16545,220,700.0,95,2,5,0.6357920747516284,False,125.68892592985327,2.254389049764925,False,False
2075.88,16548,t16548,270,200.0,30,3,1,0.639433189005455,False,46.061432162536676,2.896384988431353,False,False
2076.79,16556,t16556,300,250.0,86,5,1,0.6295857950801819,False,87.8065895951581,3.281452198151121,False,False
2076.91,16557,t16557,270,900.0,82,3,7,0.6505531396443941,False,256.78681534089105,2.756981609273398,False,False
2076.94,16559,t16559,80,50.0,52,0,1,0.6328770318641291,True,4.141049704471932,0.8353260161494799,True,False
2077.33,16564,t16564,270,200.0,49,4,2,0.6491172493383219,True,44.976593201103654,2.7626554538122052,True,False
2077.8,16568,t16568,170,500.0,68,2,4,0.6340296836849298,False,85.4827484970326,1.5453829633887552,False,False
2077.94,16570,t16570,80,50.0,90,5,6,0.6327632559554625,True,4.634103743584184,0.7317308452134554,True,False
2078.12,16572,t16572,300,250.0,42,1,2,0.6434426172176066,False,87.91436343835082,3.031162778147773,False,False
2078.21,16573,t16573,120,75.0,68,4,2,0.6517170861697373,True,7.872340682485012,1.093416301217214,True,False
2078.98,16579,t16579,170,100.0,76,4,5,0.677391996513144,True,14.368571976802887,1.7457911970403397,True,False
2079.47,16583,t16583,220,150.0,57,4,5,0.6794263384010629,True,33.62753616821345,2.2402705889911685,True,False
2079.76,16587,t16587,170,100.0,46,0,1,0.6358016730450284,True,19.41761678808829,1.8052889643380217,True,False
2079.95,16588,t16588,300,250.0,36,4,6,0.6512163941028215,False,69.67288739918965,2.712205648227304,False,False
2080.7,16594,t16594,220,150.0,64,7,5,0.6507019375102411,True,28.744366055810605,2.38617469069647,True,False
2081.19,16598,t16598,220,150.0,25,1,2,0.6399819466914364,False,29.25114647199819,2.3815119714251707,False,False
2081.44,16604,t16604,220,150.0,84,0,2,0.6402344112430923,True,26.814871993749193,2.284418642120805,True,False
2081.55,16606,t16606,270,200.0,24,5,6,0.6356901726545351,False,57.48594219839888,2.8024964207483642,False,False
2082.49,16615,t16615,170,100.0,26,2,4,0.6307572718294131,True,14.289616414563671,1.5690227468527729,True,False
2082.61,16617,t16617,300,1000.0,61,3,2,0.6508816644842631,False,243.23089633311818,3.095415845939873,False,False
2083.39,16622,t16622,300,1200.0,23,4,2,0.6542649262645244,False,331.28486457873197,2.8423493285890906,False,False
2084.02,16629,t16629,270,1000.0,25,6,4,0.6500417010538121,False,239.95324594092816,2.8920671032540013,False,False
2084.2,16631,t16631,270,200.0,83,7,6,0.646916381968829,True,53.88499238639711,2.5483316672583567,True,False
2084.39,16634,t16634,220,150.0,65,2,4,0.6337243082110067,True,26.743745821600484,2.1157161184154134,True,False
2085.26,16641,t16641,170,100.0,64,3,1,0.6360527070435277,True,15.738086614640935,1.8263724398061658,True,False
2085.72,16645,t16645,270,1000.0,99,5,4,0.6577455979260463,False,268.77911146402204,2.794211793548991,False,False
2086.64,16647,t16647,300,250.0,76,5,4,0.653998867785707,True,62.0435585531924,2.71201498072474,True,False
2087.0,16650,t16650,120,75.0,87,5,6,0.6323845510196262,True,8.765814438653404,1.2271597489557116,True,False
2088.44,16655,t16655,270,1000.0,51,0,2,0.6430119048364124,False,251.0453859238755,2.5741452876883812,False,False
2088.49,16656,t16656,120,75.0,97,2,6,0.6142350798852994,True,9.767129509759114,1.1023422904274012,True,False
2089.06,16663,t16663,270,200.0,82,7,6,0.6495602361476343,True,45.767889441254326,2.5583166283778183,True,False
2089.09,16664,t16664,270,1000.0,42,6,2,0.6367553550805153,False,307.6868055083298,2.695228304223393,False,False
2090.41,16674,t16674,270,900.0,59,5,6,0.6353190418174155,False,281.561228684075,2.4934566041938155,False,False
2090.69,16677,t16677,120,75.0,49,7,6,0.6521512132428634,True,8.520802094194783,1.243986774621804,True,False
2091.14,16679,t16679,270,900.0,79,2,5,0.6324844150747776,False,257.4922164279877,2.4899806977138397,False,False
2091.33,16680,t16680,220,150.0,80,4,2,0.6505878095574157,True,37.593917552203806,2.3157169741322416,True,False
2092.55,16692,t16692,270,200.0,88,7,6,0.654690370796188,True,52.71727776169288,2.9191658191586027,True,False
2092.6,16693,t16693,220,150.0,52,5,6,0.632020842799249,True,27.170075111074897,2.3114890945449122,True,False
2092.85,16695,t16695,300,250.0,73,0,2,0.6395598485578659,False,71.68438010088185,2.888274910603924,True,False
2093.14,16696,t16696,80,50.0,34,0,1,0.6386678214023097,True,3.4631317402405943,0.7298322742931973,True,False
2093.69,16699,t16699,120,75.0,93,7,5,0.6532700805782181,True,7.499575879384649,1.294313228082157,True,False
2094.03,16700,t16700,300,1000.0,67,2,5,0.6292429085914638,False,317.2936873457937,2.8244895929159477,False,False
2094.64,16703,t16703,120,75.0,48,0,2,0.6361768334048904,True,10.097172862220942,1.3085651349967813,True,False
2095.38,16708,t16708,120,75.0,72,6,4,0.6464490488509177,True,10.74061591330274,1.1979150787588628,True,False
2095.64,16710,t16710,220,150.0,45,3,1,0.638913834720839,True,37.64102956135985,2.246877822340074,True,False
2096.53,16716,t16716,170,100.0,68,1,4,0.6365013198539532,True,18.281270734341955,1.6760265327933512,True,False
2096.88,16719,t16719,80,50.0,44,2,6,0.61738104495426,True,3.6196263081077538,0.8169127483517544,True,False
2097.09,16721,t16721,270,1000.0,82,6,4,0.6491022496920811,False,223.65829456649726,2.533169569362457,False,False
2097.55,16726,t16726,300,1200.0,39,4,6,0.6476002480389469,False,372.4019063303599,3.1780339249740255,False,False
2097.68,16730,t16730,300,1000.0,65,6,4,0.6455283865164213,False,342.4887271254375,2.751633595275836,False,False
2098.54,16738,t16738,270,900.0,62,1,5,0.627928427381845,False,207.10378808163597,2.664531191820697,False,False
2098.59,16739,t16739,220,700.0,86,7,5,0.6557868607848355,False,143.78482116154584,2.2649432692707245,False,False
2098.81,16742,t16742,220,150.0,78,0,2,0.6390354785549744,True,38.49531219039871,2.187558072272455,True,False
2098.86,16744,t16744,120,75.0,35,5,6,0.6349626077614458,True,8.912384990648713,1.0920808828424802,True,False
2098.96,16745,t16745,220,150.0,62,6,2,0.6332769146455716,True,38.109640830220236,2.254490697630191,True,False
2099.31,16746,t16746,80,50.0,35,6,4,0.6420260006042747,True,4.048413828280293,0.7214954378445578,True,False
2099.44,16747,t16747,270,900.0,41,3,2,0.6472722130127596,False,225.07922475347237,2.69362229911734,False,False
2100.44,16755,t16755,120,75.0,71,6,2,0.6360420430193268,True,8.651920053401463,1.2931532157136836,True,False
2100.49,16756,t16756,300,250.0,83,7,5,0.6520793053873207,False,89.12340551100284,2.92804346629067,False,False
2100.55,16757,t16757,220,150.0,59,7,4,0.6409838380792666,True,34.34945542631323,2.241799832693745,True,False
2100.57,16758,t16758,220,900.0,99,6,2,0.638751868825607,False,213.51692086886425,2.0101001172979096,False,False
2100.91,16761,t16761,300,1200.0,52,4,5,0.6814199934512234,False,328.9435405031409,2.7281792310611115,False,False
2101.08,16765,t16765,80,50.0,23,2,4,0.6366320038649683,True,3.517040434781906,0.7749086597069293,True,False
2101.37,16768,t16768,270,1000.0,93,6,5,0.6442291912315343,False,295.2145011514341,2.776384336519492,False,False
2102.88,16778,t16778,300,250.0,20,3,7,0.6467987435181729,False,63.81314160946029,2.833263610072559,False,False
2103.51,16781,t16781,300,1200.0,77,4,5,0.6771997754003808,False,350.64530416454716,2.9543048604704985,False,False
2103.57,16783,t16783,80,50.0,76,1,2,0.6365904895757895,True,4.061765333700179,0.7501618900415911,True,False
2103.84,16785,t16785,220,150.0,45,6,2,0.6352334981157614,True,35.88101801933786,2.4086858905572184,True,False
2104.8,16794,t16794,170,500.0,68,4,2,0.6531582351844492,False,76.821671173281,1.649161618709903,False,False
2105.69,16804,t16804,120,75.0,34,5,4,0.6565010722481748,True,7.914933589063098,1.159128438453285,True,False
2107.12,16812,t16812,220,900.0,78,3,2,0.6437349505706863,False,219.67645407060502,2.050257766554928,False,False
2108.08,16818,t16818,170,100.0,48,7,6,0.657178745198446,True,15.106813654926503,1.5790367431259285,True,False
2108.17,16819,t16819,300,1200.0,77,7,6,0.659617352112659,False,347.1110605329044,2.8051535103135805,False,False
2108.44,16822,t16822,300,250.0,39,1,5,0.6246265255008747,False,87.77427850932136,2.747393522699304,False,False
2108.69,16823,t16823,300,250.0,56,2,6,0.6204640907218415,False,64.73852785503061,3.2990109945525288,False,False
2111.51,16845,t16845,220,900.0,86,3,2,0.6402684333774543,False,209.77492128599852,2.2819073350653554,False,False
2111.54,16846,t16846,270,200.0,57,2,6,0.6173114755740714,True,46.9972935420607,2.847423246068627,True,False
2111.55,16847,t16847,80,50.0,87,6,2,0.6379594948201129,True,3.985256037491932,0.7775772570162884,True,False
2114.41,16858,t16858,170,100.0,69,1,4,0.639353475275056,False,14.403683123662812,1.7246150605215098,True,False
2115.05,16865,t16865,270,200.0,90,3,7,0.6431194353144761,True,48.08953100116994,2.7597208910832283,True,False
2115.37,16867,t16867,170,500.0,66,2,4,0.6394815456058508,False,100.93920316985718,1.5450753851700054,False,False
2115.97,16870,t16870,220,700.0,21,3,2,0.6368712465280871,False,132.29574172461474,2.3064317443783726,False,False
2118.09,16889,t16889,120,75.0,49,5,6,0.6378455374243988,True,8.217994445001553,1.1374620179564965,True,False
2118.11,16890,t16890,80,50.0,84,5,4,0.658953232621393,True,4.112618415896864,0.7698239515473344,True,False
2118.27,16893,t16893,170,100.0,90,3,2,0.6335420034157072,False,20.057968705337156,1.7075313827954377,True,False
2118.84,16895,t16895,300,250.0,57,3,1,0.641717739844604,False,86.9746504693162,3.155756614385595,False,False
2118.92,16897,t16897,300,1000.0,81,0,2,0.6418369508020567,False,303.3917607704289,2.914700914390925,False,False
2119.34,16899,t16899,80,50.0,85,3,1,0.6382915668658938,True,3.5439791638943556,0.7237003884518092,True,False
2120.01,16906,t16906,270,1000.0,73,3,7,0.6456877132748532,False,242.94154474838774,2.4982947115421403,False,False
2121.33,16914,t16914,300,250.0,85,5,4,0.661356349787147,True,62.54908869362713,2.8082344965021293,True,False
2121.75,16917,t16917,80,50.0,85,0,2,0.6384083936041974,True,4.703564828120127,0.8072787001197961,True,False
2122.3,16922,t16922,120,75.0,85,7,5,0.648445901097756,True,10.455764257882715,1.2356059352243658,True,False
2122.78,16928,t16928,170,500.0,59,7,5,0.6510591648939827,False,87.56626359187679,1.5642420253751246,False,False
2123.58,16934,t16934,80,50.0,34,0,1,0.6414766467924453,True,3.9000391023281744,0.804993659254866,True,False
2124.67,16941,t16941,300,250.0,28,5,2,0.6281983780384096,False,66.68876966090254,2.778246709423998,False,False
2125.3,16948,t16948,300,250.0,95,0,5,0.6507839601689304,True,79.35432643211655,2.833597402526111,True,False
2125.73,16950,t16950,120,75.0,69,4,5,0.673063961710555,True,9.546593466123582,1.310720288659944,True,False
2126.0,16952,t16952,300,1200.0,30,5,7,0.6270509261709194,False,380.25293028431037,3.29568145078905,False,False
2126.15,16954,t16954,220,700.0,88,6,2,0.6406309715903773,False,164.7640678195386,2.1716993953165176,False,False
2128.64,16974,t16974,170,700.0,22,6,5,0.6407527892250854,False,121.28546684620338,1.5643220915329825,False,False
2129.08,16978,t16978,80,50.0,31,5,6,0.6406708084940925,True,3.417015960754122,0.852560398518852,True,False
2129.35,16983,t16983,120,75.0,54,2,5,0.6260662322378164,True,9.859270371656647,1.2574019209756966,True,False
2129.47,16985,t16985,270,200.0,20,7,6,0.6558331868885876,False,45.00486343002758,2.7320958459371707,False,False
2129.89,16991,t16991,80,50.0,65,2,5,0.6291270894112418,True,4.476488187995881,0.7484558095928507,True,False
2129.96,16992,t16992,80,50.0,97,5,6,0.6434395741423925,False,3.7987149410031567,0.8081278703154529,True,False
2130.11,16995,t16995,300,250.0,45,5,1,0.6262507458452449,False,83.56766105144273,2.9383072436367685,False,False
2130.3,17000,t17000,80,50.0,56,6,4,0.644767662410371,True,4.1888028257837435,0.735175979891444,True,False
2130.3,17001,t17001,270,1000.0,89,5,6,0.6399789644777265,False,269.31594369310875,2.6220646578162246,False,False
2131.13,17004,t17004,300,250.0,30,6,2,0.6370750188252364,False,68.73194730104672,3.1577549822481084,False,False
2131.65,17006,t17006,300,250.0,59,6,4,0.6474544909803454,False,79.35876092479033,2.782514838447497,False,False
2131.66,17007,t17007,220,700.0,72,0,1,0.6442292956747783,False,137.59978673807478,2.1248854826468278,False,False
2131.69,17008,t17008,80,50.0,97,1,4,0.6359745875877367,True,3.746524420271022,0.7633536935941931,True,False
2131.89,17010,t17010,300,1200.0,21,5,2,0.6250425922958232,False,289.00137339016084,2.7550512971243464,False,False
2133.1,17017,t17017,300,1000.0,47,6,2,0.6335901851153983,False,269.57294556597003,2.726336071193911,False,False
2134.33,17025,t17025,220,150.0,59,2,5,0.6321267294411989,True,35.06672551759312,2.332861955241566,True,False
2134.97,17034,t17034,270,200.0,88,1,4,0.6388372776541639,True,48.966895060243516,2.9408645261426893,True,False
2135.22,17037,t17037,170,100.0,27,3,2,0.6302793451655748,True,17.39495063495615,1.740565957171847,True,False
2135.72,17041,t17041,270,200.0,44,2,6,0.6203959127292565,False,58.519432138324184,2.5360197142989636,False,False
2135.85,17045,t17045,220,150.0,75,3,2,0.6332559400804452,True,28.122731708294182,2.3413597674627264,True,False
2136.67,17054,t17054,220,150.0,43,3,2,0.6361730030970181,True,32.39444459396556,2.1009139524721587,True,False
2137.49,17060,t17060,80,50.0,57,7,6,0.6521247049689977,True,3.694679366131699,0.7307802157150858,True,False
2138.21,17062,t17062,120,75.0,26,6,5,0.6373459152587656,True,7.384603505149775,1.2916335518639466,True,False
2138.66,17065,t17065,80,50.0,39,1,4,0.6416427139192623,True,3.7719052084877758,0.848080504084062,True,False
2139.79,17078,t17078,170,100.0,98,7,6,0.6546643926877995,True,19.76001605800912,1.6199919845963453,True,False
2140.19,17080,t17080,170,100.0,71,6,4,0.6439135829789203,True,19.750994443101238,1.8684997664424028,True,False
2140.77,17083,t17083,120,75.0,39,6,2,0.630175048079757,True,10.745703048192157,1.09284838231331,True,False
2140.86,17084,t17084,170,100.0,49,7,6,0.6571532866522253,True,13.997685713299559,1.7538145174493038,True,False
2141.44,17090,t17090,220,150.0,97,4,5,0.6751848642945257,True,30.72740933546251,1.980942527140436,True,False
2141.68,17092,t17092,270,1000.0,57,6,5,0.640181178771772,False,259.8786721243179,2.4852604030671857,False,False
2142.14,17098,t17098,170,100.0,31,7,6,0.6595924027373626,True,19.10606143134933,1.8049713341466371,True,False
2143.19,17106,t17106,120,75.0,64,3,1,0.6411079173467576,True,9.135517307729407,1.1613296078058277,True,False
2143.3,17108,t17108,170,100.0,93,6,5,0.6367857370145183,True,19.876552650630718,1.7127366496953274,True,False
2143.65,17113,t17113,80,50.0,98,6,2,0.6330022137848286,True,4.577113542037795,0.8298916734575473,True,False
2143.75,17114,t17114,80,50.0,62,1,4,0.6443920414590589,True,3.9395639174121344,0.7898403322986335,True,False
2143.98,17118,t17118,80,50.0,47,5,4,0.6637114046095859,True,4.677399935596616,0.8602752932661795,True,False
2144.19,17120,t17120,80,50.0,31,0,2,0.6412224075502952,True,4.313116495529728,0.7235058412333242,True,False
2144.98,17125,t17125,300,1200.0,56,1,4,0.6470863824480596,False,359.22592733686486,3.097911746058516,False,False
2145.06,17129,t17129,80,50.0,56,3,1,0.6438679408180045,False,3.7301726877399846,0.776176314773954,True,False
2145.55,17132,t17132,300,250.0,60,7,5,0.6474461634142848,False,77.20524632235023,3.1429110948671872,False,False
2146.71,17138,t17138,80,50.0,21,0,1,0.6407528915794645,True,3.895269150788123,0.8367048763940496,True,False
2147.15,17143,t17143,80,50.0,89,4,2,0.649503252298942,True,4.264064434583262,0.8425625251685065,True,False
2147.81,17149,t17149,220,150.0,75,2,5,0.6350663766705568,True,39.113297762950516,2.415695186555018,True,False
2149.35,17163,t17163,220,150.0,39,2,4,0.6361000965119156,False,39.07130050017399,1.9898560735859665,False,False
2149.48,17166,t17166,80,50.0,39,5,7,0.6239180894656828,True,4.777238176427317,0.7849695568191376,True,False
2149.65,17167,t17167,170,100.0,45,7,6,0.6619827365007972,True,19.23697463795724,1.825029709192201,True,False
2149.9,17172,t17172,270,200.0,80,4,6,0.6440564248963497,True,48.71361059683121,2.8426516779780395,True,False
2150.11,17173,t17173,270,200.0,67,4,6,0.6467574782166047,True,47.822942451893205,2.8744005368513195,True,False
2150.92,17179,t17179,220,700.0,95,3,2,0.6390317248532595,False,139.4946722873824,2.3777378404447833,False,False
2151.27,17184,t17184,170,100.0,23,2,6,0.6172446611413381,False,16.16455606417076,1.7117447640940076,True,False
2151.93,17193,t17193,80,50.0,54,3,1,0.6403987638198262,True,3.288290485707292,0.8736091437539271,True,False
2152.1,17196,t17196,220,900.0,65,4,5,0.677263348826817,False,216.259826816036,2.357349950622791,False,False
2152.13,17198,t17198,170,100.0,44,6,2,0.6357728361757987,True,15.283592128857261,1.863984520658088,True,False
2152.54,17206,t17206,170,100.0,40,6,2,0.6384880461189494,True,14.932435562356774,1.6565767699738894,True,False
2153.28,17210,t17210,170,100.0,28,4,6,0.6494045104704543,True,14.101718466457362,1.718108504147082,True,False
2153.88,17219,t17219,170,700.0,81,4,6,0.6519986020792271,False,129.19468338721506,1.6930529797836746,False,False
2154.68,17225,t17225,80,50.0,96,6,4,0.6466174931375238,False,3.7825848085380063,0.7217129073940944,True,False
2155.11,17228,t17228,300,250.0,23,3,2,0.6356592721743761,False,87.22204498449365,3.2772135131847833,False,False
2155.78,17230,t17230,170,100.0,47,4,6,0.6483668118558243,True,15.256400099430943,1.79296805889898,True,False
2155.92,17232,t17232,220,700.0,60,0,2,0.6439801412174712,False,161.15594920144113,2.1856454017076703,False,False
2156.31,17238,t17238,220,150.0,78,5,4,0.666019358335576,True,33.69305686540873,2.3711843418378553,True,False
2156.57,17242,t17242,170,100.0,58,0,1,0.643520015566057,True,20.076014702935137,1.5442459456737228,True,False
2157.06,17244,t17244,270,200.0,59,1,5,0.6213906616575239,True,53.18063691836469,2.6930531684764145,True,False
2157.96,17248,t17248,270,900.0,76,7,4,0.6437463431358631,False,279.5589297244348,2.6039320322811377,False,False
2158.19,17250,t17250,270,200.0,47,2,5,0.6379472309553273,False,56.36245884700399,2.7257164404709484,False,False
2158.24,17252,t17252,120,75.0,96,6,4,0.643093325092955,True,7.211739652397652,1.1798518902081578,True,False
2158.91,17256,t17256,300,250.0,25,1,5,0.6243935150910401,False,80.65117807585078,2.8753366193788015,False,False
2159.69,17261,t17261,170,100.0,73,5,6,0.6365875670063538,True,18.12838781147702,1.6864554381579453,True,False
2160.26,17267,t17267,270,200.0,68,4,2,0.652095369071145,True,44.96830660330766,2.6497931882156633,True,False
2161.04,17271,t17271,300,250.0,43,7,4,0.6402795980913277,False,75.72063946849087,2.7762075394215486,False,False
2161.46,17274,t17274,80,50.0,86,4,2,0.6546356435079038,False,4.296869594943743,0.7785689764651278,True,False
2161.56,17276,t17276,170,100.0,74,7,6,0.664325263588963,True,18.108608810746347,1.6172583541446672,True,False
2161.57,17277,t17277,120,75.0,46,4,2,0.6509511124559276,True,8.838256492219559,1.1653131241072319,True,False
2161.95,17279,t17279,270,1000.0,89,0,2,0.6405087202113036,False,293.12215441294865,2.7246684847083102,False,False
2163.13,17285,t17285,270,900.0,59,1,2,0.6394408616024555,False,279.60465768787986,2.7977252800795824,False,False
2163.19,17286,t17286,300,1200.0,97,2,6,0.6141564345851781,False,293.01089328850185,3.1106030740505917,False,False
2163.32,17288,t17288,120,75.0,39,3,1,0.6431729703616115,True,8.923614272966175,1.316425811675098,True,False
2163.77,17292,t17292,300,1000.0,51,6,5,0.6396322040924098,False,292.71078714824506,2.873828788516115,False,False
2163.87,17293,t17293,300,250.0,53,3,2,0.6323542685490704,False,83.7017530432157,3.0467929652563983,False,False
2164.78,17299,t17299,170,100.0,86,7,6,0.6666209401353657,True,19.60237155324915,1.7147895830730968,True,False
2165.27,17300,t17300,220,900.0,64,1,2,0.6360602261885882,False,191.53429499451997,2.380125581826367,False,False
2166.33,17306,t17306,170,100.0,43,6,2,0.6411489518632371,True,14.400299693144394,1.8105537145335024,True,False
2167.2,17314,t17314,120,75.0,85,6,4,0.6458136404092778,True,9.326812274477563,1.2490383256500064,True,False
2167.41,17318,t17318,300,250.0,94,6,4,0.648479549419274,True,73.43096620554586,3.2282199077853706,True,False
2167.43,17319,t17319,120,75.0,26,4,5,0.6731262636684625,True,8.831293871528937,1.0946573380105282,True,False
2167.75,17323,t17323,170,100.0,31,2,1,0.6137730929154462,False,18.07231325192539,1.673698843810626,True,False
2167.95,17325,t17325,170,500.0,78,7,5,0.643905421964181,True,75.71471933634163,1.8291784188595495,True,False
2168.06,17326,t17326,80,50.0,26,7,4,0.6368821879476829,True,3.6817554400290335,0.8085781929361993,True,False
2169.44,17336,t17336,300,250.0,68,2,4,0.6327862763998592,False,74.78003586138911,2.747296292779118,False,False
2169.88,17341,t17341,300,250.0,42,4,5,0.6752459202132751,False,87.37826744160715,2.937265370751591,False,False
2170.71,17348,t17348,300,250.0,35,6,4,0.6510921402490705,False,89.0957624122617,2.8502953711906844,False,False
2170.98,17351,t17351,300,1200.0,31,1,4,0.6435528366172801,False,288.4627762150283,3.175735656324505,False,False
2171.15,17354,t17354,120,75.0,53,3,7,0.6420306256760229,True,10.116543931662536,1.1539947527454444,True,False
2171.68,17357,t17357,120,75.0,54,7,6,0.6688707031508402,True,8.731156788287734,1.2453228310756723,True,False
2171.79,17360,t17360,170,700.0,76,4,6,0.6509816574368897,False,110.47226963779063,1.8209225882000952,False,False
2171.95,17361,t17361,270,900.0,94,1,2,0.6327472034829982,False,270.80134452395407,2.955579877480524,False,False
2172.46,17363,t17363,220,150.0,34,2,5,0.6345964681544026,False,39.586958295465024,2.309604739448269,False,False
2172.81,17366,t17366,170,500.0,81,5,4,0.6682811529870464,True,73.5235588110725,1.8221240053003422,True,False
2172.82,17367,t17367,300,1200.0,27,3,4,0.6291384796758017,False,383.51582062113204,2.8442599232558243,False,False
2173.03,17369,t17369,120,75.0,67,5,6,0.6394379974844085,True,8.767949858625457,1.2597496096875,True,False
2175.04,17380,t17380,220,150.0,96,5,4,0.6704977117454872,True,33.9963614566,2.3184872436239905,True,False
2176.19,17389,t17389,80,50.0,30,7,6,0.6710754709060052,True,4.543594475422312,0.7772493111368393,True,False
2176.47,17390,t17390,170,500.0,66,0,1,0.6462317970729177,False,82.61827520969652,1.832361338287795,False,False
2176.54,17391,t17391,270,900.0,93,6,4,0.6474784792622709,False,226.46726413954025,2.911688759073679,False,False
2176.56,17392,t17392,300,250.0,77,1,2,0.62950044123152,False,82.52207196894189,2.9109421184619055,False,False
2177.79,17401,t17401,80,50.0,21,7,6,0.6732361433060668,True,3.5447042387376877,0.7534261286638109,True,False
2177.84,17402,t17402,170,100.0,89,6,4,0.6439370914952073,True,20.10996302291523,1.5762608834288987,True,False
2178.12,17405,t17405,220,150.0,78,6,4,0.6466405314834849,True,27.794474406063944,2.281745036590068,True,False
2179.9,17415,t17415,80,50.0,47,6,4,0.649289902671997,True,4.159565239322591,0.7537631375175486,True,False
2179.92,17416,t17416,80,50.0,84,2,5,0.6313127206094964,True,4.318085346833118,0.7771871776785205,True,False
2179.99,17418,t17418,170,700.0,23,6,5,0.6362477418287434,False,125.45765264484389,1.7824506238410665,False,False
2180.15,17420,t17420,80,50.0,48,0,5,0.6531989476322184,True,4.040436057501367,0.7757671620739289,True,False
2180.68,17425,t17425,170,100.0,82,1,3,0.6213049070732869,False,47.26190161309848,4.264795677594551,False,True
2180.83,17426,t17426,120,75.0,57,2,4,0.6295387326900438,True,10.630412003592491,1.1579340451262279,True,False
2181.04,17427,t17427,120,75.0,57,7,5,0.6466094953430792,True,7.6595581798777825,1.1059262573139303,True,False
2181.26,17430,t17430,170,500.0,84,7,4,0.639726726006911,False,85.47523268679218,1.7972769823460077,False,False
2182.0,17435,t17435,300,250.0,44,5,6,0.6422314193529023,False,60.399195327740365,2.9366864033877214,False,False
2183.22,17443,t17443,270,900.0,26,4,2,0.6535142720249909,False,226.12696369873692,2.531363657728608,False,False
2183.4,17444,t17444,80,50.0,85,2,5,0.6342686480154883,True,3.3687046510677807,0.8196591759257761,True,False
2183.5,17446,t17446,270,200.0,28,1,5,0.621162311455886,False,55.88972867358966,2.897492454163159,False,False
2183.66,17448,t17448,300,250.0,80,6,2,0.643756639492639,True,64.79373030347931,3.1239090695990805,True,False
2183.77,17452,t17452,220,150.0,44,1,2,0.6263186142250715,True,33.56149470735414,2.2677491374619323,True,False
2184.13,17455,t17455,300,250.0,56,1,6,0.6201729829562289,False,77.01189021123534,3.1365740992280946,False,False
2185.28,17469,t17469,170,100.0,36,2,4,0.6325301398544247,True,19.496473068851756,1.6741011791706744,True,False
2185.45,17472,t17472,220,150.0,72,1,7,0.6196452992629325,True,37.86582480829536,2.0440609551357856,True,False
2186.66,17479,t17479,270,200.0,91,7,6,0.6753536022581274,True,63.74307567766556,2.4769323258131952,True,False
2186.66,17480,t17480,300,1200.0,39,6,5,0.6329309688103504,False,338.0875319221736,2.848673789471832,False,False
2187.79,17486,t17486,270,900.0,70,1,7,0.6226830599443406,False,225.74382897223714,2.872091245664799,False,False
2188.32,17489,t17489,220,150.0,39,1,2,0.6293744237587519,True,30.289396392108486,2.321315611940431,True,False
2188.86,17496,t17496,80,50.0,98,7,5,0.6492594872543994,True,3.991829444848695,0.8254470733226006,True,False
2189.22,17499,t17499,80,50.0,87,1,7,0.6194860654121205,True,3.625586730676393,0.7447403576246754,True,False
2189.58,17502,t17502,270,1000.0,79,7,5,0.6518564793274934,False,216.6399415808444,2.536677427031313,False,False
2189.87,17505,t17505,220,150.0,87,6,4,0.6518862864367388,True,32.21333152570377,2.233250678473569,True,False
2191.2,17507,t17507,120,75.0,35,4,5,0.6711491836271913,True,8.745492388357814,1.1310893763004606,True,False
2192.51,17512,t17512,300,250.0,73,5,7,0.627021909494551,True,60.067297596991395,2.8450023138664164,True,False
2192.64,17515,t17515,300,250.0,26,2,4,0.6354617188755181,False,82.73047831692988,3.2837107603207247,False,False
2193.03,17518,t17518,170,100.0,99,1,4,0.6400899617031164,True,14.33051994308996,1.699024672440241,True,False
2193.93,17526,t17526,270,900.0,74,6,4,0.6544307425261859,False,265.080974333747,2.4718420357963837,False,False
2194.14,17530,t17530,270,200.0,38,1,2,0.6323691171017586,False,61.840015338536745,2.8286161550707787,False,False
2194.17,17531,t17531,270,1000.0,37,6,2,0.6463121733694529,False,263.53579317639543,2.6509809082795672,False,False
2194.3,17534,t17534,220,700.0,83,2,5,0.6371654568733603,False,140.56017969776354,2.142472266648577,False,False
2194.31,17535,t17535,80,50.0,52,3,7,0.644620679829169,True,4.408503465194844,0.8192468793664663,True,False
2194.34,17536,t17536,220,150.0,87,6,2,0.6426425965687305,True,34.66440323170895,2.3225546076164947,True,False
2195.15,17545,t17545,120,75.0,33,0,5,0.6555656353462408,True,10.765136842882931,1.2724029637198504,True,False
2195.34,17546,t17546,80,50.0,52,7,6,0.6774287120311466,True,4.3250816625602155,0.8128987500602975,True,False
2196.08,17553,t17553,220,700.0,89,7,5,0.6482275315591252,False,170.57404181232948,2.325279045000427,False,False
2197.68,17566,t17566,220,150.0,76,2,6,0.6111299725601411,True,28.78226220749378,2.373668003406392,True,False
2198.49,17573,t17573,220,150.0,24,2,6,0.614338039775605,False,35.963419443523094,2.22132204989278,False,False
2198.71,17576,t17576,300,250.0,27,6,2,0.6452204113040225,False,78.8644888073295,3.2483999545593845,False,False
2199.65,17580,t17580,220,150.0,85,1,7,0.6225270107705447,True,37.2939086317753,2.2037134956501756,True,False
2200.17,17583,t17583,300,250.0,40,7,4,0.6363403733049546,False,63.773645403028205,2.856284396910734,False,False
2200.89,17591,t17591,300,250.0,98,3,1,0.645891692772561,False,83.00998828383844,3.0277199210106662,True,False
2201.45,17592,t17592,170,700.0,97,7,5,0.6446711627461246,False,120.89701842976552,1.5486495664549778,False,False
2202.27,17596,t17596,80,50.0,48,0,2,0.6371067276252593,True,4.411073811936203,0.7689708563858173,True,False
2202.29,17597,t17597,170,500.0,22,5,7,0.6300636531228417,False,96.86184746605711,1.7877620813355943,False,False
2203.18,17601,t17601,300,1200.0,59,7,4,0.6330217476570373,False,398.7790969118791,3.2991875119462,False,False
2203.72,17605,t17605,300,250.0,60,1,7,0.6255071372218005,False,74.52495026284748,3.018181206503942,False,False
2205.07,17617,t17617,300,1200.0,84,7,6,0.6794623196087056,False,314.9632349788759,2.8324774658672762,False,False
2205.24,17620,t17620,220,150.0,73,1,7,0.6222536611440311,True,35.53646221190982,2.001481397336477,True,False
2205.9,17624,t17624,170,100.0,36,4,6,0.6473702061063337,True,16.796568561674736,1.733052730141212,True,False
2206.2,17629,t17629,300,250.0,33,5,6,0.638794972784026,False,88.27148730618306,3.284659366597076,False,False
2206.5,17634,t17634,120,75.0,74,0,2,0.6399467748909359,True,10.761972995221312,1.1048238615952852,True,False
2207.11,17641,t17641,170,100.0,41,0,1,0.6427153429496412,True,16.03089336166988,1.6768655443734892,True,False
2207.13,17642,t17642,270,200.0,58,3,1,0.6423820407352916,False,59.294471600375466,2.880389678524609,False,False
2207.35,17645,t17645,170,100.0,66,3,1,0.6389425817387676,True,15.439956031905202,1.8204319571534775,True,False
2207.53,17647,t17647,80,50.0,26,4,2,0.6498521684026729,True,3.8162510051622354,0.7913840430944137,True,False
2207.85,17651,t17651,270,900.0,31,0,2,0.6427300212112991,False,272.5205139895024,2.6888588306863435,False,False
2208.01,17653,t17653,170,700.0,34,2,5,0.6338303295540749,False,108.84485448400729,1.6080848834718968,False,False
2208.91,17663,t17663,300,250.0,72,0,1,0.6454432179088302,False,76.68055504506837,2.9468475680216266,False,False
2208.97,17664,t17664,220,150.0,31,4,2,0.6524373068528012,False,35.16186573535295,2.317921191519615,False,False
2209.06,17665,t17665,220,150.0,21,7,6,0.6752812550347133,False,31.764508926706515,2.3482896200543477,False,False
2209.5,17669,t17669,300,250.0,28,0,2,0.6392836026052549,False,71.19334495149339,2.7595203285157544,False,False
2209.7,17673,t17673,80,50.0,72,0,1,0.6419425353688354,True,4.5142893003905815,0.8145228433779125,True,False
2210.46,17677,t17677,300,1000.0,66,4,6,0.6500049838023888,False,332.7497906805721,3.266045827348065,False,False
2211.26,17682,t17682,270,200.0,80,1,4,0.6428703442872359,True,57.51753440363945,2.864557918023544,True,False
2211.54,17684,t17684,220,900.0,21,7,5,0.6411859213093839,False,178.27823704783486,2.1849206977352456,False,False
2212.0,17690,t17690,120,75.0,65,7,5,0.637770384701378,True,9.324634383284188,1.12461653832917,True,False
2212.44,17694,t17694,170,500.0,89,0,1,0.6446858664796405,True,81.81819816188012,1.6003585871835009,True,False
2213.36,17702,t17702,170,100.0,28,1,4,0.645595119219673,True,15.614694827375073,1.8099279011233387,True,False
2213.65,17705,t17705,170,100.0,39,3,2,0.6291153649962707,True,14.400139721938018,1.5724091128871134,True,False
2214.0,17710,t17710,170,700.0,61,4,2,0.648796742533927,False,108.64876547714724,1.8252354050187922,False,False
2214.01,17712,t17712,80,50.0,60,3,1,0.6417459119221741,True,3.597985247728469,0.8713394434116222,True,False
2214.7,17720,t17720,170,100.0,76,1,4,0.6482653986534613,True,20.112679710962972,1.6849384239292742,True,False
2214.83,17722,t17722,170,100.0,79,0,5,0.6578849893059826,True,16.50945738932221,1.8122262918091205,True,False
2214.84,17723,t17723,270,1000.0,59,0,2,0.6359061123713315,False,291.84435794544066,2.7537786502819364,False,False
2214.96,17725,t17725,220,700.0,73,3,2,0.6321152395145272,False,181.74942231274105,2.315699393728524,False,False
2215.19,17726,t17726,170,100.0,83,7,4,0.6297694945220784,True,15.518883247060334,1.7706554881253447,True,False
2215.29,17728,t17728,80,50.0,23,5,4,0.6726699393287593,True,3.518108408168367,0.8267309544916023,True,False
2215.4,17730,t17730,270,200.0,79,2,5,0.6305619047811754,True,55.230783054087425,2.7926900363349954,True,False
2215.98,17736,t17736,170,100.0,65,2,5,0.6335328485037336,True,18.659766232455063,1.802887746077397,True,False
2216.46,17742,t17742,170,500.0,60,7,4,0.6327562864498187,False,94.51580927260656,1.557732869853041,False,False
2216.63,17743,t17743,170,100.0,48,7,6,0.6711838117522008,False,14.107914803465674,1.638726508597406,True,False
2217.63,17752,t17752,120,75.0,75,3,1,0.6444931755019124,True,8.287092774245526,1.2794681155033911,True,False
2217.77,17755,t17755,220,150.0,77,3,6,0.6290336821108545,True,27.936274734422284,2.1283479369359526,True,False
2217.96,17758,t17758,80,50.0,62,7,5,0.6405971588255323,True,3.85252807392072,0.8348833308468575,True,False
2218.7,17765,t17765,270,900.0,79,6,5,0.6296805312523251,False,288.8891676781066,2.78350608306956,False,False
2218.83,17767,t17767,300,250.0,90,4,5,0.6733083817728294,True,75.41837092974056,3.0359925078097287,True,False
2219.16,17768,t17768,170,100.0,61,7,6,0.6671683173353385,True,16.840338933455854,1.7324665177309053,True,False
2221.33,17781,t17781,270,1000.0,66,0,5,0.6601579561865296,False,241.43177216906554,2.8693162647388686,False,False
2222.03,17786,t17786,220,150.0,52,1,2,0.6291299165779053,True,26.834254930684654,2.0451190525950684,True,False
2222.2,17788,t17788,270,900.0,78,4,2,0.6452289895014304,False,196.14275315845043,2.5946643488449683,False,False
2223.62,17794,t17794,80,50.0,55,5,4,0.6747987223603659,True,4.153964480261864,0.8542862047797626,True,False
2223.67,17796,t17796,300,250.0,96,0,2,0.6325961719420868,True,84.39706702317456,2.914794030255675,True,False
2223.91,17797,t17797,300,250.0,64,6,5,0.6264951024454605,True,63.99786129241706,2.706946731877056,True,False
2224.24,17798,t17798,170,700.0,23,4,2,0.6417325915295836,False,111.13936416090029,1.7575448524098678,False,False
2224.83,17804,t17804,270,1000.0,56,5,7,0.6268705618785667,False,272.20540999897406,2.8618156307748155,False,False
2225.16,17808,t17808,120,75.0,45,7,4,0.6295093425390041,True,8.900128992387815,1.1890411602466926,True,False
2225.53,17811,t17811,220,150.0,54,7,6,0.6694071328068136,True,34.69690911300345,2.347735121759831,True,False
2226.07,17816,t17816,270,200.0,85,2,4,0.6321606663161895,True,54.71699342352438,2.4353632296762826,True,False
2226.22,17817,t17817,80,50.0,44,3,6,0.6320351902868192,True,4.6537045205256,0.8636393507333354,True,False
2226.4,17818,t17818,170,100.0,65,1,7,0.6252392545878173,True,16.061595632308883,1.6109055804889976,True,False
2226.42,17819,t17819,170,100.0,20,3,7,0.6471589328992523,True,17.191259050679506,1.6386849117834876,True,False
2226.74,17821,t17821,170,100.0,78,6,4,0.6507503094938439,False,15.031364331228838,1.6220410793500197,True,False
2228.18,17828,t17828,300,250.0,22,5,7,0.6237413324591773,False,60.32816970559469,2.7826770270402044,False,False
2228.22,17829,t17829,270,200.0,76,7,5,0.6433673974672035,True,58.625391340163276,2.57960278166095,True,False
2228.81,17836,t17836,120,75.0,96,7,5,0.6460822313360411,True,8.037723019695902,1.16407634921127,True,False
2229.48,17838,t17838,300,250.0,90,0,1,0.6473743309682295,True,73.41817154608124,2.964030058412522,True,False
2231.11,17852,t17852,120,75.0,87,0,1,0.6500090261670467,True,8.25477546345334,1.293054455281206,True,False
2231.67,17860,t17860,170,700.0,61,3,1,0.647185493810056,False,138.78880055329563,1.6699600198848692,False,False
2232.02,17863,t17863,170,700.0,41,5,6,0.6354272551465273,False,104.22978101658143,1.7395174608744648,False,False
2233.2,17870,t17870,270,900.0,87,2,4,0.6350996348080475,False,243.07889102199718,2.7604785377045085,False,False
2233.32,17871,t17871,170,100.0,90,6,5,0.6295473822147332,True,20.110079821094324,1.7182132203736982,True,False
2233.51,17873,t17873,80,50.0,87,3,6,0.6349766682992647,True,4.044413694453752,0.8632120499307974,True,False
2233.69,17877,t17877,220,150.0,91,5,4,0.6768849297313404,False,34.98762530983664,2.0499198230783056,True,False
2233.8,17878,t17878,170,100.0,65,6,5,0.6325386163886203,True,18.403849065601833,1.7739028089153914,True,False
2234.52,17883,t17883,270,200.0,66,1,4,0.650882272498574,True,47.46758101819203,2.5116905600672177,True,False
2235.56,17890,t17890,170,100.0,52,1,7,0.6281651361627275,True,16.669520575438884,1.8338632145413987,True,False
2235.91,17891,t17891,80,50.0,66,6,2,0.6415726697446087,True,4.783954148931488,0.7451984999926797,True,False
2236.15,17893,t17893,220,700.0,82,7,5,0.6487427685275021,False,165.64924160256092,2.3592858064034954,False,False
2236.6,17897,t17897,170,100.0,57,5,1,0.6229823975950066,True,14.118414367205274,1.769051633618498,True,False
2237.57,17902,t17902,220,900.0,61,2,5,0.6364443733518408,False,186.83397718272607,2.34767996562518,False,False
2238.24,17910,t17910,80,50.0,29,2,6,0.6113079456467595,True,4.742276642465354,0.7583854209984958,True,False
2239.07,17916,t17916,80,50.0,76,6,2,0.6441718830163832,True,4.365041358978773,0.7384860382204607,True,False
2239.36,17919,t17919,220,700.0,61,0,1,0.6525910274618876,False,148.4338849977598,2.0423622764227702,False,False
2239.47,17920,t17920,270,1000.0,96,4,6,0.646413065944523,False,265.62759210977066,2.7095692247256107,False,False
2239.8,17922,t17922,80,50.0,50,7,5,0.645176094975134,True,3.9280173935454084,0.8203591320893084,True,False
2242.07,17940,t17940,270,200.0,95,1,4,0.6534468088667843,True,60.38192496167264,2.5268074731646535,True,False
2242.8,17943,t17943,220,150.0,79,1,2,0.632129500064529,True,39.14023072901715,2.2449159080545793,True,False
2242.98,17945,t17945,220,900.0,96,0,1,0.6489473887308317,False,194.31661942598822,2.3856528495750013,False,False
2243.27,17946,t17946,300,250.0,99,2,5,0.6331236677029858,True,65.43909822302555,2.975723335497826,True,False
2243.39,17947,t17947,80,50.0,72,2,4,0.6318058239300685,True,4.427034689103378,0.7754144720495082,True,False
2243.5,17949,t17949,170,100.0,35,2,4,0.6347518892696489,True,15.255672984432213,1.533418203452901,True,False
2243.59,17950,t17950,270,900.0,62,1,2,0.6350690918814202,False,274.74927365497837,2.915525100194505,False,False
2243.69,17952,t17952,120,75.0,80,4,7,0.6388277268885719,True,7.687808772927112,1.183453917346796,True,False
2243.7,17953,t17953,170,500.0,34,2,4,0.6376390333024378,False,72.63727649706706,1.722726014273667,False,False
2244.61,17958,t17958,170,500.0,83,3,1,0.6436499657520367,True,82.90869259966276,1.8097051619390643,True,False
2244.75,17960,t17960,220,150.0,33,4,6,0.6428929864438143,False,39.193464408182344,2.1635085047389224,False,False
2246.27,17969,t17969,220,700.0,98,0,1,0.6453766227743968,False,173.43746288994546,2.127917182319824,False,False
2248.51,17983,t17983,120,75.0,96,0,2,0.6355264303214269,True,8.041688460755912,1.1056585760568223,True,False
2248.71,17984,t17984,220,700.0,41,5,1,0.6259534163097732,False,158.8265507491406,2.3461159905633995,False,False
2248.91,17987,t17987,80,50.0,96,6,4,0.647143485122149,True,3.8357768115871766,0.8339544212469341,True,False
2249.05,17990,t17990,270,200.0,33,3,1,0.6463591482551777,False,56.32947724947329,2.499163216456848,False,False
2249.38,17992,t17992,220,150.0,34,3,1,0.642840147108256,True,31.041752544749052,2.0165721213228127,True,False
2250.72,18000,t18000,300,250.0,82,4,6,0.6394433085331198,True,66.65965763091278,3.2057552613454563,True,False
2250.81,18002,t18002,300,250.0,94,3,7,0.649646420907934,True,78.69146098993343,3.160013586792728,True,False
2251.04,18003,t18003,300,1200.0,37,7,5,0.6478547548938131,False,371.0989921054966,3.066691272750802,False,False
2251.28,18004,t18004,80,50.0,86,4,7,0.6416333541689822,True,4.798360827603597,0.7740004107927445,True,False
2251.29,18005,t18005,120,75.0,97,2,5,0.6360433761671079,True,10.41945068905205,1.2049360965765974,True,False
2251.52,18009,t18009,170,700.0,91,1,7,0.6310325001061396,False,136.93806584070745,1.5774236732633689,False,False
2252.84,18018,t18018,270,900.0,87,5,1,0.6226910146502443,False,277.18373102860073,2.865539503852902,False,False
2254.21,18031,t18031,170,500.0,38,4,6,0.6422366241806393,False,88.55049261589079,1.5943270175912796,False,False
2255.64,18041,t18041,80,50.0,37,4,7,0.6443828689037844,True,4.382192752085125,0.837577613818743,True,False
2256.18,18046,t18046,300,1000.0,38,7,6,0.6716011719688592,False,276.6883004860206,2.877834166986636,False,False
2256.56,18053,t18053,270,200.0,61,3,6,0.6378593167514612,False,61.81500389524397,2.531686900289333,False,False
2257.5,18059,t18059,270,1000.0,78,2,5,0.6389046904619475,False,217.19646507463517,2.45413318447958,False,False
2257.58,18060,t18060,270,1000.0,38,2,6,0.614512453400491,False,233.17485883878607,2.536818088066141,False,False
2258.04,18064,t18064,220,150.0,39,5,6,0.6321268918617785,True,30.959943728919768,2.2815716778550925,True,False
2261.01,18080,t18080,220,700.0,50,2,6,0.6114788709991478,False,144.63938415888273,2.0571610687488557,False,False
2261.4,18082,t18082,270,200.0,42,0,2,0.6383980835331802,False,54.94868778183173,2.7595710263324347,False,False
2261.85,18084,t18084,80,50.0,81,0,2,0.6350383036806984,True,3.733585271993568,0.8440323810951589,True,False
2262.37,18089,t18089,220,700.0,63,2,5,0.6355347784708903,False,162.1739264969113,2.297357282460148,False,False
2263.87,18103,t18103,120,75.0,87,1,7,0.6276685167706835,True,8.003574561525859,1.1494945538882058,True,False
2264.43,18106,t18106,300,1000.0,77,2,4,0.6342944344545708,False,305.3977340649932,2.8157972880755047,False,False
2265.47,18114,t18114,220,150.0,33,2,4,0.6310167275836612,False,39.56056890266959,2.008831812492196,False,False
2265.8,18120,t18120,80,50.0,53,3,7,0.652084159156442,True,4.223820045767378,0.8707117474304282,True,False
2265.98,18124,t18124,300,250.0,34,6,4,0.6497827972378879,False,63.143544858195206,3.0051820225561103,False,False
2266.12,18125,t18125,270,900.0,49,0,5,0.6562114637294657,False,235.7500332927391,2.8323377963137957,False,False
2266.24,18127,t18127,300,250.0,79,4,7,0.6470773933438906,True,61.22135640280079,2.8762171973311896,True,False
2267.18,18135,t18135,300,1200.0,80,7,4,0.6325013375064058,False,321.08944458222646,3.068836984532423,False,False
2268.35,18144,t18144,220,150.0,95,5,2,0.6219499222680885,True,27.746645853877105,2.1380518534117257,True,False
2269.17,18148,t18148,270,200.0,84,0,5,0.6523439011215431,True,54.01114549752755,2.822658802812769,True,False
2270.14,18157,t18157,120,75.0,88,0,2,0.6379197194252663,True,9.909824590054036,1.3141754552025624,True,False
2270.5,18159,t18159,270,200.0,49,0,2,0.6407435068549427,True,48.266129752990025,2.841281013561607,True,False
2270.71,18160,t18160,300,1200.0,74,3,6,0.6345103122346137,False,320.5918136896795,2.727255249851715,False,False
2270.73,18161,t18161,120,75.0,68,4,7,0.6497180272951945,True,9.85416501248949,1.3085054206266815,True,False
2271.58,18166,t18166,300,250.0,86,4,6,0.6388000735152083,True,78.35709436889887,2.716047377752644,True,False
2272.16,18170,t18170,170,100.0,47,2,4,0.6278045748501698,True,19.342798051334075,1.785435029268581,True,False
2272.91,18179,t18179,300,1000.0,66,2,1,0.6109058128753192,False,318.6110209409126,2.7203775043068648,False,False
2273.55,18186,t18186,220,150.0,96,7,6,0.6675773303476639,True,33.56904947250051,1.9805898823701533,True,False
2273.87,18187,t18187,270,900.0,43,3,1,0.6455655259842727,False,253.01512191357892,2.6333771749555925,False,False
2274.47,18195,t18195,300,250.0,46,6,5,0.6354700258790297,False,68.04905260104171,3.2303411338856165,False,False
2274.64,18197,t18197,220,150.0,49,1,7,0.6305458131019365,False,35.37258705062763,2.116410924807042,True,False
2274.88,18200,t18200,300,250.0,38,3,7,0.6544731426399798,False,63.91390375906155,3.0626572365185636,False,False
2274.92,18202,t18202,270,900.0,89,7,6,0.6698079655588923,False,196.5228510748804,2.736276959541126,False,False
2275.2,18203,t18203,300,250.0,50,2,4,0.6308306651713482,False,73.74541106108707,3.190325153609563,False,False
2275.45,18205,t18205,300,250.0,72,2,4,0.627622233686103,True,68.32164866614737,3.184253698946079,True,False
2275.66,18209,t18209,220,700.0,87,3,7,0.6506403464538469,False,152.7378097124775,2.2071764034532073,False,False
2276.29,18213,t18213,220,900.0,79,3,6,0.6312282878081034,False,160.17414037142504,2.269753661900027,False,False
2276.32,18214,t18214,80,50.0,47,3,2,0.6288811165424185,True,3.4381377478459942,0.8111337604184503,True,False
2276.33,18215,t18215,80,50.0,72,2,4,0.6306519708305628,True,4.549751453521659,0.82217517065851,True,False
2277.35,18226,t18226,270,900.0,62,5,4,0.6727554129548954,False,238.9108086065391,2.4750603157560613,False,False
2280.96,18252,t18252,80,50.0,97,4,6,0.6416062538630859,True,3.8248365360631564,0.7633814609753284,True,False
2281.23,18254,t18254,300,250.0,96,0,5,0.6547276897657789,True,79.49135390169373,2.9790946026399396,True,False
2281.36,18255,t18255,170,100.0,85,4,5,0.6754243959555546,True,16.519963087815448,1.7845300819814414,True,False
2281.49,18256,t18256,170,500.0,62,1,2,0.6317758918619737,False,99.51224039726696,1.6487104295383694,False,False
2282.83,18264,t18264,270,900.0,94,7,4,0.6292594925744596,False,229.46110567731833,2.5368364590724894,False,False
2283.67,18270,t18270,170,700.0,28,5,4,0.6687084865139793,False,110.1988927367274,1.599009936751626,False,False
2284.49,18275,t18275,220,150.0,42,1,7,0.6271915635065645,True,29.18102326636328,2.0123114238068,True,False
2284.58,18276,t18276,270,200.0,46,1,4,0.6559600545076304,True,44.57836370495077,2.6021305041962517,True,False
2285.43,18280,t18280,220,700.0,43,4,5,0.6774980898546253,False,125.57564077612592,2.3634693152527855,False,False
2285.96,18285,t18285,220,150.0,95,5,6,0.6350665358427248,True,39.355603746144006,2.26689487264464,True,False
2286.94,18289,t18289,270,200.0,45,2,4,0.6336211132321333,False,52.61504418268,2.8104152275916854,False,False
2287.08,18291,t18291,80,50.0,61,6,2,0.6467191120227221,True,3.6201665013254227,0.7977801058315603,True,False
2287.1,18292,t18292,80,50.0,45,0,1,0.6418772721370908,True,4.580644508441119,0.8531084268658238,True,False
2287.32,18294,t18294,80,50.0,58,7,4,0.6260824845411522,True,4.579867283971601,0.864749272298632,True,False
2288.17,18298,t18298,120,75.0,39,0,5,0.6570638026371299,False,7.364183597024313,1.1600953347212375,True,False
2288.2,18299,t18299,170,500.0,84,2,4,0.6303568727856725,False,84.81077797944285,1.8358577163887164,False,False
2288.4,18301,t18301,270,200.0,39,2,5,0.6322322647196544,False,51.24193343577816,2.552360520408103,False,False
2288.69,18304,t18304,220,150.0,96,3,1,0.6420623972827691,True,26.729063273263918,2.1325832947876866,True,False
2289.38,18314,t18314,80,50.0,73,4,7,0.6523058485674724,True,4.114048218784644,0.7348533821628138,True,False
2289.67,18315,t18315,220,150.0,53,6,2,0.6492153964489343,True,35.9837563915373,2.0840368558984474,True,False
2289.68,18316,t18316,170,100.0,96,7,6,0.6658199880658963,True,17.173506530925007,1.6540108150486266,True,False
2289.87,18318,t18318,220,150.0,60,0,1,0.6446219085125308,True,35.04701769462421,2.0698642320911214,True,False
2290.04,18320,t18320,300,250.0,70,1,7,0.6300783989030998,False,79.20407199964968,3.1178344741851003,False,False
2291.24,18329,t18329,80,50.0,88,5,2,0.6250931056409086,True,3.5568520869486444,0.7489542313795061,True,False
2291.94,18336,t18336,300,250.0,84,7,5,0.6443058416141186,True,65.94104717249483,2.8933522860171372,True,False
2292.98,18345,t18345,270,200.0,71,0,1,0.6473116521604619,True,52.51712783425821,2.7313887135911727,True,False
2293.24,18349,t18349,170,100.0,25,7,5,0.6470019066000181,True,15.004492026480202,1.6071940098243238,True,False
2293.87,18353,t18353,300,250.0,88,2,5,0.6289958012434431,True,75.86527818683112,3.121138312721327,True,False
2294.26,18361,t18361,270,200.0,95,3,2,0.6318856760297519,True,46.44089766075746,2.454573123929589,True,False
2295.33,18367,t18367,170,100.0,87,6,4,0.6461953231113119,True,16.366404902153963,1.5989754017379847,True,False
2296.3,18375,t18375,220,700.0,82,3,2,0.6348301443273386,False,148.46243935072948,2.2573323772367426,False,False
2297.23,18380,t18380,300,250.0,92,5,6,0.6379473869440521,True,76.7140746003584,2.8541518648531823,True,False
2297.93,18386,t18386,80,50.0,80,3,7,0.6468842061914366,True,3.951759341184353,0.7831981644312778,True,False
2298.56,18393,t18393,270,200.0,82,4,6,0.644356310604006,True,57.54149131886295,2.8759774988994113,True,False
2298.75,18396,t18396,300,1200.0,52,2,6,0.6085059602458316,False,289.80757474661925,3.221906982438779,False,False
2299.28,18398,t18398,300,250.0,28,3,2,0.6315417232589737,False,79.20245117992114,3.159745608390584,False,False
2299.47,18399,t18399,300,250.0,93,0,2,0.6435108185360258,True,86.30829575333671,2.7016807526691364,True,False
2299.77,18401,t18401,300,1000.0,91,5,4,0.6647424986018815,False,247.97034655386977,2.927315734043417,False,False
2300.22,18403,t18403,220,150.0,63,1,2,0.6285485558429159,False,33.72475697506992,1.9902308168119136,True,False
2300.54,18406,t18406,80,50.0,78,2,4,0.6271579171481408,True,4.18275958757797,0.728236397783106,True,False
2301.59,18412,t18412,120,75.0,24,3,2,0.628319070611976,True,9.38740935599793,1.2109125361640063,True,False
2301.6,18413,t18413,220,900.0,76,2,5,0.6319980670367561,False,201.78954697069835,2.2089563905668164,False,False
2301.7,18415,t18415,220,150.0,48,0,5,0.653179193251054,True,34.12576289469288,2.335498157972407,True,False
2302.81,18425,t18425,120,75.0,84,7,4,0.6291430166685109,True,10.346315339532651,1.2933568274909475,True,False
2304.59,18438,t18438,300,250.0,85,5,6,0.6407706210233529,True,73.34098781115556,2.9628869326186322,True,False
2306.5,18456,t18456,170,700.0,27,3,1,0.6448033311552955,False,113.14881207564426,1.617116882664734,False,False
2306.5,18457,t18457,300,1000.0,43,5,6,0.6435373904210676,False,313.7845095426374,3.068141810072241,False,False
2306.61,18459,t18459,300,250.0,23,5,4,0.6608558304480258,False,85.20545175251625,3.128724221980254,False,False
2306.78,18463,t18463,300,250.0,26,4,6,0.6470513662101077,False,84.69618359990392,2.996084839036574,False,False
2307.63,18467,t18467,300,1200.0,55,7,5,0.6496440502861995,False,306.59691860216236,2.8252113262811043,False,False
2308.36,18471,t18471,220,150.0,31,7,4,0.6321423381533225,True,26.526306265314428,2.0954891770860136,True,False
2308.4,18472,t18472,300,250.0,37,7,5,0.6460593510986573,False,61.344336989566784,2.941325788347013,False,False
2309.37,18479,t18479,270,200.0,27,5,4,0.6570468956572469,False,63.27506627682179,2.6248269860547104,False,False
2309.97,18485,t18485,300,250.0,68,5,6,0.6400748244308282,False,68.06189114165906,2.9010781144321487,False,False
2309.99,18486,t18486,220,150.0,47,0,1,0.6499476009354345,True,35.51919879435339,2.2108266766533085,True,False
2310.94,18496,t18496,270,1000.0,61,6,5,0.6321688071796309,False,297.9974824754833,2.6325292082932688,False,False
2310.94,18495,t18495,220,150.0,80,6,5,0.6289336128542201,True,34.516119858622986,2.2059539001554653,True,False
2311.05,18497,t18497,270,200.0,38,6,4,0.6488535984672675,False,52.321562383066386,2.626511024603522,False,False
2311.49,18500,t18500,270,1000.0,89,1,4,0.6584230352356596,False,226.27176999993196,2.554764654547892,False,False
2312.57,18512,t18512,220,150.0,23,3,2,0.6313348710179184,False,27.15871120655106,2.1750619880185074,False,False
2312.83,18515,t18515,120,75.0,20,7,4,0.6350816732084379,True,10.493245432376368,1.1677665984054963,True,False
2312.85,18516,t18516,80,50.0,66,4,6,0.6435185207040873,True,3.6919366626076884,0.75615567598953,True,False
2313.0,18518,t18518,120,75.0,33,0,2,0.646222783983487,True,10.137601352777375,1.2920122522069828,True,False
2313.04,18519,t18519,80,50.0,77,3,2,0.6281163554157417,True,3.317651570904629,0.8289282900608724,True,False
2315.17,18529,t18529,220,700.0,92,1,4,0.6546627563491282,False,151.08474502508102,2.4039388704434494,False,False
2315.99,18535,t18535,300,250.0,60,3,7,0.6493771887342745,False,77.85419659275273,2.9977367895401414,False,False
2316.46,18538,t18538,270,200.0,35,7,6,0.6680857701227602,False,54.53529937801194,2.851510696635837,False,False
2317.83,18548,t18548,220,150.0,71,6,5,0.6319371224153175,True,38.85130885974007,1.9964100110895504,True,False
2318.16,18550,t18550,170,500.0,30,2,4,0.63019694062336,False,94.5354835509622,1.6899875661361528,False,False
2318.42,18551,t18551,300,250.0,46,0,2,0.6488805101219991,False,61.509520214752136,3.2306968177268462,False,False
2318.71,18552,t18552,220,900.0,80,2,4,0.6270011836290745,False,175.06673896449917,2.1001056117606955,False,False
2318.82,18554,t18554,220,900.0,81,7,5,0.642546345894866,False,217.91390141776256,2.336833391481547,False,False
2319.51,18559,t18559,120,75.0,43,5,4,0.6533141395622838,True,7.437157677689641,1.2335278969610866,True,False
2320.23,18570,t18570,270,200.0,65,0,1,0.6525308307349077,True,44.58888226164907,2.533559289833632,True,False
2320.56,18572,t18572,170,100.0,76,7,6,0.6641322365384869,True,16.593222098875774,1.7768005192221985,True,False
2320.59,18573,t18573,300,1000.0,74,3,7,0.6456463116262557,False,348.6275727091222,3.026676033993681,False,False
2320.93,18575,t18575,170,500.0,72,5,6,0.6366815097603934,False,72.21421313750899,1.6113181234858471,False,False
2321.24,18579,t18579,170,500.0,97,0,2,0.6453110817377409,False,100.40175444976278,1.69611467022459,False,False
2321.74,18583,t18583,170,700.0,20,5,2,0.6281734253462722,False,125.11630643942472,1.786959951787814,False,False
2322.52,18590,t18590,80,50.0,55,5,6,0.6333560613833673,True,3.968534567159456,0.8786532501904522,True,False
2322.67,18593,t18593,80,50.0,40,4,7,0.6548419134143048,True,4.570594299671233,0.8249315961655967,True,False
2323.62,18603,t18603,300,250.0,65,6,2,0.6516617551866224,False,82.10220095336688,2.90772888927523,False,False
2325.82,18621,t18621,300,250.0,49,0,5,0.6555462760526997,False,88.36960591535444,2.979210546494199,False,False
2325.89,18623,t18623,220,150.0,90,6,2,0.6478851867495566,False,29.672707171577546,2.073705934401647,True,False
2326.05,18625,t18625,170,100.0,80,1,2,0.6253857665442394,True,20.146706587206737,1.5475832130735767,True,False
2326.35,18628,t18628,220,900.0,36,7,6,0.6664317736258989,False,228.98723077867507,2.3929646687466457,False,False
2326.47,18629,t18629,270,200.0,84,0,5,0.6516920171983123,True,52.200835945438726,2.8997176670470868,True,False
2326.8,18632,t18632,120,75.0,92,5,2,0.6250181386575285,True,9.003679539780608,1.0979031589408288,True,False
2326.99,18635,t18635,170,100.0,38,1,7,0.6267334975917045,True,19.535531794581303,1.6975705742050233,True,False
2327.84,18641,t18641,80,50.0,22,4,6,0.6462303321081874,True,3.6378415947117966,0.7978990015451569,True,False
2328.43,18643,t18643,220,700.0,53,0,2,0.641813041921168,False,184.695975090474,2.220817688045953,False,False
2328.67,18646,t18646,120,75.0,79,7,6,0.6625113199715628,True,8.502123173243257,1.1720933179589674,True,False
2328.68,18647,t18647,80,50.0,70,3,2,0.6311362101256087,True,3.8626642184828626,0.840360782691266,True,False
2329.0,18653,t18653,270,200.0,81,1,2,0.6284602330315364,True,47.14706624677363,2.7620935944672396,True,False
2330.0,18659,t18659,270,1000.0,68,4,5,0.6733563098757146,False,261.3774774897162,2.7359995573482325,False,False
2330.28,18661,t18661,170,700.0,39,5,6,0.6362711219738818,False,102.68540853164758,1.7640443779761923,False,False
2330.37,18662,t18662,170,100.0,49,5,6,0.632953881352586,True,17.029843391631985,1.613901034011859,True,False
2330.8,18666,t18666,220,150.0,62,2,4,0.6238693417746749,True,36.337958803151636,2.3408351367331264,True,False
2330.87,18667,t18667,300,250.0,55,6,2,0.6441841496812322,False,69.98532298340231,2.928085774474896,False,False
2330.88,18668,t18668,120,75.0,59,0,1,0.6550623959383913,True,8.896172682352468,1.1652133197911263,True,False
2331.28,18669,t18669,220,150.0,89,6,2,0.6405571333542742,True,36.98142756913436,2.095960298335521,True,False
2331.4,18670,t18670,270,1000.0,57,7,5,0.6391036007951506,False,311.5571480323428,2.682203083138809,False,False
2332.31,18678,t18678,120,75.0,74,3,2,0.6340956677412785,True,9.348613291888329,1.0942299444558576,True,False
2332.54,18681,t18681,80,50.0,46,1,7,0.629629494306537,True,3.810098177350477,0.8434837213771772,True,False
2334.8,18694,t18694,170,100.0,37,6,5,0.634880561785193,True,15.463418326343506,1.8469265789685299,True,False
2334.95,18697,t18697,270,200.0,71,2,4,0.6269741367573632,True,43.803281833940204,2.8623337795904082,True,False
2335.3,18700,t18700,300,1200.0,94,3,2,0.6369959362046347,False,328.80574606207813,2.8698655088359555,False,False
2336.25,18708,t18708,120,75.0,83,5,4,0.6558300385892201,True,8.945944638402628,1.1963443703197332,True,False
2336.51,18713,t18713,300,250.0,23,5,2,0.6280999577025598,False,75.11540953254377,3.0617915041141135,False,False
2336.54,18714,t18714,170,500.0,23,2,5,0.6287662875142028,False,69.82170820472133,1.7500774236907153,False,False
2337.62,18722,t18722,170,100.0,57,0,1,0.6575433298378053,True,18.369198050928635,1.775390813498144,True,False
2337.9,18726,t18726,170,100.0,74,4,7,0.6573272569642005,True,17.204933545134974,1.7488819719039008,True,False
2343.54,18775,t18775,220,900.0,93,3,1,0.6413154463503714,False,218.920769972042,2.3166062191449783,False,False
2344.04,18779,t18779,120,75.0,29,2,5,0.6255991435821006,True,7.857581817284726,1.2697421122437313,True,False
2346.84,18800,t18800,300,250.0,59,3,2,0.6336641992987239,False,72.1145322279347,3.012602722212945,False,False
2347.55,18806,t18806,220,150.0,90,1,2,0.6314732101890875,True,31.081704844727067,2.1792462361427094,True,False
2347.71,18807,t18807,220,900.0,82,3,1,0.6378973192415458,False,223.02701762712096,2.0997964260088104,False,False
2347.8,18808,t18808,80,50.0,66,7,4,0.637962221562451,True,4.444390386344026,0.871229717646629,True,False
2347.82,18809,t18809,270,200.0,95,7,6,0.6648432753903133,True,55.57133350753283,2.8396039063365173,True,False
2348.07,18813,t18813,300,250.0,47,6,5,0.637765132367671,False,84.83892724225761,2.717059154743748,False,False
2348.2,18815,t18815,300,1200.0,50,3,2,0.6303990971309311,False,331.69617872839217,3.0898327526962532,False,False
2349.27,18825,t18825,300,1200.0,51,4,7,0.6597628936430983,False,355.04376537890823,3.255638978352451,False,False
2349.84,18828,t18828,220,900.0,23,1,4,0.6509776830403274,False,202.97198119627274,2.3190678490972774,False,False
2351.79,18848,t18848,300,1200.0,46,7,5,0.6357297105974294,False,306.5308295721542,3.0783064607274024,False,False
2352.17,18851,t18851,170,500.0,48,3,7,0.6419900520603973,False,75.41364489110248,1.8589040864206157,False,False
2352.6,18855,t18855,120,75.0,70,3,1,0.6345475546748968,True,8.703143328197516,1.2842476175646842,True,False
2353.92,18860,t18860,80,50.0,61,1,2,0.6344259278034876,True,3.635865578972299,0.8454649171450367,True,False
2354.04,18863,t18863,300,250.0,25,5,6,0.6358769855437161,False,89.51727186063165,3.1330499809922907,False,False
2354.33,18866,t18866,270,200.0,25,1,7,0.632467571087073,False,64.52501061760114,2.929900436676998,False,False
2355.31,18874,t18874,300,1000.0,71,0,5,0.6540888435210127,False,320.1327832080329,2.7642786842808484,False,False
2355.7,18875,t18875,170,100.0,24,5,6,0.6325676276510236,True,15.22661179010406,1.7422321202613602,True,False
2355.99,18879,t18879,270,200.0,52,6,4,0.6452847083161038,False,58.08023179448501,2.6785904338861086,False,False
2356.23,18882,t18882,300,250.0,57,7,6,0.6671285917006888,False,78.81342166341483,3.1141698087920204,False,False
2356.41,18885,t18885,300,250.0,62,2,1,0.6080958784359946,False,75.82168728532723,2.837120438322909,False,False
2357.66,18892,t18892,270,200.0,53,2,4,0.6300168358403978,False,60.1910056990239,2.7443537544542194,False,False
2358.29,18898,t18898,220,900.0,37,2,6,0.6055925077075816,False,158.55730794435252,2.07724237465959,False,False
2359.31,18907,t18907,300,250.0,78,1,7,0.6290748863319983,True,68.0214366949766,2.897503129340462,True,False
2359.43,18908,t18908,300,1200.0,57,6,2,0.6431766573538554,False,390.246556964061,2.995917369263143,False,False
2359.53,18909,t18909,170,100.0,78,4,6,0.6488879072842055,True,15.852316762125009,1.5376184392447971,True,False
2359.6,18910,t18910,170,700.0,94,2,5,0.6286693425286404,False,121.47253262800794,1.645620915473344,False,False
2359.67,18911,t18911,220,900.0,48,7,5,0.6324232982036626,False,162.8453336115101,2.3300489719487882,False,False
2359.71,18912,t18912,170,500.0,73,2,1,0.6053421426854565,False,81.19260812100173,1.788894312394435,False,False
2359.83,18914,t18914,270,200.0,96,2,5,0.6255041374962494,True,45.66734496887476,2.4731679232855464,True,False
2359.83,18915,t18915,170,700.0,24,6,5,0.6344180115384993,False,137.03493321318496,1.7589421417427988,False,False
2360.17,18918,t18918,220,150.0,62,7,6,0.6631942016848569,True,31.209959543385477,2.331660128220331,True,False
2360.57,18924,t18924,80,50.0,34,7,4,0.6407851589493838,True,4.52756775077874,0.8586478225931273,True,False
2361.0,18926,t18926,170,500.0,90,6,5,0.6311378331259112,True,70.88657370547052,1.5885498973216576,True,False
2362.29,18930,t18930,120,75.0,86,0,1,0.659974645059231,True,10.166475959955449,1.1124892198669976,True,False
2363.37,18938,t18938,300,250.0,38,4,5,0.6692973654963822,False,63.03622817537168,2.8200293196847994,False,False
2363.63,18939,t18939,80,50.0,61,2,4,0.6268246809417716,False,3.575761100941592,0.7977104298650938,True,False
2363.83,18941,t18941,80,50.0,80,2,5,0.6285762365645062,True,4.20503757370642,0.7332808473030549,True,False
2364.67,18946,t18946,300,250.0,78,5,4,0.6582956196356174,False,89.77814669406544,2.832839049141697,False,False
2364.81,18948,t18948,300,250.0,71,0,2,0.6383849629009263,True,68.19598889409635,2.9803342415871343,True,False
2365.26,18951,t18951,80,50.0,75,6,2,0.6395697908734449,True,3.4089083235415822,0.8644619792167547,True,False
2365.67,18954,t18954,120,75.0,35,2,6,0.6027373242200966,True,8.345052245403583,1.1239083742751947,True,False
2366.21,18959,t18959,300,1200.0,38,1,4,0.6473663111977027,False,335.5922574384527,2.746835358884982,False,False
2367.92,18976,t18976,300,250.0,47,4,7,0.6559758175884182,False,79.2502107463892,2.969954979219416,False,False
2369.53,18989,t18989,80,50.0,77,2,5,0.6315868936513979,True,3.34374699930421,0.7220189576764396,True,False
2370.37,18994,t18994,270,200.0,42,0,5,0.6502637333172591,False,56.560740836096,2.7314529237513048,False,False
2370.98,18999,t18999,300,250.0,43,3,7,0.6384069176858559,False,71.22461152512145,3.1018327011875066,False,False
2371.27,19002,t19002,300,250.0,74,4,7,0.6522644830548316,True,67.04968876661896,3.187938729669658,True,False
2371.82,19010,t19010,270,1000.0,28,1,7,0.6319240552720249,False,240.79953940166916,2.5251113881115743,False,False
2373.53,19023,t19023,220,700.0,62,7,5,0.6291830140577711,False,132.62348329566044,2.3813743329240378,False,False
2374.32,19028,t19028,120,75.0,48,3,1,0.6374387853995805,True,10.64171459378992,1.2730287393584026,True,False
2375.03,19036,t19036,80,50.0,57,2,4,0.623696369141118,True,3.347387838468639,0.8549840450413027,True,False
2375.07,19037,t19037,270,1000.0,61,0,1,0.6623573339762282,False,237.89431632267957,2.481247241080606,False,False
2375.1,19038,t19038,220,150.0,44,5,4,0.6545378890610869,True,34.738250636753925,2.141084132113839,True,False
2376.46,19050,t19050,270,200.0,68,3,1,0.6402721915097708,True,54.69994045260614,2.649248615575935,True,False
2376.48,19051,t19051,300,1000.0,36,6,2,0.6422090617226427,False,334.751803527605,2.9717846491687196,False,False
2376.83,19053,t19053,220,150.0,43,4,7,0.6548013752119168,True,34.258098781567234,2.0814401115134005,True,False
2377.85,19057,t19057,220,900.0,34,2,5,0.6345373375965518,False,193.3933636421483,2.146830460912073,False,False
2379.46,19064,t19064,80,50.0,34,6,4,0.6417871959679636,True,4.380151911146464,0.8221207963692007,True,False
2380.69,19072,t19072,170,100.0,45,1,7,0.628542240833251,True,20.168312336048942,1.8551541713471935,True,False
2381.2,19078,t19078,120,75.0,27,4,6,0.6514923309567032,True,9.957166341174595,1.1793851218273845,True,False
2381.29,19080,t19080,120,75.0,22,1,2,0.6373195910655997,True,9.590667120453885,1.1419821400253582,True,False
2383.98,19098,t19098,120,75.0,84,2,4,0.6268046235764775,True,8.8144472080023,1.2739945569076176,True,False
2384.1,19100,t19100,300,250.0,77,2,5,0.6312547726628025,True,65.36404843229847,2.7153777082816624,True,False
2384.43,19103,t19103,120,75.0,30,3,1,0.6430489294977572,True,9.538690919555169,1.156083119024621,True,False
2384.83,19105,t19105,80,50.0,39,2,4,0.6298507129231298,True,3.4767369568768545,0.8022962211746694,True,False
2384.92,19106,t19106,170,100.0,28,0,2,0.6411994454610896,True,15.377997549332344,1.558024868795314,True,False
2385.3,19110,t19110,220,150.0,32,2,4,0.632835880482849,False,38.003750278155714,2.2460395171822154,False,False
2385.76,19113,t19113,270,1000.0,42,5,2,0.6249461403666904,False,277.14216304012575,2.6420161104326234,False,False
2387.2,19125,t19125,270,900.0,38,4,7,0.6572875295258603,False,218.92314145108432,2.789858418687717,False,False
2387.81,19131,t19131,300,250.0,81,3,7,0.6348954459988055,True,68.3749903538654,3.195583539458772,True,False
2387.89,19132,t19132,220,150.0,91,2,5,0.6342118590277283,True,30.48548204533005,2.1931341270299174,True,False
2388.12,19134,t19134,300,250.0,88,6,5,0.6340972582815748,False,88.48897750942544,3.0279998596780016,False,False
2388.2,19135,t19135,300,250.0,60,4,6,0.654044666155751,False,72.90614925164911,2.7007796692084045,False,False
2388.31,19137,t19137,170,100.0,63,7,6,0.6655124994693415,True,15.182075707126979,1.6390286714333608,True,False
2388.78,19140,t19140,300,250.0,65,5,2,0.6218553993775384,False,82.92162037286937,2.94033343110982,False,False
2388.98,19142,t19142,220,150.0,59,7,5,0.6260075355947975,True,34.24988515053062,2.3660293861206108,True,False
2389.54,19144,t19144,170,100.0,58,4,6,0.6503719546508178,True,18.67227788922488,1.6978456335156638,True,False
2390.44,19153,t19153,80,50.0,52,1,2,0.6401553810624695,True,4.005131972691822,0.8568501555266912,True,False
2391.07,19154,t19154,80,50.0,75,7,5,0.6290695667010834,True,4.033475996184833,0.7503900049347704,True,False
2391.52,19157,t19157,270,900.0,24,5,3,0.6207404207033275,False,924.6009683415192,5.812536168947808,False,True
2391.69,19159,t19159,170,100.0,81,6,2,0.6386215471548565,True,16.64355111740327,1.7048455698997982,True,False
2392.1,19163,t19163,270,200.0,45,3,6,0.6280119038701231,False,60.98212212483285,2.685656990173457,False,False
2393.61,19178,t19178,120,75.0,49,7,4,0.6435516375885779,True,8.773544885989537,1.2011595706839233,True,False
2394.06,19182,t19182,220,150.0,30,6,5,0.6308234949341252,False,34.312207576749515,2.321096385602798,False,False
2394.58,19184,t19184,270,200.0,21,2,5,0.6371098036653555,False,54.354088578971805,2.53511848935909,False,False
2394.71,19185,t19185,170,100.0,28,4,7,0.6535499607535249,True,15.387387781939937,1.811968907496675,True,False
2394.75,19186,t19186,220,900.0,27,3,1,0.6457701327259838,False,212.97687867500335,2.402761707038042,False,False
2395.36,19189,t19189,170,500.0,95,7,6,0.6677844312981366,False,100.47472933710348,1.801335923336137,False,False
2395.98,19192,t19192,170,100.0,56,4,5,0.6653196000046363,True,19.103178215411386,1.7136719346737457,True,False
2396.16,19193,t19193,170,500.0,84,6,4,0.6445336338667862,True,76.35344872621742,1.5490284436478061,True,False
2396.22,19194,t19194,300,250.0,93,2,5,0.6337757894102303,True,62.246119115046994,3.053265763011014,True,False
2397.39,19203,t19203,220,150.0,55,5,7,0.6206746876281756,True,28.45337656793239,2.0316957252784578,True,False
2397.65,19205,t19205,220,150.0,77,1,2,0.642934455259402,True,33.36295537984194,2.161689349050784,True,False
2398.26,19209,t19209,120,75.0,34,6,2,0.641279782878426,True,7.531662430061398,1.1886154332457255,True,False
2398.57,19212,t19212,80,50.0,32,1,4,0.6438271667919305,True,3.211951632458785,0.8165734152770731,True,False
2398.63,19214,t19214,80,50.0,47,2,4,0.6295873446913738,True,4.538431538705495,0.8247476984356856,True,False
2399.21,19218,t19218,170,100.0,34,0,1,0.6585183691148854,True,16.961864476146708,1.6053295393767075,True,False
2401.27,19239,t19239,170,700.0,28,4,6,0.6529466973759833,False,139.60689600233593,1.6480900982663524,False,False
2401.69,19244,t19244,270,200.0,67,7,6,0.6638369244903556,True,61.21873763656672,2.8693203467263055,True,False
2402.62,19247,t19247,220,900.0,78,1,2,0.6456579479723957,False,222.74874035744173,2.121496123743017,False,False
2403.39,19251,t19251,170,100.0,57,0,5,0.6465151253175806,True,15.646527698472337,1.7400285863848903,True,False
2403.77,19254,t19254,300,250.0,47,2,5,0.6366824554402074,False,88.65839170449732,3.1083851127347177,False,False
2404.29,19257,t19257,220,700.0,29,6,4,0.6472251430076322,False,133.98168062121152,2.268118995603201,False,False
2405.84,19267,t19267,170,500.0,91,1,7,0.6314020626832527,True,76.63994016910236,1.7323927253452076,True,False
2405.89,19268,t19268,300,250.0,58,1,4,0.6465328052742737,False,81.19317525647999,2.718189535712102,False,False
2406.67,19274,t19274,270,200.0,26,4,6,0.6492959452466455,False,45.466013421523066,2.9468683518746874,False,False
2407.56,19281,t19281,220,150.0,75,2,4,0.6325777796157281,True,32.39083748236611,2.049820495702964,True,False
2409.11,19292,t19292,270,200.0,53,2,5,0.6333569881495852,True,50.77870722734112,2.582498257026154,True,False
2409.56,19295,t19295,220,150.0,80,5,7,0.6238433756937939,True,28.76929220843615,2.3690040501209033,True,False
2410.15,19299,t19299,80,50.0,89,6,4,0.6436888219656615,True,3.6883118236748995,0.750319620781394,True,False
2411.05,19306,t19306,300,250.0,32,5,6,0.6354984569161849,False,69.27251079850774,2.7934187255328284,False,False
2411.43,19310,t19310,120,75.0,29,7,4,0.6462627866549883,False,8.092774679980334,1.1840518320192157,True,False
2412.41,19320,t19320,270,200.0,41,1,7,0.6342046880962543,False,54.68602613095069,2.4681365388538086,False,False
2412.84,19327,t19327,170,100.0,20,6,2,0.6438848538875243,True,14.888464050107121,1.6856733178016534,True,False
2413.04,19329,t19329,170,700.0,81,4,5,0.6675953898227255,False,121.41937055587053,1.6836331285982034,False,False
2413.08,19331,t19331,270,200.0,73,5,6,0.632196669596043,True,60.61408150513335,2.7323128735729454,True,False
2413.46,19337,t19337,300,250.0,29,2,4,0.6355084058415954,False,81.73198504516026,2.7079849674032386,False,False
2414.07,19340,t19340,220,150.0,40,0,5,0.6490154894778956,False,37.04460423290128,2.299830063436991,True,False
2414.43,19343,t19343,220,700.0,27,7,5,0.6320703571852436,False,154.12241623270157,2.161532248205766,False,False
2415.55,19351,t19351,120,75.0,89,3,7,0.637628203745496,True,7.453233210319154,1.2601543050996413,True,False
2415.58,19353,t19353,270,200.0,95,1,4,0.64301033098697,True,61.467643404393996,2.8886758900458496,True,False
2415.77,19355,t19355,170,500.0,40,0,5,0.6452918463550044,False,96.70770568838759,1.8041883580499238,False,False
2416.74,19361,t19361,300,250.0,88,5,6,0.6351349180223039,True,66.03867254863114,2.8510623554890797,True,False
2417.65,19366,t19366,220,700.0,29,4,5,0.6636516638444527,False,131.24534314771205,2.141397056839375,False,False
2417.66,19367,t19367,270,1000.0,71,4,7,0.6560611433566362,False,310.6934966704644,2.7417776676169074,False,False
2418.29,19371,t19371,270,1000.0,82,7,6,0.6661423678187304,False,225.18678756356113,2.846971212454398,False,False
2419.79,19378,t19378,300,1000.0,92,2,5,0.6362720302047752,False,273.4975072525478,3.2192263343599685,False,False
2419.94,19380,t19380,270,200.0,29,1,7,0.630777261000996,False,59.54721174935823,2.645691261434065,False,False
2420.01,19381,t19381,300,250.0,57,7,6,0.6622277022805375,False,61.3750925195708,3.27119144491817,False,False
2420.11,19385,t19385,300,1200.0,82,0,5,0.6416426760945709,False,353.4675296664622,2.761199997127689,False,False
2420.28,19386,t19386,300,250.0,59,5,7,0.6269486899980997,False,89.89482060090145,2.830725988694249,False,False
2420.29,19387,t19387,220,150.0,50,6,2,0.6464378234764404,True,39.518359135322605,2.0556215190846947,True,False
2420.62,19388,t19388,300,250.0,43,5,4,0.657029313098047,False,72.34052419958037,3.1004221267336383,False,False
2421.67,19396,t19396,270,200.0,39,6,5,0.6276152068536244,False,53.30198957462508,2.923821182039913,False,False
2421.79,19399,t19399,80,50.0,52,3,2,0.6271992970064943,False,4.107144608903673,0.7498724222718598,True,False
2422.35,19403,t19403,170,500.0,73,0,1,0.6609301835507696,False,96.72989652541013,1.862676445689851,False,False
2422.42,19404,t19404,170,700.0,66,5,7,0.6238178980163196,False,118.93921604886634,1.778611816457019,False,False
2422.51,19405,t19405,270,200.0,75,4,7,0.6523481023076853,True,52.115040436213356,2.8976801810895547,True,False
2422.84,19407,t19407,170,100.0,36,6,2,0.6489397336735782,True,19.688094630491893,1.5663209553707111,True,False
2423.08,19408,t19408,270,200.0,69,6,4,0.6463972273445301,True,60.0473186891747,2.6535803329905607,True,False
2423.28,19411,t19411,170,700.0,82,2,4,0.6322064195429453,False,113.94700913354174,1.7928076593692734,False,False
2424.06,19416,t19416,220,900.0,80,5,7,0.620749721874175,False,168.49386108420555,2.3552769053933433,False,False
2424.07,19417,t19417,300,1000.0,42,1,7,0.6274183824476427,False,322.1169246097909,2.8356511733334018,False,False
2424.15,19418,t19418,80,50.0,61,6,4,0.6490514646158213,True,4.266880048280876,0.8662481146633987,True,False
2424.42,19420,t19420,300,250.0,66,1,2,0.6421529708311297,False,70.16660074657254,2.8411489283805538,False,False
2424.6,19422,t19422,300,250.0,50,6,2,0.6513916056667733,False,60.87541363059053,3.0568695760060294,False,False
2424.65,19423,t19423,170,500.0,64,3,7,0.6403063063372528,False,89.75891413693049,1.8361180519135902,False,False
2425.66,19429,t19429,80,50.0,52,4,5,0.6597868123857454,True,4.555935462485397,0.8183983456332407,True,False
2426.54,19434,t19434,80,50.0,97,5,1,0.6194938610239061,True,3.529560144434509,0.7415422422785949,True,False
2426.58,19435,t19435,300,1000.0,70,1,7,0.6241266814653564,False,292.0736602499843,2.8654241213206126,False,False
2428.29,19445,t19445,170,100.0,75,2,5,0.6329547714188616,True,15.137698467247242,1.681321379740904,True,False
2428.55,19450,t19450,170,100.0,95,1,2,0.6387180932326889,True,17.546202301941868,1.7154742568148484,True,False
2428.71,19452,t19452,220,900.0,72,2,5,0.6358778578086661,False,225.97992932475066,2.0499364264398845,False,False
2429.77,19459,t19459,300,250.0,44,0,5,0.6380664892393462,False,67.2006061522007,2.7893424011404995,False,False
2430.19,19461,t19461,270,200.0,45,3,1,0.642262911889646,False,54.544273704066484,2.5016352980948864,False,False
2430.7,19469,t19469,80,50.0,42,3,1,0.6388258354700349,True,3.790444805085631,0.7978464733210336,True,False
2431.33,19473,t19473,80,50.0,27,4,5,0.6621732579562124,True,4.646916405808502,0.8685793880995818,True,False
2431.72,19478,t19478,120,75.0,97,0,2,0.6439576383700497,True,10.087429745120719,1.254012228469442,True,False
2431.9,19480,t19480,220,150.0,35,2,6,0.6061132444023614,False,38.551224000442026,2.1573357724400344,False,False
2432.37,19485,t19485,80,50.0,63,3,4,0.6259638919004675,True,4.434686399721007,0.7873561171701446,True,False
2433.43,19496,t19496,300,250.0,47,4,5,0.66451197461527,False,83.1136513807132,2.7538375138407574,False,False
2433.76,19500,t19500,220,150.0,98,5,6,0.6380144014800397,True,34.060390319594674,2.031402109124899,True,False
2434.13,19503,t19503,80,50.0,90,7,6,0.6583913300531087,True,3.408978074148447,0.7295807548466025,True,False
2434.68,19505,t19505,270,1000.0,75,2,4,0.6289704729702682,False,226.78177025996112,2.5808637607473197,False,False
2435.19,19514,t19514,80,50.0,26,2,6,0.6032476461809808,True,3.9210955222112043,0.8574655339988745,True,False
2435.27,19515,t19515,220,150.0,82,7,5,0.6288371318597205,True,31.73545381480277,2.0248399356727464,True,False
2436.03,19521,t19521,220,900.0,56,6,5,0.6244710845347338,False,199.59807645939594,2.147436862806074,False,False
2436.04,19522,t19522,300,250.0,35,6,1,0.6220193755443185,False,85.36203928264824,2.8493521168819043,False,False
2437.51,19539,t19539,170,500.0,34,6,5,0.6213898446622209,False,73.22351929021268,1.762794339334971,False,False
2438.5,19548,t19548,300,1200.0,45,1,7,0.6209008145027161,False,288.9749647297981,2.7413531126188295,False,False
2438.53,19550,t19550,80,50.0,32,4,5,0.6606299169411464,True,3.272663793234954,0.7493221841275237,True,False
2438.81,19553,t19553,120,75.0,86,3,1,0.641631500578816,False,9.396453060848398,1.2220091810550537,True,False
2439.72,19558,t19558,120,75.0,20,5,1,0.6225346504700947,False,8.54379829055492,1.2363294075973057,True,False
2440.84,19567,t19567,120,75.0,95,2,5,0.6325684824706747,True,9.615891423795961,1.131796738924195,True,False
2440.89,19568,t19568,300,1000.0,26,6,2,0.6476204402201046,False,302.3134109540682,3.2320179945252407,False,False
2441.0,19570,t19570,270,200.0,22,1,2,0.6415259131862169,False,55.999690347349244,2.6572101476313486,False,False
2441.08,19571,t19571,270,200.0,87,6,2,0.6439246980823691,True,56.392554898673595,2.9426239934605687,True,False
2441.2,19572,t19572,300,1200.0,99,5,6,0.6408362952686207,False,301.8051968273992,3.1115109949642674,False,False
2441.43,19574,t19574,170,100.0,59,4,6,0.6457182081598943,True,18.855228338152052,1.7627396262059027,True,False
2442.42,19579,t19579,270,1000.0,48,5,6,0.6374277511814301,False,251.69730233932793,2.753183567878254,False,False
2442.45,19580,t19580,120,75.0,77,7,5,0.631842571040708,True,9.042182205269821,1.1963646081444168,True,False
2442.81,19582,t19582,120,75.0,39,3,7,0.6367568468771744,True,9.32030900108137,1.1255168293086457,True,False
2443.9,19589,t19589,170,100.0,43,4,7,0.6548833220797134,True,13.906090345115828,1.5771003106768935,True,False
2444.04,19590,t19590,220,900.0,43,4,7,0.657367837456301,False,204.9442065812169,2.248813512875061,False,False
2444.28,19592,t19592,80,50.0,49,6,4,0.6516526171416867,True,4.515037187706493,0.8291226311142745,True,False
2445.24,19595,t19595,80,50.0,73,4,5,0.6629995004205053,True,4.295209262774895,0.7410727288816301,True,False
2445.27,19597,t19597,220,150.0,68,0,1,0.657119761697936,True,30.507843517720396,2.17140088453347,True,False
2445.84,19603,t19603,220,700.0,26,5,4,0.6532969086542678,False,142.375040455396,2.095736463963051,False,False
2446.29,19606,t19606,170,100.0,94,0,2,0.6466606674208305,True,16.848492748306906,1.8434559750809274,True,False
2447.5,19612,t19612,300,250.0,37,7,4,0.6427457127400703,False,89.11246710574214,2.8218321265827764,False,False
2447.94,19616,t19616,300,1200.0,89,1,2,0.6381035767406744,False,375.565508277001,3.189440295692674,False,False
2448.28,19620,t19620,80,50.0,68,3,1,0.6382070523854215,True,3.3482138387139386,0.72399577033282,True,False
2448.63,19624,t19624,220,150.0,46,1,5,0.6179957318934349,True,31.504910887002715,2.1689916229742,True,False
2450.37,19633,t19633,300,1000.0,59,0,1,0.6595595482821591,False,263.85337245286325,3.152451395697978,False,False
2450.85,19636,t19636,220,150.0,72,3,4,0.6290267958806399,True,31.205119669721103,2.098298228831349,True,False
2451.16,19638,t19638,80,50.0,98,7,5,0.6347879014380756,True,4.20244867309055,0.7814743849722722,True,False
2452.57,19648,t19648,80,50.0,72,4,5,0.665321692230277,True,4.0074546925196,0.7844807936219134,True,False
2452.96,19653,t19653,120,75.0,63,5,1,0.6193406241273595,True,7.468730988183869,1.2094566931267534,True,False
2453.24,19655,t19655,270,200.0,65,2,6,0.6066133599240279,True,43.44141580528761,2.905632589044138,True,False
2454.17,19663,t19663,220,150.0,95,3,4,0.632028441781209,False,30.824719677692922,2.2782529425847766,True,False
2455.98,19672,t19672,270,1000.0,65,1,4,0.6457323061854124,False,271.11098909872703,2.712879202805816,False,False
2456.56,19676,t19676,300,250.0,48,3,4,0.6287960547637667,False,86.18850054445203,2.814172059600658,False,False
2456.85,19680,t19680,300,250.0,98,4,5,0.6675974402038533,True,74.73718830113533,3.160438770645783,True,False
2457.18,19683,t19683,170,500.0,98,7,4,0.6392989803034507,True,92.96031818529993,1.6691499373378835,True,False
2457.32,19685,t19685,270,200.0,33,4,6,0.6483860258148783,False,47.98295206363843,2.918512563363783,False,False
2457.88,19688,t19688,300,250.0,51,0,5,0.6345618261212259,False,75.60861787336498,3.108954688649607,False,False
2458.66,19697,t19697,220,150.0,85,6,4,0.6542017466170348,True,31.61609913020125,2.0279075496927885,True,False
2458.98,19699,t19699,300,1200.0,49,5,6,0.6340873779759834,False,374.61300588201107,2.8825355895108267,False,False
2459.31,19702,t19702,270,1000.0,28,7,4,0.6420951825155635,False,266.72757504944474,2.652605404141814,False,False
2460.31,19712,t19712,270,1000.0,84,5,1,0.622384478311479,False,257.2863868462659,2.930513833488718,False,False
2461.46,19717,t19717,170,100.0,46,3,7,0.6394523766062976,True,16.612700313560087,1.583720577292211,True,False
2461.53,19718,t19718,300,1200.0,42,4,5,0.6698276732179581,False,428.41668792415396,3.0173788907877324,False,False
2461.73,19721,t19721,170,700.0,46,3,1,0.6410250931558948,False,104.75591284974092,1.7376275230443714,False,False
2462.62,19725,t19725,120,75.0,70,7,5,0.6376743252274959,True,8.226091638894069,1.2002906922426446,True,False
2462.71,19726,t19726,270,200.0,26,5,4,0.6496391522993643,False,51.593612466397644,2.766538565798733,False,False
2463.03,19727,t19727,220,150.0,30,2,6,0.609911759392214,True,27.459157779976106,2.1533162759943343,True,False
2463.85,19732,t19732,300,250.0,38,2,4,0.6257992453290447,False,67.8562078278824,3.0859842996487137,False,False
2464.05,19739,t19739,270,900.0,47,1,4,0.642225841879886,False,227.98121677889358,2.782825587380937,False,False
2465.62,19748,t19748,270,900.0,81,5,6,0.6308138122346455,False,266.1846799498097,2.4981136853399293,False,False
2466.13,19751,t19751,120,75.0,81,6,2,0.6464768707873884,True,10.027727292701556,1.1344086933842294,True,False
2466.29,19752,t19752,170,500.0,74,2,6,0.6131441908710363,False,88.19788861211278,1.7472824768410509,False,False
2467.28,19764,t19764,80,50.0,54,0,5,0.6311272562654681,True,3.553573157875548,0.7637779759642969,True,False
2467.92,19771,t19771,170,100.0,89,4,6,0.6448264871167625,True,15.077481853681036,1.7136000459900371,True,False
2469.48,19777,t19777,170,500.0,43,7,4,0.6386614606834341,False,91.76112695380544,1.7852901866172697,False,False
2469.97,19781,t19781,120,75.0,73,4,7,0.6536286625253568,True,7.999406388035815,1.1526821573788384,True,False
2470.43,19788,t19788,80,50.0,29,6,2,0.6489780000383073,True,3.387682659836894,0.8710826354567631,True,False
2470.53,19790,t19790,170,100.0,46,7,4,0.6352964132879472,True,14.724803239938858,1.6826805393897664,True,False
2470.72,19793,t19793,300,1200.0,98,4,6,0.6475121391926091,False,425.9088770889688,2.878212349586918,False,False
2470.87,19797,t19797,270,1000.0,34,7,4,0.6381726668403701,False,241.5680542550491,2.839958837791619,False,False
2471.01,19798,t19798,300,250.0,64,6,7,0.6195965504180425,False,69.30791051943082,3.246998002273987,False,False
2471.07,19800,t19800,80,50.0,67,2,4,0.6226914422406457,True,3.416575053329881,0.8384497557066747,True,False
2471.1,19801,t19801,270,1000.0,33,0,1,0.6557765391346978,False,266.1264556581106,2.4986243368278505,False,False
2471.36,19804,t19804,170,500.0,62,2,6,0.6101379737202823,False,92.54677840552512,1.5893224816582834,False,False
2471.94,19808,t19808,80,50.0,34,3,1,0.6376127731109588,True,3.5573948082853746,0.7761233687155467,True,False
2472.01,19809,t19809,300,1000.0,67,3,1,0.6404426994669215,False,355.8547966998864,2.709287370901536,False,False
2472.34,19810,t19810,270,200.0,70,2,5,0.635499294639443,True,63.16136938135969,2.9636698846286085,True,False
2472.58,19812,t19812,80,50.0,32,3,7,0.6420939957408384,True,3.4758243647843754,0.7902049278019684,True,False
2473.14,19819,t19819,170,100.0,74,6,4,0.6566998935028759,True,16.870426178046845,1.7760621561911107,True,False
2473.37,19820,t19820,220,150.0,71,4,6,0.6439700782269387,True,29.412473919855152,1.9806716139986913,True,False
2473.83,19823,t19823,120,75.0,25,7,4,0.6348173953217445,True,7.9207958396441125,1.1547822020260934,True,False
2474.44,19828,t19828,220,150.0,48,1,2,0.6347496870240427,True,38.28451879138652,2.244037344805331,True,False
2474.82,19831,t19831,80,50.0,34,3,4,0.6256283154866731,True,3.2586751603138424,0.8105304189255249,True,False
2476.64,19842,t19842,270,1000.0,56,1,5,0.6210664839222328,False,278.53217882830126,2.7342938818525173,False,False
2477.7,19849,t19849,270,200.0,46,1,2,0.6376368751017437,False,60.9556038438891,2.4715682163999206,False,False
2477.89,19851,t19851,80,50.0,67,1,4,0.6387895068604701,True,4.603848502881397,0.7466490287446322,True,False
2478.42,19854,t19854,120,75.0,60,5,1,0.6191934554119161,True,8.02348685054208,1.1239776123114842,True,False
2479.89,19862,t19862,270,200.0,66,1,5,0.6179018209104549,True,63.56131650911874,2.604821043720349,True,False
2481.02,19872,t19872,270,200.0,99,6,1,0.6188356547000989,False,46.77478234185238,2.5654069506323243,True,False
2481.14,19874,t19874,270,1000.0,38,7,4,0.6377032292334914,False,323.0430166317822,2.6613059611142775,False,False
2481.21,19875,t19875,170,100.0,69,6,2,0.6514291067042078,True,15.520936850110918,1.703211650084261,True,False
2481.28,19876,t19876,80,50.0,64,7,6,0.6608056852702283,False,4.020579857827343,0.7592447279126228,True,False
2481.3,19877,t19877,220,150.0,57,4,7,0.6561382710930315,True,35.60350784095203,2.2571426887048336,True,False
2481.87,19881,t19881,170,100.0,26,0,1,0.6520691901701856,True,16.695335450199554,1.8225821733699379,True,False
2482.23,19883,t19883,170,100.0,77,1,5,0.6209744511589125,True,19.24967348583374,1.5488992423952357,True,False
2482.51,19886,t19886,170,100.0,59,4,6,0.6466728584805818,True,19.275607291248832,1.7610128338214952,True,False
2486.11,19905,t19905,170,100.0,33,2,5,0.6383714905648359,True,17.164278994808836,1.8117291348163898,True,False
2486.28,19909,t19909,220,900.0,95,3,4,0.6286979309951215,False,207.86927733402428,2.20123393507508,False,False
2486.45,19911,t19911,120,75.0,34,6,2,0.6538311912367903,True,7.289265298391793,1.223917128865368,True,False
2486.52,19912,t19912,80,50.0,98,3,7,0.6446827824926883,True,4.270840748430447,0.8201538466797189,True,False
2488.07,19928,t19928,220,700.0,60,0,1,0.6546099881849637,False,131.05900113606378,2.1849850774960617,False,False
2489.02,19934,t19934,220,900.0,26,2,5,0.6411862425717211,False,187.0345745841052,2.375645109266698,False,False
2490.34,19947,t19947,300,250.0,32,5,6,0.6276057178081343,False,77.24789723544833,3.292211068540252,False,False
2491.41,19956,t19956,300,1000.0,82,0,5,0.6339353778068254,False,278.60051104430096,3.0043934201906435,False,False
2492.42,19964,t19964,170,500.0,68,5,1,0.6222402529703445,False,101.22249457095499,1.7285274156598294,False,False
2493.2,19972,t19972,120,75.0,53,3,1,0.6370420272957648,True,7.889841138741381,1.2756788940972161,True,False
2494.16,19979,t19979,80,50.0,44,4,5,0.6658393015717807,True,4.589866396215751,0.8324274526746539,True,False
2494.83,19983,t19983,80,50.0,48,0,5,0.6305133369173556,True,4.7940185117875105,0.8391358875780986,True,False
2495.4,19987,t19987,220,150.0,71,4,6,0.649321583129152,True,29.734634564141157,2.12593134445132,True,False
2495.6,19989,t19989,300,250.0,79,0,5,0.6333337368456752,False,87.41877918080296,3.286123494650462,False,False
2497.14,20004,t20004,80,50.0,22,5,6,0.6244617852701535,True,3.314317258215484,0.8303090195491489,True,False
2497.37,20008,t20008,80,50.0,75,5,6,0.6275547313829323,True,3.6549029759967477,0.7358860777091462,True,False
2497.65,20010,t20010,270,200.0,73,6,4,0.6591480774510002,True,63.07883859844318,2.5360092724318886,True,False
2498.38,20016,t20016,300,1000.0,66,0,5,0.6299237287754282,False,274.00690278133635,3.1048310266148302,False,False
2499.31,20025,t20025,270,200.0,71,2,4,0.6258197952140145,True,57.25264171655157,2.7626008613906445,True,False
2500.29,20033,t20033,120,75.0,87,1,5,0.6239856288024008,True,7.797768979376784,1.1776072082853035,True,False
2500.58,20038,t20038,220,150.0,82,4,5,0.6681046973585268,True,37.33378033272282,2.262358119850897,True,False
2500.69,20041,t20041,220,900.0,42,6,4,0.6615472977201621,False,234.5579114875762,2.1931551382927443,False,False
2502.29,20049,t20049,220,150.0,82,6,5,0.6183702295871584,True,36.813925234075214,2.1773825576611787,True,False
2504.23,20066,t20066,270,1000.0,86,7,6,0.6569977533830055,False,273.86778549638757,2.7974681240667625,False,False
2504.55,20067,t20067,170,100.0,79,3,1,0.6398833685680313,True,17.92285600464941,1.6440767855439196,True,False
2506.71,20081,t20081,80,50.0,35,0,1,0.6509259702394462,True,3.946144941661525,0.849855269710655,True,False
2507.3,20086,t20086,300,1200.0,33,3,4,0.6255321541934008,False,399.19242133658736,3.072302988363573,False,False
2507.35,20087,t20087,120,75.0,92,5,4,0.6460545510715588,True,8.37411136503122,1.2279560647692782,True,False
2507.71,20088,t20088,300,1000.0,24,1,4,0.6415958985414425,False,241.65956652011832,3.2791216189680243,False,False
2508.04,20089,t20089,170,100.0,52,3,6,0.6248598476109024,True,16.671687206137097,1.6448777948573894,True,False
2508.3,20090,t20090,170,100.0,67,2,6,0.6071918809125434,True,20.182293529446152,1.7246484198515224,True,False
2509.74,20097,t20097,300,250.0,71,6,2,0.6561852340787212,True,64.83808135864356,2.955329262560069,True,False
2510.07,20099,t20099,270,200.0,73,3,6,0.6279448324768662,True,57.60531942688874,2.935321340591708,True,False
2510.61,20107,t20107,80,50.0,41,7,6,0.6532659801335272,True,4.584357896356368,0.8168135019117422,True,False
2510.61,20106,t20106,300,1200.0,77,7,5,0.6405030205411278,False,333.1404052431925,3.1149267796223468,False,False
2510.78,20108,t20108,80,50.0,87,5,1,0.6190521145776042,True,4.509222122532958,0.7562222641416364,True,False
2511.16,20111,t20111,220,900.0,25,5,6,0.6305858185734555,False,178.7151199132927,2.2610479063739284,False,False
2511.48,20114,t20114,80,50.0,31,4,7,0.6585976874893525,True,4.391985466274286,0.8268107093527193,True,False
2511.62,20116,t20116,270,200.0,84,4,5,0.6703247852295382,True,59.33177148084907,2.613022851398765,True,False
2512.85,20124,t20124,270,200.0,34,2,6,0.6104787099609591,False,55.00463137205847,2.7583684239849213,False,False
2513.06,20126,t20126,170,100.0,41,0,2,0.6493096358905958,True,19.00073120333628,1.660758360127416,True,False
2513.11,20127,t20127,120,75.0,51,0,1,0.6534896326528391,True,7.516524662681073,1.2703840816524363,True,False
2513.14,20128,t20128,300,1200.0,28,0,5,0.6265819208665864,False,354.9446434489353,3.0949086526488703,False,False
2513.93,20140,t20140,120,75.0,34,6,2,0.6584921960638134,True,8.919316073082245,1.1559259599678868,True,False
2514.14,20141,t20141,300,250.0,37,6,2,0.6607530188092038,False,64.67031732302672,2.965442373956948,False,False
2514.5,20145,t20145,220,150.0,33,0,5,0.6233069491159213,True,26.939602679950948,2.2320318420336767,True,False
2514.61,20146,t20146,220,900.0,86,4,6,0.6519173332847507,False,237.24182249525896,2.044281737707485,False,False
2515.6,20157,t20157,80,50.0,73,5,4,0.6487156418683094,True,3.7761081899566444,0.8416010062765343,True,False
2515.93,20160,t20160,220,700.0,69,7,5,0.6371011419484871,False,164.06099357712878,2.1470448771404222,False,False
2516.59,20164,t20164,270,900.0,90,5,4,0.6513235108491251,False,257.78911589103495,2.606314946411706,False,False
2516.9,20167,t20167,80,50.0,43,2,4,0.628885581127916,True,4.704318364122813,0.7713026786597084,True,False
2517.68,20169,t20169,270,200.0,48,6,2,0.6567946250996864,False,62.01138149158943,2.6977619815447107,False,False
2518.21,20174,t20174,270,200.0,52,7,4,0.6343573464670034,False,64.28865910152838,2.7857580767207866,False,False
2519.52,20181,t20181,270,1000.0,38,2,4,0.6318900513235396,False,278.6278401354168,2.4962853348535643,False,False
2519.94,20188,t20188,220,700.0,55,0,2,0.6519056249909656,False,162.18383278797347,2.3145561236289383,False,False
2520.86,20195,t20195,170,100.0,45,1,2,0.6342923194178907,True,19.534438985896088,1.7665664380279926,True,False
2520.9,20198,t20198,270,200.0,29,7,5,0.6337673009276992,False,61.53560041233158,2.9302555049365284,False,False
2520.94,20199,t20199,270,200.0,90,2,5,0.6377706995384684,True,54.28387373779296,2.6853117610547614,True,False
2521.14,20200,t20200,220,150.0,81,1,5,0.6269365828930195,True,31.118737030895602,2.1407593787116017,True,False
2521.24,20201,t20201,170,100.0,26,4,6,0.6482871684372374,True,14.575592285402193,1.606007038780193,True,False
2522.22,20205,t20205,220,150.0,68,2,6,0.6075258024284066,True,37.33960996552464,2.4009411376799616,True,False
2522.98,20209,t20209,220,150.0,33,2,4,0.6286604321152506,True,32.448232880910744,2.2761308180867856,True,False
2523.4,20211,t20211,120,75.0,55,6,4,0.6577245335839406,True,7.350158431451867,1.2136597542959386,True,False
2523.44,20213,t20213,300,1000.0,82,1,2,0.6371886548477147,False,279.7158512318291,2.9487504463263514,False,False
2523.49,20214,t20214,80,50.0,35,7,5,0.630500136727327,True,4.47558717154732,0.7243822401264232,True,False
2524.35,20218,t20218,270,1000.0,21,0,5,0.6262714768002696,False,272.8772739297361,2.7404232082204034,False,False
2525.59,20228,t20228,270,1000.0,57,1,4,0.6381721623887955,False,321.15593580630167,2.773568222572565,False,False
2526.33,20234,t20234,120,75.0,64,5,6,0.6273822840201682,True,8.597887054016532,1.2179463033506075,True,False
2526.39,20236,t20236,120,75.0,69,4,6,0.6509036068866746,True,7.420769634555759,1.0973059767354891,True,False
2526.91,20241,t20241,170,100.0,80,5,6,0.6304168201579466,True,16.128861192999043,1.826161999312371,True,False
2527.24,20245,t20245,80,50.0,42,7,5,0.6334723158109622,True,3.2485193032240183,0.8576373329096265,True,False
2527.39,20246,t20246,170,100.0,95,3,1,0.6426678830148526,True,13.720703378877937,1.6774878582023327,True,False
2527.55,20247,t20247,170,100.0,41,1,4,0.6348169009592014,True,14.791434088926387,1.6648721292648394,True,False
2528.44,20254,t20254,170,100.0,97,7,4,0.6310783813558452,True,18.85270430027094,1.6738774743721625,True,False
2531.01,20271,t20271,120,75.0,81,5,6,0.6333906655729695,True,8.068682918020285,1.2188830150337155,True,False
2531.43,20274,t20274,270,1000.0,49,4,7,0.6610079155577474,False,229.47374523292694,2.7316146405033366,False,False
2531.45,20275,t20275,270,1000.0,89,0,5,0.6230027139309308,False,229.0813529486122,2.773355648839398,False,False
2531.56,20277,t20277,80,50.0,53,3,6,0.6309681176455106,True,4.495330205930268,0.8349545159883963,True,False
2531.66,20278,t20278,300,1000.0,87,7,4,0.63403899554691,False,270.0538586703364,2.9316124614023438,False,False
2531.98,20280,t20280,270,200.0,73,2,6,0.6108059530465052,True,46.31324073358212,2.931266262794073,True,False
2532.4,20284,t20284,170,100.0,58,4,5,0.6725004713431292,True,15.195635787902388,1.7745172266810036,True,False
2532.73,20286,t20286,80,50.0,96,3,1,0.6453967071727372,True,3.2599284654382763,0.7947052512343975,True,False
2533.08,20290,t20290,220,700.0,77,3,7,0.6472197935095011,False,137.3011377664221,2.4128892673696174,False,False
2533.34,20293,t20293,80,50.0,46,7,4,0.6307663974541536,True,4.042350875865,0.8180455545740483,True,False
2535.67,20305,t20305,170,700.0,25,0,2,0.6482756943093281,False,124.44142319447619,1.585752668906423,False,False
2536.61,20314,t20314,220,150.0,88,7,5,0.6363850513129249,True,34.23448782163385,2.0517060284812554,True,False
2536.72,20316,t20316,300,250.0,96,5,1,0.6221017389527187,True,79.46896104940974,2.7296552174205804,True,False
2536.9,20319,t20319,170,700.0,55,0,2,0.6447183622413234,False,141.46621945434674,1.6974175551662014,False,False
2537.11,20321,t20321,300,250.0,40,7,4,0.6337332513232524,False,64.46880421674881,3.1390436487139666,False,False
2537.19,20322,t20322,220,150.0,29,6,4,0.6601522247304435,False,35.17004628789354,2.063713984967992,False,False
2537.22,20323,t20323,270,200.0,81,7,4,0.6304667681149693,True,60.74497105558612,2.8511032065109645,True,False
2537.32,20325,t20325,120,75.0,69,3,1,0.6480709548474644,True,10.580263570554473,1.1957466556954204,True,False
2537.75,20330,t20330,220,700.0,91,6,2,0.6529153992643594,False,148.17831485955472,2.3467059680575155,False,False
2537.76,20331,t20331,170,500.0,86,4,6,0.6534677165671229,False,95.39828364114089,1.8385013211225114,False,False
2537.99,20335,t20335,220,150.0,32,3,1,0.6506917175686969,False,32.462386066832615,2.1671212014398504,False,False
2538.45,20340,t20340,80,50.0,35,6,4,0.6563573620540165,True,3.234764089092371,0.8557482870983457,True,False
2538.75,20341,t20341,270,200.0,27,5,6,0.636305034079692,False,63.305137342369555,2.5195323884194227,False,False
2539.72,20348,t20348,270,200.0,61,1,5,0.6298285179018258,True,49.55962435062029,2.4837848977644725,True,False
2540.31,20353,t20353,300,1000.0,95,6,2,0.6491137579457388,False,314.36128243166183,3.0097651162293477,False,False
2540.36,20354,t20354,300,250.0,68,3,6,0.6339309371107823,False,82.34020198243267,2.8364256527884044,False,False
2541.09,20360,t20360,220,150.0,61,3,6,0.6306605001867485,True,36.96066581046402,2.2763708738232036,True,False
2541.78,20364,t20364,220,700.0,83,6,4,0.658812396631118,False,163.66983565428583,2.3943151637897437,False,False
2541.83,20366,t20366,300,250.0,60,7,6,0.6557828423490385,False,87.82455513681937,3.2597044006861973,False,False
2542.93,20373,t20373,80,50.0,56,7,6,0.6520753673202395,True,4.052111336145236,0.7627868296477266,True,False
2543.51,20375,t20375,270,1000.0,98,0,2,0.6412321768146787,False,267.519645645311,2.7302413554950204,False,False
2544.27,20379,t20379,80,50.0,34,2,4,0.6316694052911274,True,3.8110253365315208,0.810455531978767,True,False
2544.56,20382,t20382,220,150.0,88,7,4,0.6334396145708516,True,34.2068319452835,2.270278790357183,True,False
2545.32,20383,t20383,300,250.0,31,3,7,0.6435320643059778,False,87.66509678664154,3.209953330189286,False,False
2545.98,20390,t20390,170,100.0,43,1,5,0.6326626142104559,True,17.943440797059395,1.620347133661468,True,False
2546.65,20394,t20394,170,100.0,69,6,2,0.6453881494534907,True,13.985698163890108,1.7806907681621296,True,False
2547.12,20399,t20399,300,1000.0,43,0,2,0.637815715096567,False,241.45809750963124,2.9073962986354864,False,False
2547.54,20404,t20404,220,150.0,65,7,4,0.6363530040976164,True,37.3083696883932,2.313052989383895,True,False
2547.6,20406,t20406,170,100.0,93,7,5,0.6392395321048482,True,18.693527909089592,1.611286986082091,True,False
2547.68,20407,t20407,220,150.0,89,1,5,0.6354400285929135,True,36.79606407715083,2.0428603325238717,True,False
2548.87,20417,t20417,170,100.0,51,4,7,0.6571959390647742,True,19.46366920062594,1.6580394887707917,True,False
2549.07,20418,t20418,270,200.0,56,0,1,0.6560020218179642,True,55.89708568289295,2.774678979656149,True,False
2550.14,20433,t20433,270,200.0,20,7,4,0.6392081258338459,False,55.49702719828067,2.5066633572023647,False,False
2550.26,20435,t20435,220,150.0,55,4,5,0.6746326437344484,True,35.09656072061808,2.3311306106547085,True,False
2550.34,20437,t20437,220,150.0,37,4,7,0.6596342021016606,True,28.745028182301215,2.116451408264043,True,False
2550.57,20440,t20440,220,150.0,93,0,5,0.6197993263189788,True,27.591745118663997,2.2209072997132915,True,False
2550.97,20441,t20441,170,100.0,46,4,7,0.6620236998778092,True,20.20775929141892,1.7022606521179433,True,False
2551.88,20447,t20447,300,250.0,80,2,5,0.6405974673658809,True,65.0506635298128,2.99686364669592,True,False
2551.92,20448,t20448,220,700.0,73,3,1,0.6470860650355047,False,170.50259043382374,2.224666456769964,False,False
2553.06,20459,t20459,170,500.0,48,5,4,0.6477052224503245,False,75.6662235423328,1.600961650366328,False,False
2554.49,20473,t20473,270,200.0,65,5,4,0.6441592998194997,True,57.950822374189414,2.774628469299957,True,False
2554.78,20480,t20480,120,75.0,38,2,5,0.643367699836745,True,9.458601570855496,1.3079639574731459,True,False
2554.99,20483,t20483,220,700.0,80,1,4,0.6377027447581992,False,148.82357233065173,2.120934043896708,False,False
2555.68,20488,t20488,270,900.0,84,7,6,0.6546160417920165,False,233.74388615705942,2.842343866993664,False,False
2555.71,20489,t20489,220,700.0,91,4,6,0.6498065440539623,False,128.0789132969497,2.2500381147225412,False,False
2556.27,20495,t20495,80,50.0,84,4,7,0.6643654076984348,True,4.065847051139417,0.7668925576999852,True,False
2556.31,20497,t20497,270,900.0,31,3,7,0.6399180896865249,False,275.71806752187166,2.9422991813697115,False,False
2557.38,20510,t20510,80,50.0,78,4,7,0.666660281362648,True,3.639730748130586,0.8201150013882244,True,False
2557.58,20514,t20514,270,200.0,50,5,1,0.625090370840331,False,57.83585167721883,2.6177406516395556,False,False
2557.71,20515,t20515,170,100.0,75,6,5,0.621585006813597,True,19.191881479536253,1.597333907268802,True,False
2558.03,20520,t20520,80,50.0,86,2,5,0.646082527658192,True,4.200639079859574,0.8564776670324072,True,False
2558.1,20521,t20521,80,50.0,25,4,7,0.6689092575535768,True,3.4428486769689464,0.8197747373676405,True,False
2559.07,20527,t20527,300,250.0,64,0,5,0.622834006459266,True,63.85826343165494,3.2983264530958776,True,False
2560.22,20532,t20532,220,150.0,26,5,4,0.6468582956412915,False,36.22148804274245,2.201833882808486,False,False
2560.54,20534,t20534,270,200.0,48,0,2,0.6344675826128174,False,49.05854997551593,2.833564324798163,False,False
2560.79,20535,t20535,170,100.0,82,7,4,0.6358321451353508,True,15.586777488884595,1.8202594404158114,True,False
2560.86,20537,t20537,120,75.0,58,4,6,0.6462185949910648,True,10.777371597020387,1.1098693300817961,True,False
2561.1,20542,t20542,170,100.0,84,6,2,0.6479110531310875,True,16.99741460374853,1.8446079262039614,True,False
2561.26,20543,t20543,80,50.0,84,4,6,0.6488764049094254,True,3.4993683001106737,0.8238968091856415,True,False
2561.83,20548,t20548,270,200.0,46,0,5,0.6258079929967473,True,44.18719677295028,2.607266967204321,True,False
2562.26,20555,t20555,300,1200.0,49,6,4,0.6550443305166774,False,388.13793611068854,2.9323066136760416,False,False
2562.53,20558,t20558,270,1000.0,37,6,4,0.6513516257245257,False,252.8122836181441,2.8183774983564214,False,False
2562.53,20559,t20559,170,100.0,29,3,1,0.6435525255529765,True,18.651856503213207,1.8097114536133228,True,False
2563.23,20563,t20563,270,200.0,86,2,5,0.6487430589232099,True,45.790900410967325,2.8228309884495575,True,False
2563.86,20566,t20566,170,700.0,95,5,6,0.6329871152162799,False,133.1677679085792,1.6970688946237034,False,False
2564.41,20567,t20567,300,250.0,54,7,5,0.642036923280933,False,87.2205805185301,2.8722513944410597,False,False
2564.92,20569,t20569,80,50.0,85,5,6,0.6297355547301361,True,4.342245683408979,0.851593397290526,True,False
2564.94,20570,t20570,220,150.0,28,6,2,0.6503834987351325,False,38.501505087059535,2.3087678150838866,False,False
2565.23,20572,t20572,220,150.0,88,2,5,0.6513503795629275,True,37.46803954926599,2.044267536268445,True,False
2565.89,20579,t20579,80,50.0,40,5,1,0.6218452300901911,True,3.5362223141707285,0.8063681515343483,True,False
2566.13,20584,t20584,300,250.0,26,0,5,0.628722499803479,False,85.10044589905806,2.8903440031955783,False,False
2567.05,20592,t20592,170,100.0,90,1,5,0.6381618946877219,True,17.91978789065495,1.6193010393648573,True,False
2567.17,20593,t20593,220,150.0,34,3,7,0.636376394559461,True,33.71309216142034,2.264592197038779,True,False
2567.41,20595,t20595,270,200.0,35,5,1,0.624838992155054,False,61.05671760573958,2.8745591835987403,False,False
2567.81,20598,t20598,300,250.0,71,3,6,0.6336294720011952,False,87.94143821303071,3.0404653462261857,False,False
2567.84,20599,t20599,300,1000.0,70,6,4,0.647732775028217,False,341.10577246117543,2.7984715881029203,False,False
2568.08,20600,t20600,270,900.0,36,4,6,0.6514810586294187,False,249.3554748329844,2.6094204565231816,False,False
2569.4,20608,t20608,170,100.0,89,0,5,0.6254047164740761,True,14.130889740301471,1.7957245020688177,True,False
2570.26,20612,t20612,80,50.0,49,6,2,0.6466324954270964,True,4.179784404660126,0.8370476277661011,True,False
2570.41,20613,t20613,220,150.0,75,0,1,0.6584641631997867,True,35.90843169891757,2.419157411580334,True,False
2570.44,20614,t20614,220,150.0,68,7,5,0.6386043666334962,True,28.57787822495841,2.3019284254598498,True,False
2570.87,20616,t20616,300,1200.0,82,0,5,0.6283272888112612,False,334.7458168857792,2.991859054069317,False,False
2571.86,20620,t20620,170,100.0,42,3,1,0.6462636568600987,True,17.81807293956104,1.5719444388813864,True,False
2572.59,20625,t20625,120,75.0,28,4,5,0.6767221726779413,True,9.900693419932683,1.245593476969783,True,False
2573.06,20627,t20627,170,100.0,92,6,2,0.6491305121852212,True,13.737858140870454,1.618600120380727,True,False
2573.59,20630,t20630,300,250.0,38,6,4,0.6441863013458345,False,86.01112290156465,3.114633590620924,False,False
2574.49,20636,t20636,220,150.0,48,1,4,0.634356871681217,True,27.658431388682764,2.2312413049978925,True,False
2574.99,20643,t20643,220,900.0,85,0,1,0.6608770617539729,False,205.14195051577582,2.1212850988263576,False,False
2575.46,20648,t20648,220,150.0,45,6,2,0.6515785686081835,True,38.32789383596777,2.193005179735301,True,False
2575.58,20649,t20649,80,50.0,32,2,6,0.6140205006522418,True,3.2734758981647847,0.8490258434789733,True,False
2576.66,20658,t20658,80,50.0,40,4,5,0.6787699110425643,True,3.8110329506819713,0.7766287964916485,True,False
2576.68,20659,t20659,80,50.0,75,3,1,0.6489205655410786,True,4.766551089568816,0.7666279612711213,True,False
2576.69,20660,t20660,300,1000.0,41,1,2,0.6338530635689422,False,254.15720537980727,3.1311244403835747,False,False
2577.26,20664,t20664,80,50.0,79,7,4,0.6386976840508256,True,4.3755358814829854,0.7244051024501402,True,False
2578.67,20674,t20674,170,100.0,35,6,5,0.6247354884955069,True,16.37804202115649,1.5541599720413641,True,False
2578.96,20678,t20678,270,200.0,95,1,5,0.640829323460634,False,50.777914059404004,2.826834582723639,True,False
2579.19,20681,t20681,170,100.0,50,4,5,0.6807766946398949,True,18.366464232611015,1.7525641140830193,True,False
2580.46,20687,t20687,80,50.0,79,1,5,0.637269403658088,True,3.445109082564282,0.7503376587595234,True,False
2582.51,20695,t20695,120,75.0,58,7,5,0.6414144611190081,True,7.681148245288464,1.119938284458464,True,False
2583.44,20700,t20700,170,100.0,78,3,6,0.6303650643793531,True,16.226994894868596,1.7492453865034872,True,False
2583.57,20701,t20701,120,75.0,56,2,6,0.6171707573058636,True,8.816165364221671,1.1013555281835923,True,False
2583.62,20702,t20702,270,200.0,50,4,5,0.6827433425652788,False,59.21395894187279,2.5826702888893456,False,False
2584.71,20707,t20707,270,200.0,68,7,6,0.650931902774358,True,59.12568970012643,2.47257201197716,True,False
2587.97,20722,t20722,170,100.0,90,7,4,0.6415059121879909,False,14.340688612990418,1.5485398107861883,True,False
2588.04,20723,t20723,170,100.0,46,2,5,0.6539055537898509,True,14.114984224538478,1.7152654520107213,True,False
2589.56,20729,t20729,170,100.0,45,7,5,0.6441683537148097,True,18.698227557608757,1.8477992747682601,True,False
2590.83,20737,t20737,170,100.0,66,6,5,0.6278229605437785,True,14.433864595416097,1.5437307078130376,True,False
2591.94,20744,t20744,170,700.0,83,5,4,0.6433293115466475,False,117.3374271155937,1.530921254716621,False,False
2592.33,20745,t20745,220,700.0,97,4,6,0.6478596192750121,False,161.24786814571758,2.3515612935876566,False,False
2593.42,20750,t20750,220,700.0,46,0,1,0.6570677023370751,False,151.30752550887192,2.0727748228462004,False,False
2593.92,20755,t20755,300,250.0,80,7,5,0.6468671684586954,True,69.73844801133178,3.1512755602001556,True,False
2595.48,20757,t20757,170,100.0,33,6,2,0.6539776639026865,False,19.308641114785704,1.773882570102106,True,False
2595.67,20759,t20759,80,50.0,32,0,5,0.6250174097017026,True,4.3639560432280415,0.8586442485616796,True,False
2596.76,20763,t20763,170,100.0,95,1,2,0.6305841841157451,True,19.66605301178568,1.8422326411907484,True,False
2597.14,20769,t20769,170,100.0,20,3,6,0.6333399449099479,True,15.021853982528555,1.82577253375271,True,False
2599.97,20776,t20776,300,250.0,71,1,5,0.639954682251593,False,76.18284318193867,3.1783815379448197,False,False
2604.56,20799,t20799,270,1000.0,26,3,1,0.6515243360484388,False,280.71081675729164,2.7242193215124804,False,False
2605.07,20803,t20803,300,250.0,34,1,4,0.6372519160657745,False,63.69376118116629,2.9533791266080542,False,False
2605.48,20806,t20806,220,150.0,34,1,2,0.633554682251612,False,29.559785360599612,2.041804425413137,True,False
2605.95,20809,t20809,270,900.0,61,1,2,0.6302917704247616,False,199.9472327523533,2.6380244208643138,False,False
2606.28,20812,t20812,220,150.0,66,4,7,0.6711132542206871,True,28.162367938628726,2.2848906565959695,True,False
2607.37,20816,t20816,170,100.0,99,0,1,0.6533345301085155,True,17.618931990369685,1.8340343151389238,True,False
2607.53,20818,t20818,220,700.0,75,5,6,0.6327230254537152,False,165.1827743211254,2.0924656947304454,False,False
2607.58,20820,t20820,270,200.0,56,6,5,0.6308486831510848,True,49.88441827365119,2.772294728948877,True,False
2607.58,20819,t20819,80,50.0,87,3,7,0.6390795333349385,True,4.267660493851308,0.8108443436229419,True,False
2608.03,20823,t20823,220,900.0,26,3,1,0.6479020311456519,False,188.70010503428128,2.135562281421737,False,False
2608.09,20824,t20824,220,150.0,84,4,6,0.6443106087076936,True,36.86067389173369,2.288199645093954,True,False
2609.06,20827,t20827,80,50.0,44,1,2,0.6270941168344483,True,4.75306809991874,0.8744631874773134,True,False
2609.76,20830,t20830,270,200.0,87,5,4,0.6398709071338964,True,55.65970186101529,2.846609418837943,True,False
2610.49,20836,t20836,270,200.0,43,0,2,0.6311864127787429,False,62.455099678517115,2.7910870509071337,False,False
2611.04,20837,t20837,220,150.0,50,1,2,0.6301344163159411,True,27.634414888590562,2.276290253440504,True,False
2611.08,20838,t20838,300,1200.0,40,6,2,0.6501547772912993,False,314.8091132859659,3.1966718310222895,False,False
2611.38,20841,t20841,80,50.0,52,4,6,0.6470065783517217,True,3.6013081250859647,0.7335653210394906,True,False
2611.94,20849,t20849,170,500.0,20,7,5,0.6495120069077033,False,76.34183226477587,1.5772464195385096,False,False
2612.3,20852,t20852,170,700.0,98,6,5,0.6338138913062449,False,138.9334687746433,1.7957430808481674,False,False
2613.98,20858,t20858,270,200.0,85,0,2,0.6279708663413498,True,48.26199576059685,2.8502954262535884,True,False
2614.39,20859,t20859,220,900.0,70,4,5,0.678496657532155,False,193.5099449907329,2.419384339839166,False,False
2615.04,20863,t20863,300,1000.0,81,2,5,0.6564096245322356,False,274.0351988091564,2.9564841799339616,False,False
2615.26,20865,t20865,120,75.0,92,4,7,0.6732731709544552,True,8.286207382650996,1.2056536826985418,True,False
2615.87,20869,t20869,220,150.0,44,5,1,0.6215988789786195,True,29.680986328983302,2.2720691309172767,True,False
2617.42,20879,t20879,170,700.0,57,4,5,0.6743349061996937,False,104.91233154634082,1.5858901100307434,False,False
2617.58,20880,t20880,270,200.0,27,7,6,0.6534954465370527,False,56.37830180657318,2.664269678473106,False,False
2618.49,20884,t20884,220,900.0,25,0,2,0.6309936308327047,False,217.44926688007482,2.0709275896898256,False,False
2619.83,20890,t20890,170,500.0,84,4,6,0.649648628602869,False,96.81181854642834,1.6209609369548776,False,False
2620.45,20893,t20893,80,50.0,95,4,7,0.6753898893535478,True,3.8448522365112368,0.8688273475843142,True,False
2620.64,20895,t20895,270,200.0,50,3,7,0.6417286093349064,False,52.67829985082766,2.45771858594874,False,False
2622.91,20905,t20905,220,700.0,82,4,7,0.6774642733846588,False,158.5261782119843,2.3278647449763388,False,False
2624.74,20915,t20915,270,200.0,55,6,4,0.6407107571370997,True,52.715753850686525,2.441962154802638,True,False
2625.0,20916,t20916,120,75.0,89,0,5,0.6279477281743353,True,7.448073249452122,1.0977241308916676,True,False
2625.97,20924,t20924,270,200.0,80,5,4,0.6426556708094003,True,58.97549620707878,2.847486292011444,True,False
2626.7,20928,t20928,300,1000.0,94,3,6,0.6362553278299309,False,298.1027356557658,3.2077503132804823,False,False
2627.24,20933,t20933,270,1000.0,94,5,1,0.6245975680657138,False,232.70075981461758,2.451200890648207,False,False
2630.0,20941,t20941,120,75.0,97,4,5,0.6702563898938817,True,8.295770588063942,1.1710757198870827,True,False
2630.34,20945,t20945,270,1000.0,34,2,6,0.620258008826413,False,244.71658578504983,2.7352107787951696,False,False
2630.84,20947,t20947,270,200.0,44,1,2,0.6331139098078041,False,62.32126783414643,2.592025450150802,False,False
2631.63,20952,t20952,170,500.0,61,6,4,0.6434787238125395,False,72.3813985227952,1.646355734941914,False,False
2632.34,20956,t20956,170,100.0,65,4,5,0.6724334439141858,False,15.956632613539858,1.5513207897913224,True,False
2633.37,20960,t20960,270,1000.0,97,6,4,0.6400173311544705,False,250.09559153548443,2.6009035192988006,False,False
2633.9,20963,t20963,170,500.0,43,0,2,0.6277819400342324,False,70.80679088997987,1.6479758452470996,False,False
2635.66,20970,t20970,170,100.0,87,3,6,0.6329384030915141,True,14.547258296615084,1.785084785781599,True,False
2635.66,20969,t20969,220,150.0,64,6,2,0.64640834841214,True,38.92243065288126,2.3522752473479294,True,False
2636.21,20973,t20973,80,50.0,95,7,4,0.6380839757624129,True,4.067329317309741,0.7827070272445034,True,False
2637.01,20975,t20975,300,1000.0,48,0,5,0.6308194402775152,False,350.70104182091114,3.1564376391634514,False,False
2638.76,20988,t20988,270,200.0,39,2,5,0.6526896138597728,False,56.4509908047845,2.603854497713794,False,False
2639.06,20991,t20991,80,50.0,84,0,2,0.6246344830517295,True,3.976126049115697,0.8506489318694131,True,False
2639.13,20993,t20993,170,100.0,81,1,2,0.6298598134298298,True,15.795021775306044,1.7166686647390825,True,False
2639.38,20995,t20995,170,100.0,73,4,5,0.668392956854084,True,15.913192617050115,1.734802020270026,True,False
2639.73,20998,t20998,220,700.0,68,3,1,0.6443521723409206,False,152.77345568173902,2.1216839048465155,False,False
